gene_id,Gene,log2FoldChange1,log2FoldChange2
ENSG00000138061,CYP1B1,-1.53707380009807,-0.91420321033907
ENSG00000106366,SERPINE1,-0.98167077865013,0.283641298188236
ENSG00000204388,HSPA1B,-0.914095927904257,-0.776524228048792
ENSG00000204389,HSPA1A,-0.93647289164957,-0.826241108845044
ENSG00000166923,GREM1,-1.62881578405611,-0.562214491895037
ENSG00000113739,STC2,-0.789018848617082,0.243185735108694
ENSG00000144583,MARCHF4,-1.66030323236407,-0.323213901978464
ENSG00000117394,SLC2A1,-0.583274522243833,0.20865343277571
ENSG00000108691,CCL2,-0.765563891657898,0.0066382811288714
ENSG00000006327,TNFRSF12A,-0.667014314826278,0.0357545169397148
ENSG00000198959,TGM2,-0.455305756379457,0.278039494277687
ENSG00000184009,ACTG1,-0.412154411604962,-0.062250624355476
ENSG00000178209,PLEC,-0.43970242331129,-0.0147345124605359
ENSG00000109971,HSPA8,-0.514351532774975,-0.399542438431141
ENSG00000163659,TIPARP,-0.688494681029713,-0.25008350926003
ENSG00000159176,CSRP1,-0.486282543641972,0.145470546361062
ENSG00000137801,THBS1,-0.734313972252841,-0.072628623208301
ENSG00000271303,SRXN1,-0.490845423269248,-0.400716796622503
ENSG00000070404,FSTL3,-0.459885848093454,-0.216337821453613
ENSG00000104419,NDRG1,-0.545717627937332,1.21389002682176
ENSG00000146674,IGFBP3,-0.428592610084224,0.602813649124258
ENSG00000117228,GBP1,-0.617911459389135,0.0289655700197961
ENSG00000134013,LOXL2,-0.434932448657942,-0.0121107071145997
ENSG00000003989,SLC7A2,0.631896043522037,0.352613407117138
ENSG00000100439,ABHD4,-0.515299107075519,-0.210411283977848
ENSG00000264230,ANXA8L1,-0.477948338585304,-0.111043661296578
ENSG00000196878,LAMB3,-0.414247630230696,0.110878850308537
ENSG00000265190,ANXA8,-0.477056461112635,-0.05632017001477
ENSG00000150938,CRIM1,-0.395345798430182,0.276621745682803
ENSG00000141232,TOB1,0.523704582812829,0.0831180175499889
ENSG00000196924,FLNA,-0.314721739617024,-0.08550616320756
ENSG00000112576,CCND3,-0.375985109875944,0.138781183012725
ENSG00000175793,SFN,-0.54227900059035,-0.748475645567973
ENSG00000127824,TUBA4A,-0.3580207796168,-0.20697013325633
ENSG00000177469,CAVIN1,-0.399912990825599,-0.164351207138801
ENSG00000103257,SLC7A5,-0.423304563339498,0.126824873484241
ENSG00000111642,CHD4,0.442210291645117,-0.310653494772135
ENSG00000058085,LAMC2,-0.367226742069559,-0.374619108258316
ENSG00000119922,IFIT2,-0.279734459083524,0.439082883373045
ENSG00000071127,WDR1,-0.339925660197109,-0.062730369261362
ENSG00000186480,INSIG1,-0.70846360818925,-0.671643565541401
ENSG00000035403,VCL,-0.311154628045666,-0.0369642119329544
ENSG00000138678,GPAT3,-0.681277206372205,-0.347081178204152
ENSG00000084710,EFR3B,-0.443461910494815,-0.159253846042766
ENSG00000166780,BMERB1,-0.504508534199052,0.23378387290414
ENSG00000133030,MPRIP,-0.362222900750793,0.131016616334627
ENSG00000089280,FUS,-0.312849158689377,-0.13843326011416
ENSG00000169213,RAB3B,-0.552780134241687,0.26456468566977
ENSG00000173706,HEG1,-0.387712313099925,0.0705878521683023
ENSG00000128335,APOL2,-0.441836685794873,0.20688529630416
ENSG00000147394,ZNF185,-0.616994233842886,-0.277197921855952
ENSG00000103335,PIEZO1,-0.334377884322738,0.0897813146020933
ENSG00000119917,IFIT3,-0.27735008946692,0.280006366693324
ENSG00000185567,AHNAK2,-0.281626796404025,0.194683519105627
ENSG00000139278,GLIPR1,-0.475980272986031,-0.287196233116493
ENSG00000100342,APOL1,-0.309298340409698,-0.0132220319686616
ENSG00000171345,KRT19,-0.405895899781798,0.117384122473668
ENSG00000062038,CDH3,-0.407424153573735,-0.238884170199034
ENSG00000168906,MAT2A,-0.357095465763213,0.313188575750976
ENSG00000130513,GDF15,0.72201664700422,1.08930127360651
ENSG00000125772,GPCPD1,0.522376257578815,0.78531394577042
ENSG00000137331,IER3,-0.382023195035063,0.182936440456837
ENSG00000175591,P2RY2,-0.523758073448943,0.165605643778697
ENSG00000129116,PALLD,-0.3209807701978,-0.240883595534375
ENSG00000172602,RND1,-0.484098348508181,0.287696059047052
ENSG00000067057,PFKP,-0.330973282013169,0.0383826089339359
ENSG00000174437,ATP2A2,-0.268619747542513,0.110050006306757
ENSG00000023445,BIRC3,-0.335951880730622,-0.00062320005073399
ENSG00000146376,ARHGAP18,0.710732119018226,0.244636824166346
ENSG00000131711,MAP1B,-0.281347720742731,-0.063436328810175
ENSG00000106804,C5,0.48267641065892,0.567588495791335
ENSG00000133216,EPHB2,-0.307576653967215,-0.0328158123175083
ENSG00000115414,FN1,-0.245248815435252,0.115418262112345
ENSG00000163870,TPRA1,-0.46262143060886,-0.226328328650707
ENSG00000130402,ACTN4,-0.293193584135138,0.108204544143856
ENSG00000130164,LDLR,-0.365398456263253,-0.244822516798413
ENSG00000072110,ACTN1,-0.267038938588536,0.0866847731023749
ENSG00000132470,ITGB4,-0.320579319256101,0.437788192118139
ENSG00000124102,PI3,-0.76157179087621,-0.626195918802164
ENSG00000005884,ITGA3,-0.256434975679763,0.268131962216024
ENSG00000164611,PTTG1,0.547965043467034,-0.736880447979324
ENSG00000149925,ALDOA,-0.263646659451508,-0.171849163302022
ENSG00000162645,GBP2,-0.621569874801826,0.216713567647254
ENSG00000138119,MYOF,-0.265615706155928,0.0665321960992659
ENSG00000085662,AKR1B1,-0.292707986894117,0.0642386828202282
ENSG00000172936,MYD88,-0.347582679191075,-0.022895586688181
ENSG00000146678,IGFBP1,-0.556080468510839,1.10450637332426
ENSG00000166532,RIMKLB,0.464115653832783,0.817230561759929
ENSG00000134294,SLC38A2,0.36351388542359,0.48834088288191
ENSG00000103187,COTL1,-0.26628606570761,-0.288722982194151
ENSG00000041982,TNC,-0.400151743133151,-0.465666036417426
ENSG00000164574,GALNT10,-0.258184756946004,-0.054026465271811
ENSG00000102144,PGK1,-0.276454264249698,-0.097759312295921
ENSG00000169715,MT1E,-0.947906781916541,-0.473547103911183
ENSG00000130589,HELZ2,-0.233275118782842,0.334970301115662
ENSG00000140538,NTRK3,0.437979296950515,0.268224290705312
ENSG00000178860,MSC,-0.450290984115433,0.0077568895320476
ENSG00000182704,TSKU,-0.277658753649593,0.110768376426921
ENSG00000100345,MYH9,-0.311133038775656,-0.091607455518644
ENSG00000127946,HIP1,0.501559519273503,-0.0423338887949219
ENSG00000074527,NTN4,-0.400213399645338,0.227834845954668
ENSG00000124201,ZNFX1,-0.261607042032535,0.167859545098451
ENSG00000011422,PLAUR,-0.34587768435721,-0.0225650016136228
ENSG00000108960,MMD,0.663340138167108,0.100558575858735
ENSG00000163975,MELTF,-0.338324100927402,-0.054389340372253
ENSG00000184254,ALDH1A3,-0.60731773133527,-0.441954590918579
ENSG00000162734,PEA15,-0.408748145326756,-0.253533558799577
ENSG00000203867,RBM20,0.798987565508348,0.41775900297263
ENSG00000175727,MLXIP,-0.270576970434002,0.0547467293922912
ENSG00000147100,SLC16A2,-0.436785565286632,-0.06824275255441
ENSG00000187193,MT1X,-0.58037603923036,0.272772554891805
ENSG00000167778,SPRYD3,-0.377565515508132,-0.154655093809196
ENSG00000168003,SLC3A2,-0.29563436114574,0.0427068460590671
ENSG00000119408,NEK6,-0.384289341058042,0.161991443356465
ENSG00000204616,TRIM31,0.633213587494716,0.537420306997775
ENSG00000215182,MUC5AC,-0.390785579741986,-0.0182496236939041
ENSG00000181649,PHLDA2,-0.611891489570643,-0.207950161212681
ENSG00000146648,EGFR,-0.237098433947303,0.285369892898456
ENSG00000187498,COL4A1,-0.37298893496593,-0.102996042511729
ENSG00000120875,DUSP4,-0.215033003673496,0.303456433353195
ENSG00000171848,RRM2,-0.264625449557547,-0.612394026667363
ENSG00000135924,DNAJB2,-0.438595220901839,0.194592922191516
ENSG00000221963,APOL6,-0.240433495449505,0.0983958600145473
ENSG00000078674,PCM1,0.376164313821875,0.0101721965819069
ENSG00000003402,CFLAR,-0.250112639549623,0.17544908873628
ENSG00000117724,CENPF,0.462676417648562,-0.418283611891522
ENSG00000117298,ECE1,-0.276563296290668,-0.075706606817516
ENSG00000142949,PTPRF,-0.269914111310102,0.117222174482471
ENSG00000133816,MICAL2,-0.331989176823513,0.37400148865394
ENSG00000189060,H1-0,0.41214321677301,-0.0296515851536357
ENSG00000114480,GBE1,-0.331320498557736,0.0568986708302392
ENSG00000197694,SPTAN1,-0.209116568993949,-0.056829737700435
ENSG00000147065,MSN,-0.191156331751374,-0.0400844022363129
ENSG00000160293,VAV2,-0.359248068490964,-0.055115912456583
ENSG00000166106,ADAMTS15,-0.756010766119366,-0.201401595117811
ENSG00000275395,FCGBP,-0.404915895653337,0.111629247359039
ENSG00000198431,TXNRD1,-0.268881046625502,-0.243541037207958
ENSG00000117262,GPR89A,-0.589956610346051,0.418091351405003
ENSG00000123358,NR4A1,0.521111455775554,0.529294439284002
ENSG00000103966,EHD4,-0.285561001919183,-0.0407297224358186
ENSG00000011304,PTBP1,-0.229963539401225,0.0236415264178458
ENSG00000173230,GOLGB1,0.373949889070206,0.188878351206312
ENSG00000140105,WARS1,-0.360010524477606,0.17348026709828
ENSG00000134321,RSAD2,-0.351630786811604,0.314360909819985
ENSG00000276043,UHRF1,-0.339276401852837,-0.344905896565941
ENSG00000086062,B4GALT1,-0.237515406983128,0.156282100750799
ENSG00000215472,RPL17-C18orf32,-10.6482898924125,11.1339559171526
ENSG00000140416,TPM1,-0.288012884279318,0.0765974610962308
ENSG00000170779,CDCA4,-0.395402928198719,-0.117223248722214
ENSG00000169174,PCSK9,-0.417211694969158,-0.195028611616573
ENSG00000130635,COL5A1,-0.270591289890393,-0.178965051349413
ENSG00000107719,PALD1,0.888187245346902,-0.207638069266214
ENSG00000162105,SHANK2,-0.29281869901276,0.636241226486459
ENSG00000243649,CFB,-0.294444687736604,0.15971952751093
ENSG00000085063,CD59,-0.304358408891439,-0.00457278929631
ENSG00000140519,RHCG,-0.565385927540237,0.270174676125421
ENSG00000204267,TAP2,-0.213241827528522,-0.101645501634808
ENSG00000242265,PEG10,0.353766337627783,0.125649495730296
ENSG00000206538,VGLL3,0.54873803956393,0.152088740574923
ENSG00000198855,FICD,-0.576210941808262,0.446489308463811
ENSG00000115419,GLS,-0.335135725246267,-0.062656756910449
ENSG00000159399,HK2,-0.461153847973427,0.213172802633092
ENSG00000158825,CDA,-0.446029486634575,0.285816498287342
ENSG00000116991,SIPA1L2,-0.385525301122637,-0.0277738375594118
ENSG00000142192,APP,-0.214659257407978,0.0169799034422277
ENSG00000168398,BDKRB2,0.515779580823967,0.687193452336314
ENSG00000162194,LBHD1,0.780644830207664,-0.436623453176952
ENSG00000114439,BBX,0.351740393599772,0.0484278237703721
ENSG00000287080,H3C3,-0.316025883708036,-0.224000478561742
ENSG00000167460,TPM4,-0.237773351988208,0.0638351499857037
ENSG00000105514,RAB3D,0.496091040033105,0.133354895845599
ENSG00000213626,LBH,-0.346481888570047,0.0844632610060905
ENSG00000102265,TIMP1,-0.292031047561311,0.132464648933386
ENSG00000162909,CAPN2,-0.223143477317927,-0.049744883674125
ENSG00000205420,KRT6A,-0.423450513286579,-0.354299023217141
ENSG00000108176,DNAJC12,0.65328360675588,0.245957720269002
ENSG00000170421,KRT8,-0.185316589247517,0.264816878937775
ENSG00000169184,MN1,-0.560914827909881,-0.203483712993412
ENSG00000151136,BTBD11,0.377129225165671,0.156596779450348
ENSG00000117139,KDM5B,0.349162508771968,0.142925496893599
ENSG00000167106,FAM102A,-0.361740119959156,0.147730876685928
ENSG00000067225,PKM,-0.173527677422029,-0.0235892631005249
ENSG00000131981,LGALS3,-0.372663452934583,0.0292181493148602
ENSG00000145632,PLK2,0.394124231674734,0.270253763523167
ENSG00000139625,MAP3K12,0.54420170853285,0.224579965454806
ENSG00000124813,RUNX2,-0.648395806741919,-0.167979110082922
ENSG00000106799,TGFBR1,-0.295543644063054,0.0939987703511833
ENSG00000144674,GOLGA4,0.343203232884038,0.126324896484131
ENSG00000250337,PURPL,0.432725056537343,0.451992126183108
ENSG00000113448,PDE4D,0.286088911614907,0.35697429235897
ENSG00000137440,FGFBP1,-1.09478578538343,-0.680624881219167
ENSG00000185483,ROR1,-0.5381136258836,-0.075133234271784
ENSG00000113369,ARRDC3,-0.259560184107686,-0.06720609434395
ENSG00000206190,ATP10A,-0.263404619708406,0.170167011543144
ENSG00000001167,NFYA,-0.356581571467095,-0.07315435371732
ENSG00000138772,ANXA3,-0.348140365865382,0.143266053472413
ENSG00000050165,DKK3,-0.312519754243512,-0.094855901801451
ENSG00000004468,CD38,-0.282572051501978,0.126875776702647
ENSG00000100353,EIF3D,-0.223757612311318,0.0286852425647809
ENSG00000118849,RARRES1,-0.381619828583527,0.407631180238457
ENSG00000158528,PPP1R9A,0.406776059535319,0.0692362288597228
ENSG00000240972,MIF,-0.272684459345504,-0.0060671238489554
ENSG00000188486,H2AX,-0.357557950456312,-0.418458332765755
ENSG00000006704,GTF2IRD1,0.565328066840538,0.167362246743366
ENSG00000103044,HAS3,-0.358387882925668,-0.0363475601408698
ENSG00000186814,ZSCAN30,0.915812790065598,0.270360490057281
ENSG00000162599,NFIA,0.316350135727969,0.140132719514471
ENSG00000128973,CLN6,-0.245765383040035,-0.072009765844423
ENSG00000115355,CCDC88A,0.386666160846548,0.051762348614978
ENSG00000105926,PALS2,0.493810935465276,-0.163337058258101
ENSG00000288920,RPSAP58,-0.462499116655198,0.26867936987627
ENSG00000187240,DYNC2H1,0.46735582964108,0.0029465827105819
ENSG00000182197,EXT1,-0.220701566737467,0.0122549552086733
ENSG00000258947,TUBB3,-0.273330618014906,-0.490426231002553
ENSG00000168016,TRANK1,-0.239944525338713,0.262108819470953
ENSG00000145390,USP53,0.429259514499437,0.234886899830687
ENSG00000188157,AGRN,-0.203493278880268,0.172044247272298
ENSG00000146166,LGSN,0.402580110152642,0.391093972578874
ENSG00000111799,COL12A1,-0.231537092379575,0.185934395076984
ENSG00000076641,PAG1,-0.650671961531652,0.413241156440572
ENSG00000176014,TUBB6,-0.356024040792091,-0.232846133772765
ENSG00000104880,ARHGEF18,-0.31646716922794,0.216536262380464
ENSG00000078018,MAP2,-0.295699588423429,-0.021427681430885
ENSG00000188092,GPR89B,0.652427728658958,-0.606546756887478
ENSG00000155849,ELMO1,0.852945542121611,0.376558877860375
ENSG00000099812,MISP,-0.218355377022115,0.187812595518445
ENSG00000162073,PAQR4,-0.390875127491651,-0.35967192736155
ENSG00000006118,TMEM132A,-0.22206142503789,0.182630184863757
ENSG00000162302,RPS6KA4,-0.339468775702322,-0.14157818344664
ENSG00000153162,BMP6,-0.388681838089166,0.516064365505992
ENSG00000138356,AOX1,-0.401402221396661,0.541228992997352
ENSG00000137804,NUSAP1,0.432024087011362,-0.674740683675069
ENSG00000164543,STK17A,0.403636030302989,0.106509195821596
ENSG00000059804,SLC2A3,0.552861625399165,0.761536044786132
ENSG00000136802,LRRC8A,-0.276001024544706,0.0257382934934792
ENSG00000166510,CCDC68,0.686725987777468,0.214537883230822
ENSG00000122863,CHST3,-0.297537246143398,-0.061756966179528
ENSG00000073417,PDE8A,0.316428836737173,0.264371524908769
ENSG00000112541,PDE10A,NA,NA
ENSG00000076685,NT5C2,-0.23553678359852,0.0521072783457396
ENSG00000167566,NCKAP5L,0.509263642660835,0.137329516928474
ENSG00000124882,EREG,-0.215253446683091,-0.302313212836567
ENSG00000092820,EZR,-0.23192053085791,0.0403226095019906
ENSG00000169710,FASN,-0.207992417768155,-0.159268326803363
ENSG00000184292,TACSTD2,-0.482023162616182,-0.13648553714958
ENSG00000277775,H3C7,-0.416471762826038,-0.207813269684529
ENSG00000109321,AREG,-0.384646058356225,-0.271473203929501
ENSG00000137767,SQOR,-0.287238766332422,0.0950353168832954
ENSG00000104368,PLAT,-0.562578997035034,-0.349169771405152
ENSG00000205250,E2F4,-0.251205416584908,0.119186710109048
ENSG00000172159,FRMD3,-0.3421123120134,0.334676356940188
ENSG00000003137,CYP26B1,0.475275082512387,0.230476854419737
ENSG00000158106,RHPN1,0.653829300322648,0.45730233946763
ENSG00000167772,ANGPTL4,-0.409576327175097,0.297304362364887
ENSG00000138623,SEMA7A,-0.551195296208371,-0.278675646184467
ENSG00000105974,CAV1,-0.216878265354824,-0.227875877416093
ENSG00000188064,WNT7B,-0.229533758649463,0.0718373053408717
ENSG00000136068,FLNB,-0.209523291079133,0.144734818961919
ENSG00000005007,UPF1,-0.225176191990109,-0.0137414909671747
ENSG00000172183,ISG20,-0.220739791804135,0.0419068628373059
ENSG00000134369,NAV1,-0.274657398347129,-0.130940975091781
ENSG00000141959,PFKL,-0.264532889237474,0.0946301720426014
ENSG00000288825,H2AC18,-0.308507509797528,-0.235573404356175
ENSG00000152952,PLOD2,-0.257102589130024,0.0753922622504114
ENSG00000130707,ASS1,-0.462013634165251,0.343662213643726
ENSG00000163083,INHBB,-0.345349936098632,0.189486115793041
ENSG00000143641,GALNT2,-0.246945638759325,-0.086122569672702
ENSG00000135919,SERPINE2,-0.37623131988552,-0.186524068397454
ENSG00000101265,RASSF2,0.448150004407377,-0.217000137811706
ENSG00000127129,EDN2,-1.53901215713324,0.100040299471979
ENSG00000156011,PSD3,0.337030654034104,0.269100781757309
ENSG00000131389,SLC6A6,-0.218788344860866,-0.0209392486772383
ENSG00000120708,TGFBI,-0.174173284943123,-0.205949163981713
ENSG00000066322,ELOVL1,-0.253321116780645,-0.108154882945113
ENSG00000169992,NLGN2,0.408271164729261,0.197902494209668
ENSG00000169504,CLIC4,-0.25034397220691,0.161164582001789
ENSG00000104221,BRF2,-0.546574234645526,-0.0474555210893862
ENSG00000137486,ARRB1,0.475104987540754,0.236985051578942
ENSG00000138642,HERC6,-0.250732532234645,-0.109079739102164
ENSG00000169813,HNRNPF,-0.199560079546084,-0.0347276440755354
ENSG00000074047,GLI2,-0.327949669512299,-0.218415948116771
ENSG00000166508,MCM7,-0.227011422904,-0.316795979036045
ENSG00000168077,SCARA3,-0.300683819167739,-0.386203095345915
ENSG00000238741,SCARNA7,0.719048129420916,-0.884350562547576
ENSG00000102038,SMARCA1,0.400726584600461,0.134030337689524
ENSG00000073111,MCM2,-0.285629884106587,-0.341011867867293
ENSG00000118939,UCHL3,0.679470127373919,-0.381041576514549
ENSG00000131876,SNRPA1,0.455619893199774,-0.0186338456195548
ENSG00000196576,PLXNB2,-0.17059061030515,0.240578304657888
ENSG00000120833,SOCS2,-0.593193540850765,-0.0032441562177298
ENSG00000163131,CTSS,-0.292525987002439,-0.074145545913185
ENSG00000146072,TNFRSF21,-0.243283832235622,0.0099984883736491
ENSG00000163430,FSTL1,-0.191235885906774,-0.295260751968657
ENSG00000185033,SEMA4B,-0.23347634595204,0.229645444742605
ENSG00000166801,FAM111A,-0.218290292898033,-0.190841924851725
ENSG00000064042,LIMCH1,-0.187097221637958,0.369764594247425
ENSG00000126787,DLGAP5,0.504281016111877,-0.706403777091659
ENSG00000240694,PNMA2,0.389301506121582,-0.0438287385449218
ENSG00000162738,VANGL2,0.833260370967874,0.0905635555550857
ENSG00000119681,LTBP2,-0.250428339510474,0.0855080453155218
ENSG00000223703,IGSF3P2,-0.632804838612432,-0.365121028500211
ENSG00000166165,CKB,-0.320431358673326,-0.29571844054756
ENSG00000144452,ABCA12,0.710245664095004,0.0876398103323875
ENSG00000277443,MARCKS,0.348102804908262,0.181503408249729
ENSG00000129226,CD68,-0.316114234575748,-0.282226730293078
ENSG00000102531,FNDC3A,-0.192863837352324,0.335891328753197
ENSG00000182934,SRPRA,-0.223457898164819,0.0270175958102971
ENSG00000183793,NPIPA5,1.51970305067552,0.18087298949744
ENSG00000184979,USP18,-0.24663832292012,0.0367698027769269
ENSG00000135480,KRT7,-0.231158409105952,-0.070838302704435
ENSG00000142798,HSPG2,-0.183819377916006,0.203585109504471
ENSG00000245532,NEAT1,0.420266280241204,0.751118861877642
ENSG00000109072,VTN,-0.262862354497526,0.394909321378642
ENSG00000006756,ARSD,-0.334913059803363,0.234743858968678
ENSG00000106211,HSPB1,-0.208260749603608,-0.4116127762114
ENSG00000035862,TIMP2,-0.200212545522596,0.0739571475068518
ENSG00000170558,CDH2,-0.250803542057136,-0.197428978325947
ENSG00000082781,ITGB5,-0.199076188416298,0.211124537189707
ENSG00000148926,ADM,-0.383970541719615,0.648617272179478
ENSG00000121578,B4GALT4,-0.293668655950808,-0.0168559227380711
ENSG00000157214,STEAP2,0.379909702419158,0.369178618777227
ENSG00000157193,LRP8,-0.355558866648821,-0.352425234383238
ENSG00000180530,NRIP1,0.293717137098723,0.0974407561837566
ENSG00000131203,IDO1,-0.431461459512936,0.0187898792813561
ENSG00000125148,MT2A,-0.272923283494193,-0.764661766389796
ENSG00000145907,G3BP1,-0.198712731009649,-0.0398466013311732
ENSG00000179242,CDH4,-0.436711479259593,-0.397302611941274
ENSG00000181634,TNFSF15,0.541436280200362,0.935991564292015
ENSG00000204256,BRD2,-0.180765870102754,0.189900930114561
ENSG00000135318,NT5E,-0.282180304124848,-0.0085537462187678
ENSG00000158286,RNF207,0.5465449710642,0.272975135722464
ENSG00000141526,SLC16A3,-0.202341253315582,0.0745304248077759
ENSG00000070614,NDST1,-0.24411115392976,0.124768565955175
ENSG00000165650,PDZD8,0.292420372644264,0.279517545010988
ENSG00000181381,DDX60L,-0.169013193940412,0.107214606002554
ENSG00000115306,SPTBN1,-0.179479902445954,0.170010359932493
ENSG00000144366,GULP1,0.446490399569013,0.397673329234033
ENSG00000283041,LOC729998,-0.266123835041022,0.11119269088283
ENSG00000129422,MTUS1,0.301534341077346,0.335667458496821
ENSG00000079999,KEAP1,-0.297150734407133,-0.0223220399560133
ENSG00000105559,PLEKHA4,-0.295632212543226,0.13402940209961
ENSG00000166073,GPR176,-0.697028758252257,-0.069032249319841
ENSG00000182718,ANXA2,-0.159173747025793,-0.149256129808328
ENSG00000131437,KIF3A,0.491171699445079,-0.079339119058842
ENSG00000103222,ABCC1,-0.176297269692861,0.0355546929955374
ENSG00000071282,LMCD1,-0.415424506559209,-0.145279705891365
ENSG00000164307,ERAP1,-0.252433364275362,-0.147779058173015
ENSG00000157657,ZNF618,-0.239699497786402,-0.0275501875834828
ENSG00000125266,EFNB2,-0.40343084359205,-0.0498820978112528
ENSG00000105289,TJP3,0.615873441451863,0.482866850348578
ENSG00000111077,TNS2,0.491340616836054,0.148494320730059
ENSG00000124145,SDC4,-0.237849163740722,0.0025732378202717
ENSG00000117983,MUC5B,-0.228082297200453,0.734321867625014
ENSG00000150961,SEC24D,-0.242782831946499,-0.0249760748106057
ENSG00000038382,TRIO,-0.1856535907356,0.136518189560304
ENSG00000132639,SNAP25,0.328188134265679,0.413303248594048
ENSG00000173918,C1QTNF1,-0.239749979246483,0.367397677228945
ENSG00000173193,PARP14,-0.137326820022608,-0.0076571993808581
ENSG00000182378,PLCXD1,0.400066675073443,0.261616394782394
ENSG00000168502,MTCL1,-0.279501898829342,0.194597911983422
ENSG00000152137,HSPB8,-0.478975775296947,0.098421409693098
ENSG00000072571,HMMR,0.434318226542086,-0.565179458981975
ENSG00000170385,SLC30A1,-0.265527234949296,0.41791345740813
ENSG00000221867,MAGEA3,-0.495878261491585,0.0991172334995958
ENSG00000041880,PARP3,-0.345383724442709,0.19133652534346
ENSG00000084652,TXLNA,-0.18102510085604,0.0200966753299051
ENSG00000091490,SEL1L3,-0.209692427745138,0.0577837200047065
ENSG00000173821,RNF213,-0.135331061263981,0.0549218830123769
ENSG00000148346,LCN2,-0.193383139356339,-0.071965047213683
ENSG00000169499,PLEKHA2,0.469873740875958,-0.077216458817424
ENSG00000160209,PDXK,-0.20204049964018,0.14191724342051
ENSG00000094804,CDC6,-0.258293652125719,-0.284148082279864
ENSG00000126934,MAP2K2,-0.213165197599951,0.344986519538304
ENSG00000185507,IRF7,-0.24808122328011,0.207524876912587
ENSG00000124942,AHNAK,-0.182758709651765,-0.084509202115531
ENSG00000197646,PDCD1LG2,-0.867193581074579,0.121084440026096
ENSG00000288859,H2AC19,-0.282126293560837,-0.268228726858139
ENSG00000139697,SBNO1,0.303093336633649,-0.0089343705010074
ENSG00000241553,ARPC4,-0.203068184955052,-0.0417116868172807
ENSG00000162654,GBP4,-0.37523865123709,-0.092567977207977
ENSG00000167513,CDT1,-0.332607311165745,-0.320282497344453
ENSG00000153294,ADGRF4,-0.366396293386462,0.113756727230816
ENSG00000253671,MTUS1-DT,0.441959911907959,0.541252293300137
ENSG00000164741,DLC1,0.450434136995776,0.035332173081386
ENSG00000115902,SLC1A4,-0.279093853966314,-0.178152657496356
ENSG00000111087,GLI1,0.649082876683981,0.384099848298169
ENSG00000104064,GABPB1,-0.288060558082327,-0.12272558698246
ENSG00000126247,CAPNS1,-0.158256257142144,-0.0161165536029241
ENSG00000275410,HNF1B,-0.343989600633822,0.109342317082517
ENSG00000198899,ATP6,0.337522446405222,-0.589532650197962
ENSG00000166333,ILK,-0.278313591397385,0.0515001405629072
ENSG00000174738,NR1D2,0.474636518867443,0.509087297777956
ENSG00000163840,DTX3L,-0.160506059265697,0.0467425597620537
ENSG00000179950,PUF60,-0.185861050803242,0.0271013267314003
ENSG00000129003,VPS13C,0.258707413951924,0.25634493962464
ENSG00000053747,LAMA3,-0.187283939340401,-0.132888091028918
ENSG00000166592,RRAD,-0.777953571686584,0.0854052122591837
ENSG00000183098,GPC6,-0.299012743100246,0.14971188442877
ENSG00000213928,IRF9,-0.381600234800327,0.0873694166307451
ENSG00000164251,F2RL1,-0.251774985752098,0.132769708093132
ENSG00000066136,NFYC,-0.273980867441652,0.0766860658193264
ENSG00000132326,PER2,-0.312640656310152,0.815772175671712
ENSG00000135269,TES,-0.250630593702958,0.0813594675664086
ENSG00000233369,GTF2IP4,0.475205829477472,0.250720650904106
ENSG00000105568,PPP2R1A,-0.153953363317047,-0.0168357080823613
ENSG00000274070,CASTOR2,0.321490275478578,0.0060219570927908
ENSG00000147403,RPL10,-0.192604482936543,-0.0023878518369969
ENSG00000182253,SYNM,-0.220515594594322,-0.129710996726335
ENSG00000126391,FRMD8,-0.367780081515364,0.0777463441319176
ENSG00000138162,TACC2,0.325159845246248,0.468012424213913
ENSG00000239306,RBM14,-0.19474544141039,-0.0442288514197935
ENSG00000162636,FAM102B,-0.383054657392624,0.0992355898348618
ENSG00000156508,EEF1A1,-0.18120443707592,-0.0300596498574926
ENSG00000204592,HLA-E,-0.176986275008671,-0.0440978850606097
ENSG00000145012,LPP,-0.188928375185705,0.23346333568362
ENSG00000029993,HMGB3,0.285532359838351,-0.139902789945535
ENSG00000141736,ERBB2,0.309347931869227,-0.0222656445848424
ENSG00000129595,EPB41L4A,0.454570514107457,0.237035081707824
ENSG00000167747,C19orf48,-0.213451056078646,-0.064156480137293
ENSG00000185088,RPS27L,0.326550106681894,0.0571071511594263
ENSG00000261150,EPPK1,-0.296063426063546,-0.0452814437364094
ENSG00000134874,DZIP1,0.372773619814895,0.0399640349939922
ENSG00000120885,CLU,-0.169513256738394,-0.0451099718978576
ENSG00000072682,P4HA2,-0.207263237003378,-0.254056262860821
ENSG00000147130,ZMYM3,0.369060918274017,0.0392835239120664
ENSG00000127914,AKAP9,0.394861531773493,0.125896187068468
ENSG00000152953,STK32B,-0.417592192483874,0.119139834833079
ENSG00000135679,MDM2,0.271572497348376,0.420817817699964
ENSG00000164976,MYORG,-0.270336325947306,0.327236111067785
ENSG00000185900,POMK,-0.23762033156355,0.0201758589924455
ENSG00000013364,MVP,-0.158254156693538,0.220660995503711
ENSG00000145860,RNF145,0.345070763501846,0.47500515319355
ENSG00000109475,RPL34,-0.220235068534484,0.0825997031690099
ENSG00000113758,DBN1,0.319812747822661,-0.098250542574022
ENSG00000126457,PRMT1,-0.240148515068298,0.170835321418512
ENSG00000139613,SMARCC2,0.319018306337462,-0.064838366917781
ENSG00000164111,ANXA5,-0.210120421051725,-0.070289111253505
ENSG00000101439,CST3,-0.207301239941936,-0.0067956733470835
ENSG00000183281,PLGLB1,0.943302831739988,0.0730082009289001
ENSG00000149418,ST14,-0.343257816344191,-0.204822506186044
ENSG00000063438,AHRR,-1.72842783293531,1.2323530610571
ENSG00000159403,C1R,-0.183906939140236,0.0732936355734547
ENSG00000183287,CCBE1,-0.770117065109804,-0.227623860387374
ENSG00000115221,ITGB6,-0.34289169431506,-0.358843885402259
ENSG00000108852,MPP2,0.814612592818056,-0.367435990891967
ENSG00000137460,FHDC1,-0.470323746829467,-0.249457566037584
ENSG00000101412,E2F1,-0.282543113780346,-0.105495948662499
ENSG00000177954,RPS27,0.467608692011003,-0.545795582946359
ENSG00000064393,HIPK2,-0.169067470045787,-0.109299122689473
ENSG00000101608,MYL12A,-0.259412365208334,-0.054767092931775
ENSG00000184949,FAM227A,0.694675419822948,-0.054723061195096
ENSG00000112096,SOD2,-0.230893749057875,0.548044051981161
ENSG00000008083,JARID2,-0.266524714411545,-0.0131913377555384
ENSG00000039319,ZFYVE16,0.321170034284171,0.067221852694639
ENSG00000132535,DLG4,0.610190969760847,0.392430423213169
ENSG00000119655,NPC2,-0.214619815564374,-0.176090714442927
ENSG00000049759,NEDD4L,0.336790434505454,0.292258200776469
ENSG00000107968,MAP3K8,0.353089911247745,0.467163682308652
ENSG00000135074,ADAM19,-0.249258941661661,0.117148692981409
ENSG00000063660,GPC1,-0.196972712549502,-0.254589282095928
ENSG00000132274,TRIM22,-0.198429405661342,0.189333120815949
ENSG00000165806,CASP7,-0.214268699967326,-0.0190285360826943
ENSG00000076928,ARHGEF1,0.301803006644875,0.0906863082860861
ENSG00000159388,BTG2,0.635879912609129,0.151000812795642
ENSG00000164164,OTUD4,-0.185732606803876,0.0914910963118235
ENSG00000112183,RBM24,0.514113637451768,0.306865284445018
ENSG00000143156,NME7,0.458085545875943,-0.088709172478052
ENSG00000272414,FAM47E-STBD1,-0.53770021197757,0.104808253937225
ENSG00000077097,TOP2B,0.28614513698535,0.0431464692901947
ENSG00000198695,ND6,0.422885790912255,-0.561463115520187
ENSG00000168078,PBK,0.479800721509816,-0.562491215791918
ENSG00000176142,TMEM39A,-0.262168186467381,0.155883853714006
ENSG00000108448,TRIM16L,-0.15686935664154,0.0251397135895736
ENSG00000124225,PMEPA1,-0.186577013768477,0.269812958030391
ENSG00000188807,TMEM201,-0.340677865409376,-0.192234209715594
ENSG00000137409,MTCH1,-0.220215246516309,0.0298148231278369
ENSG00000115091,ACTR3,-0.154866145915582,0.103405194033142
ENSG00000136003,ISCU,0.406105492451301,-0.00022649687556989
ENSG00000182326,C1S,-0.172147191197792,0.103921920957604
ENSG00000111859,NEDD9,0.266145383682837,0.347785536954485
ENSG00000136881,BAAT,0.629877618418994,0.172284711700138
ENSG00000133740,E2F5,0.447846432680018,-0.08191026618877
ENSG00000166831,RBPMS2,0.887935620638226,-0.185926343026178
ENSG00000155850,SLC26A2,-0.325895192435664,0.170036858946568
ENSG00000100297,MCM5,-0.199780105207613,-0.323921586571459
ENSG00000138778,CENPE,0.449798985430581,-0.456962289912466
ENSG00000116016,EPAS1,0.232725770569474,0.443200515809478
ENSG00000158710,TAGLN2,-0.142172570068134,-0.353687277374999
ENSG00000277363,SRCIN1,0.778151283857904,0.310311189539472
ENSG00000105404,RABAC1,-0.326216735663224,-0.00966454009431809
ENSG00000144063,MALL,-0.185785705747423,0.136983918494686
ENSG00000176697,BDNF,0.424654689649986,0.217854731720539
ENSG00000134333,LDHA,-0.1196116838573,0.0210524872791564
ENSG00000113504,SLC12A7,-0.188003719301046,0.223320976028118
ENSG00000167767,KRT80,-0.244532622498123,-0.0091446922729422
ENSG00000075624,ACTB,-0.25918346246722,-0.068197567186047
ENSG00000101057,MYBL2,-0.22583816247684,-0.424207679649083
ENSG00000156875,MFSD14A,-0.241774720440542,0.128966236468323
ENSG00000117984,CTSD,-0.206538752879954,0.0942905915015537
ENSG00000143816,WNT9A,-0.575776446731274,-0.599709737319216
ENSG00000085224,ATRX,0.263144491870881,0.188696630447231
ENSG00000181027,FKRP,-0.315600645580286,0.389078543571821
ENSG00000173110,HSPA6,-1.46125306463174,-0.104679539209156
ENSG00000157823,AP3S2,-0.267505531187182,0.0756221014025922
ENSG00000128245,YWHAH,-0.228329562785071,-0.172723307187124
ENSG00000163435,ELF3,-0.173422177760181,0.277388206335425
ENSG00000168487,BMP1,-0.166764481093017,0.0083640910567986
ENSG00000174684,B4GAT1,0.488367723566175,-0.18218074276567
ENSG00000172534,HCFC1,-0.174914532297646,-0.0150442772665384
ENSG00000136352,NKX2-1,-0.49952987572634,-0.534486705589157
ENSG00000115756,HPCAL1,-0.206582167817031,0.0073888882252842
ENSG00000138448,ITGAV,-0.178471641622038,0.12587365987686
ENSG00000172270,BSG,-0.149154382243629,0.138477901874262
ENSG00000160888,IER2,-0.20205741058935,0.102375064417985
ENSG00000169689,CENPX,-0.252946069223945,-0.221319492961427
ENSG00000145703,IQGAP2,0.317943552747712,0.534522114216638
ENSG00000164086,DUSP7,-0.349754357984311,-0.0465179534821577
ENSG00000105220,GPI,-0.120131313662966,-0.0274773929440235
ENSG00000110047,EHD1,-0.180008156983525,0.0486603649543115
ENSG00000168496,FEN1,-0.307803495756586,-0.247714269240782
ENSG00000158125,XDH,-0.360013591531141,0.280461785897399
ENSG00000149591,TAGLN,-0.357637698113633,-0.824514475427479
ENSG00000082641,NFE2L1,-0.166186264854292,-0.017117913082564
ENSG00000189057,FAM111B,-0.280719374770795,-0.352833242595333
ENSG00000133026,MYH10,0.34961226607558,-0.094694734345246
ENSG00000100401,RANGAP1,-0.169361765219621,-0.056333378171599
ENSG00000140961,OSGIN1,-0.27755373168241,-0.053725714761735
ENSG00000074416,MGLL,-0.173831315802308,0.176533746436426
ENSG00000184985,SORCS2,-0.530251327303451,0.345857069424013
ENSG00000175866,BAIAP2,-0.313180436904536,0.0484493820445015
ENSG00000091136,LAMB1,-0.132096750109289,0.19923756941727
ENSG00000101665,SMAD7,-0.332375076680849,0.149935128237685
ENSG00000088538,DOCK3,0.534377007713353,0.228158582831668
ENSG00000083845,RPS5,-0.190054173994668,0.0165970439374994
ENSG00000116260,QSOX1,-0.176003794399496,-0.174172281589227
ENSG00000132481,TRIM47,-0.231768615990809,-0.105439579145321
ENSG00000148400,NOTCH1,-0.257844735642589,-0.109578989440567
ENSG00000166523,CLEC4E,-0.859802722931144,0.111494109731598
ENSG00000161547,SRSF2,-0.246426983031496,0.0861702490382845
ENSG00000162413,KLHL21,-0.305630007767834,0.120475066914044
ENSG00000106266,SNX8,-0.295174867099033,-0.0092016782263986
ENSG00000186197,EDARADD,0.567220682714048,0.301911652935621
ENSG00000163814,CDCP1,-0.1891938274477,0.353818042407914
ENSG00000165704,HPRT1,-0.243915204723888,-0.179290048408684
ENSG00000066279,ASPM,0.316617185743049,-0.384272215606313
ENSG00000154229,PRKCA,-0.192066842924296,0.169484540055543
ENSG00000185722,ANKFY1,-0.148409091466529,0.140724463120861
ENSG00000184557,SOCS3,-0.236461333239317,0.0947253971316029
ENSG00000159263,SIM2,-0.411839660004075,-0.471370746509324
ENSG00000115415,STAT1,-0.143625387043905,0.0166428544348511
ENSG00000175166,PSMD2,-0.149729592682227,0.0376319307623049
ENSG00000180596,H2BC4,-0.243144723577018,-0.13794328090939
ENSG00000131236,CAP1,-0.133405019456581,-0.064618863662954
ENSG00000120217,CD274,-0.320557054805643,0.246368365017865
ENSG00000105810,CDK6,-0.165588522005334,-0.0385906029743416
ENSG00000163681,SLMAP,0.285423513993852,0.0628405522453556
ENSG00000166889,PATL1,-0.163931584441621,0.166107560420952
ENSG00000073756,PTGS2,0.259495595602729,0.594958998182528
ENSG00000183780,SLC35F3,-0.521060726338573,0.380289110797425
ENSG00000138821,SLC39A8,-0.335992573183387,0.49347906486697
ENSG00000133657,ATP13A3,-0.20347772343752,0.203473927628169
ENSG00000168394,TAP1,-0.17918334686739,-0.0102441255065129
ENSG00000142611,PRDM16,1.05294654300533,-0.272609358852812
ENSG00000123992,DNPEP,-0.202408229442177,0.159178026477751
ENSG00000167191,GPRC5B,0.414523428305025,0.247709119003712
ENSG00000044115,CTNNA1,-0.169062999468637,-0.101069855694386
ENSG00000183853,KIRREL1,-0.175626171300056,-0.0196519081932048
ENSG00000184897,H1-10,0.376337289815976,-0.359703427916974
ENSG00000089127,OAS1,-0.153286250926604,0.0106898232587514
ENSG00000188167,TMPPE,-0.338237169146256,0.093137391814209
ENSG00000178038,ALS2CL,-0.380108351613086,0.369035509685782
ENSG00000165891,E2F7,-0.297735724867064,-0.349239527979357
ENSG00000165983,PTER,-0.311992602571385,0.0872247625769718
ENSG00000132002,DNAJB1,-0.227322590450376,-0.176351405277688
ENSG00000127947,PTPN12,0.262237158461793,0.369164900404631
ENSG00000131446,MGAT1,-0.165874608295328,0.105474314934564
ENSG00000145819,ARHGAP26,0.283713345257653,0.229846559699969
ENSG00000008405,CRY1,-0.487578874445034,0.434578590983399
ENSG00000116133,DHCR24,-0.164782107661925,-0.396970307879984
ENSG00000110057,UNC93B1,-0.188442191709794,0.173881062623386
ENSG00000129988,LBP,-0.541008458444314,0.344823747826872
ENSG00000166145,SPINT1,-0.284182465693507,0.282007834453635
ENSG00000140807,NKD1,0.535813921368525,0.576942815129825
ENSG00000114554,PLXNA1,-0.191973191914282,-0.093245898288546
ENSG00000240342,RPS2P5,-0.297443672059413,-0.070342165217601
ENSG00000116852,KIF21B,0.514116826454248,0.109019192445514
ENSG00000165912,PACSIN3,0.548022483310597,-0.271279499333305
ENSG00000162366,PDZK1IP1,-0.256919675320988,-0.25912884791676
ENSG00000108984,MAP2K6,0.344202430531793,0.278535085200471
ENSG00000135119,RNFT2,0.395493353532837,-0.123959944642455
ENSG00000181218,H2AW,-0.383381870373131,-0.0148829479271166
ENSG00000252481,SCARNA13,0.528323691609147,-0.666685223846307
ENSG00000107338,SHB,0.276384447028753,0.388509944289936
ENSG00000154358,OBSCN,0.325675593685235,0.322250955563484
ENSG00000114268,PFKFB4,-0.262719328796144,0.463979634239485
ENSG00000144426,NBEAL1,0.307078668764627,0.188268788081646
ENSG00000131153,GINS2,-0.292207717821667,-0.487376493546528
ENSG00000108846,ABCC3,-0.138387648951673,0.449485772910208
ENSG00000123977,DAW1,-1.15744519266057,0.43611133742588
ENSG00000197858,GPAA1,-0.170287146767372,0.0705687383465211
ENSG00000198108,CHSY3,-0.88133005476192,0.198324914289585
ENSG00000134744,TUT4,0.321065729995256,0.0879155450760202
ENSG00000087088,BAX,0.329213005410807,0.0485479687106903
ENSG00000113141,IK,0.351782958498478,-0.276985671509953
ENSG00000213853,EMP2,-0.221860152342529,-0.33714795351031
ENSG00000274290,H2BC6,-0.230128574038178,-0.196356780447126
ENSG00000214050,FBXO16,0.793336313846654,0.0376403103772738
ENSG00000153944,MSI2,0.337420225931541,0.306463021870661
ENSG00000115268,RPS15,-0.25997611543098,0.215790915107331
ENSG00000244274,DBNDD2,0.640335597577078,-0.0453456222659909
ENSG00000278771,RN7SL3,0.736535386854394,-0.716470019713543
ENSG00000160199,PKNOX1,-0.39109512250568,-0.002382005381618
ENSG00000142634,EFHD2,-0.204910562186281,0.0545460048449648
ENSG00000070413,DGCR2,-0.189202512939218,0.133501355553584
ENSG00000171298,GAA,-0.178573804643856,0.2180850745299
ENSG00000117525,F3,-0.445585688376597,-0.0152659399000487
ENSG00000115525,ST3GAL5,0.368732878615987,0.3271930004011
ENSG00000175505,CLCF1,-0.243078660228935,0.179660218522236
ENSG00000126215,XRCC3,-0.269043390604679,-0.394227857139523
ENSG00000188554,NBR1,0.300850049523948,0.0542862610311673
ENSG00000108641,B9D1,0.403451611965976,0.178336182336493
ENSG00000116661,FBXO2,-0.492423957562689,0.441822308679669
ENSG00000180921,FAM83H,-0.161950938395619,0.126904790586883
ENSG00000011454,RABGAP1,0.303309433584769,0.123035241244536
ENSG00000040341,STAU2,0.356962464777071,-0.031847730739093
ENSG00000166922,SCG5,-1.01675599709334,-0.0067023957514123
ENSG00000205730,ITPRIPL2,-0.14569273066861,0.0518706437505179
ENSG00000123485,HJURP,-0.210431197357652,-0.517677497820071
ENSG00000261824,LINC00662,0.39304988794821,0.221940424548006
ENSG00000143811,PYCR2,-0.217757538267286,-0.0425383872636356
ENSG00000174233,ADCY6,0.296078673800409,0.125286122535419
ENSG00000134324,LPIN1,-0.215460358645602,-0.169583424769077
ENSG00000129255,MPDU1,-0.205394795923294,-0.111899265295885
ENSG00000124357,NAGK,-0.25608276352042,0.204958783907244
ENSG00000144369,FAM171B,0.528236304683469,0.213233444364555
ENSG00000078061,ARAF,-0.175153034047145,0.0167143413574359
ENSG00000162496,DHRS3,0.304160039118643,0.325863012744382
ENSG00000118707,TGIF2,0.479720583734818,0.0236548613748177
ENSG00000166396,SERPINB7,-0.432386665311102,-0.412750138511311
ENSG00000058262,SEC61A1,-0.163647528859576,0.01919606240321
ENSG00000164619,BMPER,-0.34918532951493,0.332961838494309
ENSG00000126777,KTN1,0.266075703209872,-0.054066549455147
ENSG00000272398,CD24,0.238911168527365,0.155660405274487
ENSG00000088367,EPB41L1,0.292744486901967,0.0797067712740733
ENSG00000213977,TAX1BP3,-0.190202956863267,-0.110010076705205
ENSG00000099260,PALMD,0.741140333483001,-0.0936801370066
ENSG00000196159,FAT4,-0.500189575417404,0.215134150105657
ENSG00000110880,CORO1C,-0.196092390296878,0.0260642652525094
ENSG00000205323,SARNP,0.499014808494074,-0.377913194877723
ENSG00000075223,SEMA3C,-0.206447261543751,0.246249863355235
ENSG00000168066,SF1,-0.15762143520544,0.0522876050448386
ENSG00000150093,ITGB1,-0.112513778744687,0.0613880239468174
ENSG00000119986,AVPI1,0.34779225301369,0.398071856845561
ENSG00000049246,PER3,-0.543218775091084,1.1933492999644
ENSG00000144893,MED12L,1.02451996691186,-0.436826571736675
ENSG00000143452,HORMAD1,0.644570914945219,0.179381150600288
ENSG00000162729,IGSF8,-0.293588169710594,0.164385244991333
ENSG00000104738,MCM4,-0.175928686292409,-0.443804536923387
ENSG00000142227,EMP3,-0.16156195181568,-0.358416765993921
ENSG00000143401,ANP32E,0.346092490153469,-0.312992007640215
ENSG00000130517,PGPEP1,0.563939251267816,0.165408610303908
ENSG00000172403,SYNPO2,0.422949111477583,0.305805300003825
ENSG00000169188,APEX2,-0.221580090843244,-0.069780037060558
ENSG00000181513,ACBD4,0.490336179224861,0.268786846143201
ENSG00000135968,GCC2,0.332967761687498,0.1622678578538
ENSG00000140526,ABHD2,-0.136113968585108,-0.08952666899789
ENSG00000167658,EEF2,-0.127057909104326,0.0192049344585182
ENSG00000099917,MED15,-0.192370386780313,0.0952981896414849
ENSG00000117594,HSD11B1,-0.855211794287823,-0.667233706111235
ENSG00000141753,IGFBP4,-0.155984561698915,0.0835004413219901
ENSG00000198774,RASSF9,0.432313832527026,0.518210399672845
ENSG00000108829,LRRC59,-0.160550408902431,-0.05005471838857
ENSG00000117226,GBP3,-0.261642484083021,0.0140237355737222
ENSG00000111331,OAS3,-0.11068323944584,0.0176006321841092
ENSG00000172590,MRPL52,0.498468452395064,-0.209887497889636
ENSG00000143473,KCNH1,-0.8148673107199,0.448043033595189
ENSG00000173786,CNP,-0.147305690364864,0.0402690310727988
ENSG00000131871,SELENOS,-0.207631174695384,-0.0214942968726877
ENSG00000140350,ANP32A,0.270874876260489,-0.230851113270147
ENSG00000092853,CLSPN,-0.219347490566226,-0.37146753740786
ENSG00000149212,SESN3,0.434187917434812,0.175794315656298
ENSG00000164647,STEAP1,0.326471230091096,0.112234659258944
ENSG00000085733,CTTN,-0.132246902012071,0.167344295312817
ENSG00000174791,RIN1,-0.442970310833297,-0.125331492397731
ENSG00000196154,S100A4,-0.181518075399708,-0.210397786685809
ENSG00000093009,CDC45,-0.317200573095326,-0.153129102807945
ENSG00000106144,CASP2,-0.174486858476518,-0.369764140592539
ENSG00000107863,ARHGAP21,-0.150140738179808,0.123176452468296
ENSG00000177731,FLII,-0.159747035001454,0.0695728883674351
ENSG00000081026,MAGI3,0.317398099699614,0.0434107683057194
ENSG00000238227,TMEM250,-0.228943982661281,0.141536238988845
ENSG00000178607,ERN1,0.346845237120607,0.505232429486916
ENSG00000164114,MAP9,0.467389166279616,0.0099505794438681
ENSG00000165389,SPTSSA,0.369408500830384,0.209441951783888
ENSG00000142961,MOB3C,-0.319953705051376,0.144856531658257
ENSG00000100387,RBX1,-0.251799434860701,0.0153829474246431
ENSG00000065308,TRAM2,-0.172544928387715,0.0194267498543396
ENSG00000067248,DHX29,0.293523538655088,-0.055505010029867
ENSG00000105971,CAV2,-0.229728683458696,-0.0462197615071536
ENSG00000178764,ZHX2,0.475486324451023,0.24195698579381
ENSG00000171530,TBCA,0.38242626625135,-0.306798082845481
ENSG00000173064,HECTD4,0.237818084077341,0.125218724650134
ENSG00000102908,NFAT5,0.251883608016496,0.571283478254091
ENSG00000120709,FAM53C,NA,NA
ENSG00000164808,SPIDR,0.290509375582216,-0.0132107502796605
ENSG00000108312,UBTF,-0.158030453055045,-0.153310164454553
ENSG00000006453,BAIAP2L1,0.275400815473481,0.068346483382984
ENSG00000068079,IFI35,-0.17853403722705,0.014651115697278
ENSG00000118407,FILIP1,0.428221952744325,0.571209848655741
ENSG00000060491,OGFR,-0.168048955738551,0.0196608942971017
ENSG00000136153,LMO7,-0.199295347900879,0.2882412253708
ENSG00000133466,C1QTNF6,0.369909651181579,0.289743589365581
ENSG00000112578,BYSL,-0.233097084588566,0.0055696351788881
ENSG00000240771,ARHGEF25,0.612998813175861,0.29899550132563
ENSG00000138182,KIF20B,0.327758806774491,-0.352579059200511
ENSG00000155366,RHOC,-0.193876393838521,0.0621498934120434
ENSG00000027075,PRKCH,0.476992531906695,0.248838753215571
ENSG00000128191,DGCR8,-0.205918432495184,0.0681214181631301
ENSG00000123384,LRP1,-0.188847084221557,0.396739361280392
ENSG00000006210,CX3CL1,0.822381894506423,0.12687839232414
ENSG00000185477,GPRIN3,0.244311144022651,0.352048066073765
ENSG00000164985,PSIP1,0.390513072384107,-0.28915742301267
ENSG00000172037,LAMB2,-0.189060432778181,0.502603309118914
ENSG00000139514,SLC7A1,-0.168718177246676,0.0843483634849439
ENSG00000125740,FOSB,-1.15681539338282,0.609988194257254
ENSG00000144468,RHBDD1,-0.252711553303198,0.111145284030661
ENSG00000105486,LIG1,-0.222791570207593,-0.152420242493828
ENSG00000135148,TRAFD1,-0.178220509908031,0.0265656512099348
ENSG00000148843,PDCD11,-0.140827645106281,-0.0149642208766877
ENSG00000101076,HNF4A,0.286971826558817,0.170503897948689
ENSG00000119729,RHOQ,0.267876995729078,0.36357638950482
ENSG00000119523,ALG2,-0.249831770044459,0.0423230036378706
ENSG00000142784,WDTC1,0.360027099667274,0.104805129567454
ENSG00000080845,DLGAP4,-0.187315378594264,0.0392777330632683
ENSG00000082146,STRADB,0.431422066856,-0.150888805374685
ENSG00000147852,VLDLR,-0.216695017691877,0.188125284196627
ENSG00000198796,ALPK2,-0.207517072013736,0.21368841282175
ENSG00000008517,IL32,-0.303474385848325,0.105175507242101
ENSG00000183486,MX2,-0.174635070587184,-0.077593042525504
ENSG00000178982,EIF3K,-0.159859088980592,0.0812977846441696
ENSG00000117859,OSBPL9,0.259641298718663,0.250240446062077
ENSG00000189221,MAOA,0.442981679713067,0.20739470627278
ENSG00000175550,DRAP1,-0.264818237208844,-0.26387790870735
ENSG00000163479,SSR2,-0.133774569129797,-0.0488239143883881
ENSG00000137522,RNF121,-0.211203387634904,-0.0228896664007989
ENSG00000002587,HS3ST1,-0.506107057443496,0.150442037381549
ENSG00000076555,ACACB,-0.215629434292082,0.285744956153243
ENSG00000112972,HMGCS1,-0.24825088059671,-0.33726586619339
ENSG00000160410,SHKBP1,-0.213978839724146,0.19507420356709
ENSG00000054267,ARID4B,0.299289350731288,0.0082420744025018
ENSG00000181789,COPG1,-0.129956454465576,0.0523797448699665
ENSG00000177192,PUS1,-0.211489137874618,0.172524554252386
ENSG00000159840,ZYX,-0.158603530257139,-0.072267753123526
ENSG00000170439,METTL7B,0.493770147140003,-0.217826129370134
ENSG00000090020,SLC9A1,-0.217744725538077,0.176575075921702
ENSG00000012822,CALCOCO1,0.405552292203265,0.495858157037099
ENSG00000167601,AXL,-0.119204298276218,0.238044533917634
ENSG00000167515,TRAPPC2L,-0.330189017711635,0.0377456526311866
ENSG00000002549,LAP3,-0.116223527310408,0.0413864376061673
ENSG00000047346,FAM214A,0.346731992652297,0.259723864017534
ENSG00000137496,IL18BP,-0.287176254070665,0.00424454181815821
ENSG00000157796,WDR19,0.444441672063524,0.11922191495559
ENSG00000142669,SH3BGRL3,-0.291107201920905,-0.266487796877136
ENSG00000165209,STRBP,0.388401505273008,-0.061563332754993
ENSG00000152795,HNRNPDL,0.29288970859898,-0.050725658574136
ENSG00000153292,ADGRF1,-0.360245500597395,-0.250091549730095
ENSG00000275620,FLJ16779,-0.679198171864464,0.752869825683442
ENSG00000135414,GDF11,0.507669177918125,-0.444069140899706
ENSG00000140464,PML,-0.136161365105043,0.094551593301088
ENSG00000135365,PHF21A,0.323100673174089,0.154211108898925
ENSG00000110108,TMEM109,-0.17995899047414,-0.193922945708972
ENSG00000104081,BMF,-0.593448002533333,-0.35944626026849
ENSG00000133393,CEP20,0.333634104636174,-0.209329183097494
ENSG00000106571,GLI3,-0.633860330994604,-0.321468367180081
ENSG00000143320,CRABP2,-0.156590528989847,-0.156673727446714
ENSG00000248527,MTATP6P1,0.370217995920495,-0.595058825690107
ENSG00000160182,TFF1,-0.667478036967205,-0.196030916156643
ENSG00000172572,PDE3A,0.240166562477274,0.274752207651843
ENSG00000103489,XYLT1,-0.572289413390398,0.330169079715492
ENSG00000196586,MYO6,0.329323575682209,0.0176575474218625
ENSG00000239002,SCARNA10,0.611308954582526,-0.649870662344714
ENSG00000184454,NCMAP,1.38781354509061,0.272681497992048
ENSG00000125726,CD70,0.757100754322577,0.458850828355703
ENSG00000005882,PDK2,0.438398386513124,-0.0286257445884493
ENSG00000182795,C1orf116,-0.281149404606421,0.33572609749484
ENSG00000144857,BOC,0.596397948871873,0.0858300896838184
ENSG00000067369,TP53BP1,0.267891549483968,-0.0201015691411388
ENSG00000138668,HNRNPD,0.293842885048956,-0.264765679866557
ENSG00000088543,C3orf18,0.756546371220004,0.0800296227109363
ENSG00000026025,VIM,-0.11537916285891,-0.422230680181866
ENSG00000032219,ARID4A,0.357211211645198,0.0053034775489629
ENSG00000185825,BCAP31,-0.164543634794263,0.0948730229077515
ENSG00000067064,IDI1,-0.28867548681601,-0.574553601847886
ENSG00000107890,ANKRD26,0.330378855286719,-0.00079626615187819
ENSG00000272620,AFAP1-AS1,-0.22694551101068,-0.541611265451729
ENSG00000101216,GMEB2,-0.316266114132893,0.234644344718012
ENSG00000179913,B3GNT3,-0.282743522835173,0.204492146271106
ENSG00000124177,CHD6,0.239930418852575,0.183608198462709
ENSG00000179674,ARL14,-0.783861417245205,-0.576935717405399
ENSG00000111962,UST,0.552245589813041,0.0871242420044902
ENSG00000244405,ETV5,0.306264506509147,0.0839504906104375
ENSG00000242372,EIF6,-0.239885685235738,-0.0073506982663444
ENSG00000165929,TC2N,0.350567817205915,0.368266674035717
ENSG00000150687,PRSS23,-0.182599284466491,0.054654580998226
ENSG00000198464,ZNF480,0.319548893870576,0.0118993278113262
ENSG00000151611,MMAA,-0.620831263291739,0.326173209951335
ENSG00000181577,C6orf223,-0.352313579012348,0.120002213954189
ENSG00000105447,GRWD1,-0.183957138704212,0.0352296073361116
ENSG00000083857,FAT1,-0.104397103114089,0.0890500099212562
ENSG00000159023,EPB41,0.342238448659587,0.211028401538582
ENSG00000260280,SLX1B-SULT1A4,-0.505592372734453,0.339230021868187
ENSG00000110092,CCND1,-0.135156251726568,-0.072342557708031
ENSG00000146859,TMEM140,-0.248703433744032,0.359311947448542
ENSG00000143126,CELSR2,0.28597116878001,0.201587916940661
ENSG00000169136,ATF5,-0.276583983971354,-0.251308974025717
ENSG00000063177,RPL18,-0.206566779365299,-0.059645793226011
ENSG00000083535,PIBF1,0.471300856715287,-0.186256689399028
ENSG00000224287,MSL3P1,0.432685976717738,-0.233319562657817
ENSG00000125354,SEPTIN6,0.381961133335937,-0.050306582145199
ENSG00000006283,CACNA1G,0.525173174346576,0.152595680360362
ENSG00000128602,SMO,0.431869539662836,-0.058986635723933
ENSG00000231527,FAM27C,NA,NA
ENSG00000278677,H2AC17,-0.161941794981965,-0.391155908525112
ENSG00000052749,RRP12,-0.189143670961747,0.133696859463395
ENSG00000127564,PKMYT1,-0.343443789790214,-0.222787458714858
ENSG00000176619,LMNB2,-0.178304444619006,-0.246405789944843
ENSG00000164061,BSN,-0.912912661698899,0.520450580908962
ENSG00000116030,SUMO1,0.344250959068584,-0.061401512006508
ENSG00000142677,IL22RA1,-0.339221139957016,-0.0162001614268771
ENSG00000100266,PACSIN2,-0.150058405425341,0.0536042811840135
ENSG00000105327,BBC3,0.424802811974032,0.365052341330732
ENSG00000100227,POLDIP3,-0.178974298487119,-0.0240016076271911
ENSG00000185499,MUC1,-0.352423692329449,0.281657644109636
ENSG00000187210,GCNT1,-0.380198483499768,-0.267361510648346
ENSG00000116701,NCF2,-0.416907003450341,-0.183439032453294
ENSG00000115109,EPB41L5,0.368080524548252,-0.088517987094696
ENSG00000089682,RBM41,0.358895116307373,0.133056369230818
ENSG00000142156,COL6A1,-0.275415364982114,0.171121081049957
ENSG00000069188,SDK2,0.519850833728592,0.606728662582758
ENSG00000049656,CLPTM1L,-0.164645414648177,0.0173472441391515
ENSG00000247556,OIP5-AS1,0.266378890042114,0.122764801916473
ENSG00000112118,MCM3,-0.172177264020365,-0.268893401090889
ENSG00000166313,APBB1,0.402655512388267,-0.055789093307937
ENSG00000128309,MPST,0.289269756378909,0.0433809879728617
ENSG00000132846,ZBED3,0.43537762674819,0.0772538293733109
ENSG00000184702,SEPTIN5,1.61381349629746,-0.644162328364619
ENSG00000137076,TLN1,-0.103690670564157,0.122914754881291
ENSG00000273590,LOC102723553,1.25436956901732,0.0608916986436316
ENSG00000105613,MAST1,1.11591758668498,-0.289168368482678
ENSG00000131187,F12,0.61479059097685,-0.313892040535135
ENSG00000106246,PTCD1,-0.232573989631379,0.19379201851043
ENSG00000196136,SERPINA3,-0.318637071430015,-0.781641775935306
ENSG00000029153,ARNTL2,-0.2596082674952,-0.0140449454523574
ENSG00000030582,GRN,-0.20361576729617,0.111742817175568
ENSG00000115267,IFIH1,-0.140165111178999,0.126832645835807
ENSG00000188015,S100A3,-0.332304667408733,-0.325605671052109
ENSG00000273213,H3-7,0.608376900869068,-0.614658416477224
ENSG00000153132,CLGN,0.466783783375902,0.238177817211677
ENSG00000171246,NPTX1,-0.30225095388862,-0.094320577236203
ENSG00000080189,SLC35C2,-0.198618846027251,0.33248908751098
ENSG00000092330,TINF2,-0.209798033362613,-0.0288640053402623
ENSG00000111846,GCNT2,0.321561346998346,0.161110966903944
ENSG00000136720,HS6ST1,-0.225607730843645,-0.0357987574660261
ENSG00000123240,OPTN,-0.167108961611483,0.133679625010881
ENSG00000127463,EMC1,-0.135440000423397,0.140738033832333
ENSG00000134755,DSC2,-0.27732218627706,-0.324638971409521
ENSG00000172366,MCRIP2,0.457801885790237,-0.0130717355893115
ENSG00000151651,ADAM8,-0.234329850603892,-0.099465085942687
ENSG00000121073,SLC35B1,-0.191908044760149,0.205993915580533
ENSG00000166444,DENND2B,0.391403810170222,-0.0133927982725403
ENSG00000183421,RIPK4,-0.240272637204257,0.0936356044266643
ENSG00000169248,CXCL11,-0.632008411869924,-0.119265511000193
ENSG00000205937,RNPS1,-0.116429005448543,0.017735863683613
ENSG00000165527,ARF6,-0.141996543123117,-0.065538913850824
ENSG00000140853,NLRC5,-0.140780133002151,0.324153054329269
ENSG00000139266,MARCHF9,0.486157607619092,0.283172505322021
ENSG00000126524,SBDS,-0.222603238308597,-0.055531474459052
ENSG00000150593,PDCD4,0.366689546574589,0.113319321629218
ENSG00000086061,DNAJA1,-0.180576937561019,-0.192501738257904
ENSG00000047410,TPR,0.239018559430235,0.0387692728630405
ENSG00000092969,TGFB2,0.29840305204888,0.435025856889516
ENSG00000139192,TAPBPL,-0.237837592291695,-0.0398998163680971
ENSG00000090924,PLEKHG2,0.264595611811527,0.269283802559302
ENSG00000068885,IFT80,0.38503930442912,0.29653002390573
ENSG00000171435,KSR2,-0.556502778974792,-0.073009595543371
ENSG00000101849,TBL1X,0.288081137718798,0.0927707322472718
ENSG00000065328,MCM10,-0.226617075877026,-0.241307191325224
ENSG00000079385,CEACAM1,-0.234506741034258,0.315658769221989
ENSG00000139718,SETD1B,-0.178322707261113,-0.072845228440589
ENSG00000181444,ZNF467,0.608208259281341,0.477580478587014
ENSG00000128833,MYO5C,0.272911877165283,0.043899253768787
ENSG00000121671,CRY2,-0.383588931604845,0.353150974144207
ENSG00000185950,IRS2,0.269373511777366,0.499674945713036
ENSG00000133703,KRAS,0.272400068870085,0.101555682626099
ENSG00000020129,NCDN,-0.239061967075451,0.0618931903154919
ENSG00000109107,ALDOC,-0.391526781147028,-0.549547507749232
ENSG00000161513,FDXR,0.389704720902939,0.238039055528643
ENSG00000162517,PEF1,-0.200333115294588,0.0103758732032609
ENSG00000259207,ITGB3,-0.761134745257927,0.454980207620959
ENSG00000157654,PALM2AKAP2,-0.15582496514309,0.177190964631339
ENSG00000134504,KCTD1,-0.19823529140366,-0.0327914918097987
ENSG00000184216,IRAK1,-0.121679963212912,-0.0022337746667072
ENSG00000167815,PRDX2,-0.279098852496944,-0.34137461366977
ENSG00000185339,TCN2,-0.257728901655751,0.0345095863980625
ENSG00000103034,NDRG4,0.449289938149372,-0.107059258696225
ENSG00000134871,COL4A2,-0.123590632514158,-0.124981915202409
ENSG00000116649,SRM,-0.208306343949078,-0.0494644266178751
ENSG00000182871,COL18A1,-0.158982677183341,-0.0135646590527525
ENSG00000160789,LMNA,-0.129829116951604,-0.123724010443605
ENSG00000157456,CCNB2,0.301888387361652,-0.564014111210539
ENSG00000176845,METRNL,-0.564971944322249,0.333681832615963
ENSG00000161091,MFSD12,-0.159482290974015,0.0037638483289187
ENSG00000184470,TXNRD2,-0.294103897353652,0.0675492743482198
ENSG00000237807,LINC02984,-0.598986368391956,0.338863676763907
ENSG00000158417,EIF5B,0.279391868277207,-0.155169783523656
ENSG00000104093,DMXL2,0.260586911458388,0.199291906446668
ENSG00000135862,LAMC1,-0.130821550062346,0.0808994134257002
ENSG00000129173,E2F8,-0.387188986882355,-0.282557194225223
ENSG00000006534,ALDH3B1,-0.165845893212431,0.348289899736858
ENSG00000108179,PPIF,-0.165942220922365,-0.0447456059049206
ENSG00000147010,SH3KBP1,-0.209491444298466,-0.076692145222017
ENSG00000120756,PLS1,0.349370947943564,0.137555742212261
ENSG00000056097,ZFR,-0.137247326922356,0.173971316204001
ENSG00000187957,DNER,-0.476771926971093,0.169056748774018
ENSG00000137501,SYTL2,-0.20396877448653,0.152479989449342
ENSG00000047457,CP,-0.147152805652826,0.225101553256931
ENSG00000117500,TMED5,-0.166174711994641,0.226744554069525
ENSG00000134815,DHX34,-0.231861371763856,0.0853850490233236
ENSG00000101158,NELFCD,-0.313534278294976,0.0144689279931065
ENSG00000134970,TMED7,-0.213341095451497,0.297369191286693
ENSG00000214063,TSPAN4,-0.147897707439387,0.225678941707798
ENSG00000096433,ITPR3,-0.114684857389801,0.280471073212812
ENSG00000145734,BDP1,0.242388390925869,0.0904533284562525
ENSG00000088986,DYNLL1,-0.184332915278992,-0.203510296113476
ENSG00000171161,ZNF672,-0.223779999830567,0.0091778605725386
ENSG00000115840,SLC25A12,0.341622202637753,-0.074367245406781
ENSG00000166275,BORCS7,-0.467079326088486,0.418894785663572
ENSG00000007968,E2F2,-0.311288693614712,-0.120860990154446
ENSG00000115594,IL1R1,-0.165074636447467,0.092522107295299
ENSG00000226479,TMEM185B,-0.177789712336958,0.161809218045485
ENSG00000115504,EHBP1,0.237713401456311,0.254204299798643
ENSG00000185361,TNFAIP8L1,0.560333239161745,-0.52977644303916
ENSG00000186019,ZNF225-AS1,-1.07588792275587,0.491392227011876
ENSG00000162975,KCNF1,-0.644698540700451,0.109681526409155
ENSG00000115652,UXS1,-0.202538787156223,0.116138191177106
ENSG00000268460,LOC93429,-0.464038256099961,0.0314229939610826
ENSG00000167703,SLC43A2,0.564544732501926,-0.412303653865319
ENSG00000105738,SIPA1L3,-0.122768831195407,0.164963556139914
ENSG00000198910,L1CAM,-0.29336263724127,0.0800926507516689
ENSG00000133794,ARNTL,0.336468768939853,-0.414962658873072
ENSG00000173559,NABP1,0.296359039805351,0.542374835143361
ENSG00000141441,GAREM1,-0.266010840771785,0.119520329507137
ENSG00000164292,RHOBTB3,0.309658913419872,-0.138868143766046
ENSG00000135932,CAB39,-0.164684119564842,0.0883914851634394
ENSG00000102034,ELF4,-0.190507704813565,-0.120677641408705
ENSG00000104885,DOT1L,-0.21712061259613,0.214918201220422
ENSG00000159259,CHAF1B,-0.244956359467091,-0.305244474338435
ENSG00000174672,BRSK2,0.576804651785233,0.0731081058119086
ENSG00000174485,DENND4A,0.30832188755253,0.329209207617068
ENSG00000049239,H6PD,-0.161545889445255,0.283914030698089
ENSG00000164587,RPS14,-0.162176255544882,-0.009111149310035
ENSG00000134769,DTNA,-0.870842801637731,-0.051613844471838
ENSG00000197111,PCBP2,-0.102921282759332,0.0917758964130532
ENSG00000158402,CDC25C,0.505165130812142,-0.63304521680076
ENSG00000157851,DPYSL5,0.53228227884343,-0.180865843217741
ENSG00000141449,GREB1L,-0.486562787827072,0.259426064400125
ENSG00000161970,RPL26,-0.123836142219401,0.0276544183210195
ENSG00000213064,SFT2D2,-0.115458334052317,-0.017453426398178
ENSG00000112139,MDGA1,-0.300572878100763,-0.089928674701836
ENSG00000064205,CCN5,-0.388344516414793,0.00338756871205791
ENSG00000233276,GPX1,-0.138201146589777,-0.102561765345097
ENSG00000117280,RAB29,0.429343615250426,0.372638736131818
ENSG00000187720,THSD4,-0.136540222734168,0.464587463661808
ENSG00000120254,MTHFD1L,-0.21189153229894,0.303113659378162
ENSG00000205426,KRT81,-0.179232789332659,-0.0075050884564923
ENSG00000223960,CHROMR,-0.178758649250978,0.0491667845849175
ENSG00000085185,BCORL1,0.322755763067034,-0.15214317726794
ENSG00000170608,FOXA3,0.936358047552691,0.286202996102262
ENSG00000005981,ASB4,0.410735007888854,0.263736010013206
ENSG00000148297,MED22,-0.220812026359647,-0.090978283516745
ENSG00000145730,PAM,-0.192299248369218,0.0563484865987191
ENSG00000134954,ETS1,-0.209171997867969,0.0821142386182318
ENSG00000180071,ANKRD18A,0.424699992614016,0.158864736549727
ENSG00000071082,RPL31,-0.163587826632322,0.0995651365790883
ENSG00000171603,CLSTN1,-0.125085154350224,0.0604658848766417
ENSG00000101311,FERMT1,-0.178103809681686,-0.007330682902738
ENSG00000160803,UBQLN4,0.238736035606449,-0.074657468086825
ENSG00000152127,MGAT5,-0.164836667049847,0.0837062156392587
ENSG00000188290,HES4,-0.285652765293324,0.323176042163612
ENSG00000166946,CCNDBP1,0.399595986017437,-0.0118445773225528
ENSG00000073150,PANX2,-0.357996372373016,0.0168594208525992
ENSG00000174371,EXO1,-0.268598379252092,-0.27939623078114
ENSG00000136942,RPL35,-0.1621659915447,-0.0294351074140133
ENSG00000135404,CD63,-0.133100946961788,-0.0268826810356861
ENSG00000197324,LRP10,-0.142485096202583,0.103127602329403
ENSG00000197119,SLC25A29,0.33139972642817,-0.138913726160867
ENSG00000130706,ADRM1,-0.183154065717984,-0.0443325328819727
ENSG00000078369,GNB1,-0.122208431061845,0.0226790482527845
ENSG00000198743,SLC5A3,-0.201197159019574,0.145414889891569
ENSG00000182944,EWSR1,-0.151264022299399,0.0914389429997109
ENSG00000135250,SRPK2,0.268815307992955,0.0414382095282191
ENSG00000178971,CTC1,0.304605929474359,0.31943732486831
ENSG00000092929,UNC13D,-0.185894118801029,0.156969898661998
ENSG00000197746,PSAP,-0.128224477931904,0.205381879222936
ENSG00000204842,ATXN2,0.272520423459768,-0.010334454304869
ENSG00000100316,RPL3,-0.134712094566759,-0.068821448597697
ENSG00000144136,SLC20A1,-0.141871095219536,0.275628025942982
ENSG00000096696,DSP,-0.088962178621416,0.169148653679837
ENSG00000167470,MIDN,-0.137621946673122,0.0415918995305627
ENSG00000155363,MOV10,-0.149245231063601,0.245773751352324
ENSG00000164220,F2RL2,-0.50617097466731,-0.740183969100056
ENSG00000169855,ROBO1,-0.164869065373844,0.244952161048829
ENSG00000181826,RELL1,-0.231302675520273,0.0366608530600231
ENSG00000114353,GNAI2,-0.175277326800108,-0.060473543232684
ENSG00000009950,MLXIPL,0.714724648740686,0.51822964722234
ENSG00000254681,PKD1P5,-0.23344980164182,0.265554090119308
ENSG00000159210,SNF8,-0.198117966247385,0.210364236858372
ENSG00000114126,TFDP2,0.323107245110253,0.0368142606342788
ENSG00000125398,SOX9,0.366995236106692,0.296637321109944
ENSG00000168743,NPNT,-0.54857451553001,0.200330843702042
ENSG00000111674,ENO2,0.26994160568417,0.0984820443143006
ENSG00000163029,SMC6,0.291414938700372,-0.122478810668248
ENSG00000167306,MYO5B,-0.28673570225031,0.0261328051749548
ENSG00000102317,RBM3,-0.188383228117461,-0.090900170190226
ENSG00000165240,ATP7A,0.288895960997846,0.250277235612949
ENSG00000161011,SQSTM1,-0.140024218020267,0.164680188561378
ENSG00000131143,COX4I1,-0.12671530473267,-0.0281474173599266
ENSG00000158457,TSPAN33,0.590638996099525,-0.362601568477051
ENSG00000145284,SCD5,0.528691516897593,0.0019086735653564
ENSG00000161960,EIF4A1,-0.11907586083488,-0.0423455114300031
ENSG00000166166,TRMT61A,-0.23282158083252,-0.058054540275756
ENSG00000181830,SLC35C1,-0.195437142581905,-0.0499356056308467
ENSG00000177707,NECTIN3,-0.178533387281103,-0.051328670014295
ENSG00000167553,TUBA1C,-0.134551790979259,-0.331970451868994
ENSG00000144824,PHLDB2,0.209409679656826,0.379794070597115
ENSG00000133119,RFC3,-0.326992494222042,-0.180842977076227
ENSG00000142168,SOD1,-0.140758309533602,-0.154496673754561
ENSG00000145901,TNIP1,-0.11805213007328,0.0223373093167328
ENSG00000163714,U2SURP,0.264365665591499,1.53144908883046e-05
ENSG00000160712,IL6R,-0.370003550883979,0.242874960090323
ENSG00000114573,ATP6V1A,0.274289989937129,0.0758088915598156
ENSG00000171314,PGAM1,-0.129085300444978,-0.161639327642038
ENSG00000103319,EEF2K,-0.156409451030524,0.147713245439203
ENSG00000075240,GRAMD4,0.339358543164634,0.469287955633389
ENSG00000106803,SEC61B,-0.201199331746804,0.0194409150678548
ENSG00000198911,SREBF2,-0.135340337895912,-0.072199247803013
ENSG00000173391,OLR1,-0.415093843030651,0.109333986961159
ENSG00000138944,SHISAL1,-0.44103266965263,-0.151654968665552
ENSG00000164308,ERAP2,-0.267080290377486,0.205840476273627
ENSG00000170310,STX8,0.372223217974255,-0.211992649604562
ENSG00000110719,TCIRG1,-0.149379932709944,0.324794666324428
ENSG00000113368,LMNB1,-0.179015276662962,-0.610929837332227
ENSG00000050438,SLC4A8,1.17727815460725,-0.48817239978573
ENSG00000177494,ZBED2,-0.702784852656156,-0.294668508469112
ENSG00000156787,TBC1D31,0.331512268691459,-0.064782605022721
ENSG00000122566,HNRNPA2B1,0.224711463685532,-0.151907001575499
ENSG00000241322,FBXW10B,0.314562523359177,0.102301850499829
ENSG00000170485,NPAS2,-0.130890690665648,0.0772772517546531
ENSG00000138326,RPS24,0.265685181346519,-0.26098425097563
ENSG00000111424,VDR,-0.284909686680695,-0.23577155914845
ENSG00000197892,KIF13B,0.268637653957885,0.279605046576573
ENSG00000168067,MAP4K2,0.528696408604672,0.272791458782628
ENSG00000178074,C2orf69,-0.26844307214227,-0.0412248102252304
ENSG00000140199,SLC12A6,0.321991986530702,0.158470306154963
ENSG00000169180,XPO6,-0.151122897853485,0.002127002070973
ENSG00000075618,FSCN1,-0.121163592223122,-0.183419974238279
ENSG00000188266,HYKK,0.568057234916816,-0.384225495575875
ENSG00000115129,TP53I3,-0.220241043650109,-0.297956941576145
ENSG00000179981,TSHZ1,-0.235597109388105,-0.215143550323249
ENSG00000126062,TMEM115,-0.216427052498647,0.282994882497764
ENSG00000174227,PIGG,-0.162955036194744,0.168755026798398
ENSG00000111640,GAPDH,-0.10185591852759,-0.172369853074313
ENSG00000111144,LTA4H,0.270683309053665,0.0046722110277754
ENSG00000068878,PSME4,0.240009246872685,0.0016353497506797
ENSG00000165525,NEMF,0.295861715348017,0.044939748657714
ENSG00000104549,SQLE,-0.225935829471021,-0.603863512905269
ENSG00000141522,ARHGDIA,-0.133011592973183,-0.216563198873682
ENSG00000110921,MVK,-0.283866578934672,-0.597885921848536
ENSG00000089327,FXYD5,-0.158553405850955,-0.171134945429932
ENSG00000100154,TTC28,0.276239722018995,0.198630803687163
ENSG00000130726,TRIM28,-0.114735943494491,-0.13227774699101
ENSG00000160285,LSS,-0.182197952979401,-0.300694735897023
ENSG00000156467,UQCRB,0.294867347507475,-0.145173927278112
ENSG00000255508,TUT1,3.4565033299528,0.167633585914526
ENSG00000181938,GINS3,-0.280904660358414,-0.169157455777031
ENSG00000164078,MST1R,-0.160882435789771,0.231960253217566
ENSG00000104805,NUCB1,-0.11105535643087,0.0720195889493599
ENSG00000078140,UBE2K,0.248633112268399,-0.218966632183488
ENSG00000197702,PARVA,-0.152995621335028,-0.137982176202686
ENSG00000254154,SEC16B,-0.219956402130396,0.265323138864027
ENSG00000197905,TEAD4,-0.224799852272802,-0.0386971009945167
ENSG00000128510,CPA4,-0.411938350315676,-0.303285392583581
ENSG00000120798,NR2C1,0.348002901471365,-0.0274761455302082
ENSG00000146670,CDCA5,-0.222806116253812,-0.519361724651354
ENSG00000198952,SMG5,-0.109970910265834,0.18320084510605
ENSG00000179111,HES7,0.756635072490092,-0.491231802784956
ENSG00000150551,LYPD1,-0.310079037007859,-0.358879094765245
ENSG00000135828,RNASEL,-0.360526821701074,0.0749308181627463
ENSG00000113249,HAVCR1,-0.178088341131821,-0.063985597566603
ENSG00000149179,CSTPP1,0.313067549277896,-0.053727364854685
ENSG00000090447,TFAP4,-0.238611248348874,0.112821514026596
ENSG00000166250,CLMP,-0.349110203823939,-0.36135559390372
ENSG00000120549,KIAA1217,0.297989337592941,0.169889885361359
ENSG00000177380,PPFIA3,0.493898066140543,-0.272316816162224
ENSG00000132507,EIF5A,-0.123578207827453,-0.287053969133866
ENSG00000176890,TYMS,-0.163493975783271,-0.343769804402886
ENSG00000184347,SLIT3,-0.186166848242892,0.132432964533315
ENSG00000169045,HNRNPH1,-0.115784780020312,0.264331282776606
ENSG00000131165,CHMP1A,-0.141453857325933,0.0532009102672486
ENSG00000136167,LCP1,-0.298178173779486,-0.435257144925369
ENSG00000033170,FUT8,0.276547566375259,0.0280496378154226
ENSG00000074800,ENO1,-0.102946904650688,-0.10329086528244
ENSG00000125991,ERGIC3,-0.108270756797651,0.0339052493865315
ENSG00000140044,JDP2,0.345028387189213,0.0881264802257329
ENSG00000058056,USP13,0.29363811066809,-0.283679924739882
ENSG00000119950,MXI1,0.421699034867081,0.346812751743012
ENSG00000198074,AKR1B10,-0.088172245800917,-0.369867710128121
ENSG00000157600,TMEM164,-0.124900903796845,0.180378630623656
ENSG00000160957,RECQL4,-0.21553407339407,-0.095534028198515
ENSG00000090339,ICAM1,-0.221049028660632,0.506375860329802
ENSG00000150990,DHX37,-0.17424907074981,0.208778179425572
ENSG00000105640,RPL18A,-0.122391897309727,0.00857043548772361
ENSG00000136830,NIBAN2,-0.122602263751939,0.0691947712988829
ENSG00000172175,MALT1,0.315934544710987,0.119068960566428
ENSG00000147535,PLPP5,-0.248243084749403,-0.00026586767223299
ENSG00000167578,RAB4B,-0.476226103997212,0.64301257652893
ENSG00000198598,MMP17,0.57037066211095,-0.0067120029142045
ENSG00000278828,H3C10,-0.215145991625171,-0.209805226061157
ENSG00000121060,TRIM25,-0.092790102734676,0.0520179672897659
ENSG00000102996,MMP15,0.36746362634212,0.0953707340472683
ENSG00000267751,BSG-AS1,0.862011214135539,-0.44716541390813
ENSG00000104331,BPNT2,-0.121089461482841,0.0333398766050058
ENSG00000137207,YIPF3,-0.173889980954919,0.252730139467974
ENSG00000124191,TOX2,0.756582592040011,0.287882270499161
ENSG00000120162,MOB3B,-0.323250975223261,0.0865865365998585
ENSG00000104522,GFUS,-0.195887359310404,0.0989783776707113
ENSG00000131016,AKAP12,-0.145456535450185,0.455404261001504
ENSG00000111261,MANSC1,0.358746628762876,0.0989443871223603
ENSG00000157593,SLC35B2,-0.160484905929326,0.127539440808185
ENSG00000177697,CD151,-0.102375304236684,-0.173067523318121
ENSG00000183655,KLHL25,-0.251233126640007,-0.307266013324468
ENSG00000136367,ZFHX2,0.430766268034859,0.122492424821231
ENSG00000185164,NOMO2,NA,NA
ENSG00000178826,TMEM139,-0.64769892343351,0.155413115829792
ENSG00000185112,FAM43A,-0.570769380939263,0.31698427012308
ENSG00000115561,CHMP3,-0.154259439129407,0.0233968111510484
ENSG00000168904,LRRC28,0.409718232627994,0.155710129216238
ENSG00000171067,C11orf24,-0.176119635707222,-0.0064548276316743
ENSG00000198363,ASPH,-0.105847241328116,-0.03296921911298
ENSG00000042493,CAPG,-0.179649163430066,0.0204205163221237
ENSG00000138002,IFT172,0.366112534220202,0.0940033305720788
ENSG00000100578,KIAA0586,0.285909064828141,-0.168909702252556
ENSG00000002919,SNX11,-0.242510494713334,-0.0343637572254651
ENSG00000133962,CATSPERB,0.605035433685948,0.436272315717144
ENSG00000178685,PARP10,-0.108223931352267,0.0856041473822731
ENSG00000163191,S100A11,-0.138640485748802,-0.0199380882700611
ENSG00000171552,BCL2L1,0.215527515922214,0.476463919359345
ENSG00000023287,RB1CC1,0.271474305890964,0.155642099478415
ENSG00000198933,TBKBP1,0.591370531862346,0.276486795306151
ENSG00000186501,TMEM222,-0.206302068552148,0.10171458735095
ENSG00000188130,MAPK12,0.358888357018048,0.226526865475283
ENSG00000163535,SGO2,0.347516610046535,-0.403035512717186
ENSG00000064687,ABCA7,0.297729336778631,0.469773886936514
ENSG00000284308,C2orf81,0.663970497097233,-0.078025099529817
ENSG00000124762,CDKN1A,-0.089072537823929,0.221333946656655
ENSG00000138385,SSB,0.294213793236609,-0.169376364040311
ENSG00000197019,SERTAD1,-0.228110165331258,0.266312970932489
ENSG00000174837,ADGRE1,-0.248960424016131,0.174696556315591
ENSG00000152527,PLEKHH2,0.484182926616374,0.438759082531482
ENSG00000108061,SHOC2,0.250479887537395,0.0067108257925208
ENSG00000108468,CBX1,0.247826242903011,-0.314360653336945
ENSG00000109929,SC5D,-0.242708121885214,0.0355149454854463
ENSG00000137310,TCF19,-0.262472027182362,-0.41135791234459
ENSG00000096872,IFT74,0.394322326714934,-0.138231787835756
ENSG00000149923,PPP4C,-0.149351420804103,0.168957388292078
ENSG00000138760,SCARB2,-0.12080659106123,0.0853518373983244
ENSG00000173540,GMPPB,-0.237086666241486,0.165221566199171
ENSG00000224389,C4B,-0.312518049351276,0.246824860919712
ENSG00000153157,SYCP2L,0.607978043429459,0.329568430051255
ENSG00000099956,SMARCB1,-0.162850961240384,0.0628461535199997
ENSG00000112640,PPP2R5D,0.340691181256709,-0.411898498544427
ENSG00000005801,ZNF195,0.264091601395377,0.157798404390434
ENSG00000006468,ETV1,0.524497630076857,-0.0122450046604342
ENSG00000005175,RPAP3,0.290900958407673,-0.109542002951156
ENSG00000074657,ZNF532,-0.11824961369972,0.0793165756762632
ENSG00000101104,PABPC1L,0.349918673906141,0.535774019455303
ENSG00000059378,PARP12,-0.104428594763059,0.132255235823945
ENSG00000034677,RNF19A,0.243969267289202,0.325912543050159
ENSG00000181555,SETD2,0.217193198417425,0.0186519313905627
ENSG00000197969,VPS13A,0.234115619277133,0.126958365236065
ENSG00000197157,SND1,-0.091415353097507,0.0691018725148244
ENSG00000213551,DNAJC9,-0.229251720789735,-0.199016835910782
ENSG00000144476,ACKR3,-0.348107660828144,0.0757903038566374
ENSG00000165916,PSMC3,-0.138066398546821,-0.092628699858851
ENSG00000108424,KPNB1,-0.096015315845427,-0.105676648944376
ENSG00000143158,MPC2,0.325369427653315,-0.096800873120871
ENSG00000187514,PTMA,0.229136064197749,-0.559255114667531
ENSG00000140575,IQGAP1,-0.091214627478405,0.0262049331983861
ENSG00000106829,TLE4,-0.231571198488373,0.174697605635061
ENSG00000189343,RPS2P46,-0.291096170258744,0.0654357870143517
ENSG00000127329,PTPRB,-0.454433662090503,0.535123375109826
ENSG00000163235,TGFA,-0.212941524539077,0.212520614479347
ENSG00000140534,TICRR,-0.160377112529804,-0.35345792975192
ENSG00000137710,RDX,0.250425364929602,0.174030167498945
ENSG00000123636,BAZ2B,0.250537925620136,0.121832169311604
ENSG00000079691,CARMIL1,0.303343681284929,0.401466128693001
ENSG00000115009,CCL20,0.39663069451537,0.0988839497763468
ENSG00000121690,DEPDC7,0.497248892343645,-0.0473495320093544
ENSG00000168374,ARF4,-0.142719088817472,0.143643343497651
ENSG00000160193,WDR4,-0.24916088114433,-0.0021827638413834
ENSG00000091409,ITGA6,-0.130585134975845,0.0899980787949986
ENSG00000265590,CFAP298-TCP10L,0.478135670299105,0.0495576434356954
ENSG00000056998,GYG2,0.471420382583741,0.144465581386108
ENSG00000010256,UQCRC1,-0.149672686884874,0.135634435309861
ENSG00000159314,ARHGAP27,0.314481503584588,0.128488341558565
ENSG00000175634,RPS6KB2,-0.168455008441819,0.163550343396071
ENSG00000158639,PAGE5,-0.467323369654163,-0.34304832688624
ENSG00000175115,PACS1,-0.129104030152812,0.10510151276455
ENSG00000185585,OLFML2A,-0.257156164663468,-0.727068405499681
ENSG00000183709,IFNL2,-0.43932367596191,0.596783104564394
ENSG00000277586,NEFL,0.607408316448717,0.0698505336356012
ENSG00000271601,LIX1L,0.322885090477388,-0.074274093064861
ENSG00000205220,PSMB10,-0.26526862307688,-0.458672173174571
ENSG00000213445,SIPA1,0.362564997470564,0.175130815922369
ENSG00000164713,BRI3,0.350187654133225,0.162071745146906
ENSG00000114374,USP9Y,NA,NA
ENSG00000156453,PCDH1,-0.234171703253133,0.122254345990719
ENSG00000108602,ALDH3A1,-0.087412599767768,-0.314268806239135
ENSG00000231925,TAPBP,-0.122645426796353,-0.117806591708421
ENSG00000128596,CCDC136,0.570221817362124,0.0710315236972285
ENSG00000085840,ORC1,-0.216412311350173,-0.483633472561153
ENSG00000090975,PITPNM2,-0.181758613449069,0.184696225714055
ENSG00000134326,CMPK2,-0.145135392219389,0.119224782650554
ENSG00000172661,WASHC2C,0.281768622765536,-0.060807431011397
ENSG00000197183,NOL4L,0.289867527973954,0.0762809771704895
ENSG00000182957,SPATA13,-0.226963172447376,-0.094627388223052
ENSG00000074219,TEAD2,0.301775534187538,-0.0477847098446211
ENSG00000160131,VMA21,-0.14072733802303,0.0278162751001645
ENSG00000179750,APOBEC3B,-0.331036122384793,-0.285044431732626
ENSG00000135047,CTSL,-0.127163466494571,-0.0204763845475646
ENSG00000130309,COLGALT1,-0.105658791109664,-0.222604309458083
ENSG00000105997,HOXA3,0.392749837440047,-0.253980325644823
ENSG00000070610,GBA2,-0.184158378923673,0.209878736740469
ENSG00000165821,SALL2,0.721921366280072,0.265966330572585
ENSG00000144959,NCEH1,-0.132012010257969,0.11727902541182
ENSG00000112419,PHACTR2,0.267343422838409,0.236525615133366
ENSG00000157601,MX1,-0.071587801239704,0.0235299154057703
ENSG00000134901,POGLUT2,0.550078638852901,0.0605761972641575
ENSG00000173581,CCDC106,0.446873577574485,0.0874175026642387
ENSG00000184675,AMER1,-0.196903795538337,-0.0289805255609932
ENSG00000126903,SLC10A3,-0.247569720981932,-0.211551767227042
ENSG00000188725,SMIM15,-0.172327579809732,0.160737079453
ENSG00000185479,KRT6B,-1.06501212687379,0.173482720846728
ENSG00000116237,ICMT,-0.128572706675009,-0.112404964784569
ENSG00000176986,SEC24C,-0.10819574141484,0.160001059169514
ENSG00000105204,DYRK1B,0.368620324439563,0.486664492399852
ENSG00000141858,SAMD1,0.278957418504919,-0.485316076979478
ENSG00000092531,SNAP23,0.384311513368845,0.0432706898695362
ENSG00000167447,SMG8,-0.200413668189981,0.0950803635367531
ENSG00000165323,FAT3,-0.267617684278032,-0.136550111304114
ENSG00000140481,CCDC33,0.592976083716661,0.0733731743879064
ENSG00000135390,ATP5MC2,-0.123793787837687,-0.162202267665093
ENSG00000073792,IGF2BP2,0.348142934028626,0.0969926189777183
ENSG00000113328,CCNG1,0.280506393895859,0.0861838548056612
ENSG00000105605,CACNG7,1.06791430749051,0.0694131584741364
ENSG00000171564,FGB,0.232861411191806,0.024551238883163
ENSG00000162458,FBLIM1,0.316950141077049,0.396762863620749
ENSG00000213390,ARHGAP19,-0.353729400366733,-0.172303430273487
ENSG00000133812,SBF2,0.243450896060424,0.210335933234173
ENSG00000196391,ZNF774,0.64119180058373,0.336658253463388
ENSG00000182919,C11orf54,0.463409254011982,0.0485740206221633
ENSG00000204681,GABBR1,0.378401586618995,0.141948187511434
ENSG00000107104,KANK1,0.267812103018557,0.389823705264723
ENSG00000139926,FRMD6,-0.277026963910299,0.246069261634807
ENSG00000250067,YJEFN3,0.637920712249192,-0.232519943283733
ENSG00000186184,POLR1D,0.276592471168329,-0.156314031151405
ENSG00000099968,BCL2L13,-0.127473993433454,0.191131929794244
ENSG00000113161,HMGCR,-0.166496369754208,-0.217866668504457
ENSG00000135541,AHI1,0.249173973841578,0.215154778337206
ENSG00000123643,SLC36A1,-0.230741388638868,-0.058610903320742
ENSG00000198382,UVRAG,0.343342557636457,0.0227944387477592
ENSG00000176871,WSB2,-0.17590214135961,0.189302588407463
ENSG00000269858,EGLN2,-0.162146518032142,0.349177716313915
ENSG00000103342,GSPT1,0.187437588912726,-0.096034262665511
ENSG00000105722,ERF,0.219678008800059,-0.0384783913263231
ENSG00000026508,CD44,-0.101105219359757,0.196664766091058
ENSG00000169908,TM4SF1,-0.134569243798957,0.153782134721148
ENSG00000121236,TRIM6,0.302645983290296,-0.00092575133210199
ENSG00000233016,SNHG7,-0.208758772104412,-0.0427862898035626
ENSG00000136240,KDELR2,-0.117078189850328,-0.0368420697808584
ENSG00000175334,BANF1,-0.114312141880435,-0.156722465067481
ENSG00000188021,UBQLN2,-0.14932316913853,-0.0016500989121357
ENSG00000184083,FAM120C,-0.170353424142567,0.188786612646918
ENSG00000274641,H2BC17,-0.140662922179922,-0.388731328574804
ENSG00000099822,HCN2,-0.241826374838302,-0.0338325460320459
ENSG00000276168,RN7SL1,0.515494102962294,-0.591907952224751
ENSG00000140320,BAHD1,-0.260464301856842,-0.0268089890477873
ENSG00000203722,RAET1G,-0.314163278438624,0.0838793168249372
ENSG00000132256,TRIM5,-0.12243338051643,0.299400415160804
ENSG00000148700,ADD3,0.299142462100939,0.118396109568708
ENSG00000204160,ZDHHC18,-0.201233629409064,-0.249563185455194
ENSG00000151388,ADAMTS12,-0.34572438268442,-0.076429234093716
ENSG00000146587,RBAK,0.274882004270007,0.0410770515968293
ENSG00000106351,AGFG2,0.331220959277632,0.484073577991586
ENSG00000105341,DMAC2,-0.163749726740654,0.085491935757483
ENSG00000267673,FDX2,-0.631156215671884,0.705636678099447
ENSG00000133321,PLAAT4,-0.291581191131463,0.191728938767621
ENSG00000167074,TEF,-0.480599392167027,1.12738488449745
ENSG00000172927,MYEOV,-0.182521988996341,0.0005573303487167
ENSG00000066027,PPP2R5A,0.304770487566441,-0.159718738086738
ENSG00000160932,LY6E,-0.090740840343069,0.15949650576022
ENSG00000109618,SEPSECS,0.420865529635097,0.179533594827671
ENSG00000198945,L3MBTL3,0.522654900252716,-0.142288321798113
ENSG00000119689,DLST,-0.110097560201905,0.0975237533089332
ENSG00000133328,PLAAT2,-0.531278455621627,-0.472964710329644
ENSG00000139269,INHBE,0.692150085187421,0.758853965660913
ENSG00000168758,SEMA4C,-0.21367452007249,-0.079034449352169
ENSG00000215421,ZNF407,-0.201953651715853,0.243911472837271
ENSG00000227036,LINC00511,NA,NA
ENSG00000138411,HECW2,-0.259684326681474,-0.107564723830387
ENSG00000100815,TRIP11,0.273073395517031,0.151699916531737
ENSG00000103021,CCDC113,0.425199793399227,-0.297117899365243
ENSG00000166326,TRIM44,-0.108194164460619,0.0953874874697631
ENSG00000044574,HSPA5,-0.097714122789951,-0.008906595236519
ENSG00000169871,TRIM56,-0.135627774956565,0.152422909029564
ENSG00000103064,SLC7A6,-0.202611231321944,-0.0048510315891554
ENSG00000100994,PYGB,-0.103705267200537,0.18534557984642
ENSG00000143390,RFX5,0.237003366172046,0.215716920196334
ENSG00000267216,ZNF8-ERVK3-1,-0.279695467537277,0.122335451078965
ENSG00000172465,TCEAL1,0.478072885009517,-0.108459990936304
ENSG00000043143,JADE2,-0.101626791449008,0.142325347362611
ENSG00000115216,NRBP1,-0.105725456361717,-0.0487818357980974
ENSG00000110422,HIPK3,-0.154214203654017,0.176677395631458
ENSG00000171903,CYP4F11,-0.145762231420822,-0.524446728377376
ENSG00000065357,DGKA,0.413088264795849,0.356333342776628
ENSG00000167656,LY6D,-0.549910961864599,-0.10161417754325
ENSG00000120942,UBIAD1,-0.21485945527957,0.0568692465456018
ENSG00000125730,C3,-0.105813804366698,0.294153637459857
ENSG00000113790,EHHADH,0.482392664874827,-0.089369231966753
ENSG00000235142,LINC02532,0.414056835871353,0.145931623606618
ENSG00000136560,TANK,0.302660417933185,0.117078680896171
ENSG00000196754,S100A2,-0.470981817485354,-0.277563897508738
ENSG00000244038,DDOST,-0.151332291928328,0.0650058080533888
ENSG00000125818,PSMF1,-0.093648817422231,0.102631031335617
ENSG00000259673,IQCH-AS1,0.521569841410305,-0.213056818064684
ENSG00000222035,KIAA2012-AS1,0.570307595659653,0.422951077646173
ENSG00000227051,C14orf132,0.406676711736001,0.296663349800542
ENSG00000204217,BMPR2,-0.096862037765851,0.221833749050161
ENSG00000124160,NCOA5,-0.200349312201488,0.0804700710980172
ENSG00000177951,BET1L,-0.145837668661404,-0.144992927602894
ENSG00000138606,SHF,0.918981525766063,-0.233289608115397
ENSG00000102178,UBL4A,-0.181833862870693,-0.117922284787648
ENSG00000153774,CFDP1,0.378547500246487,-0.099416888680196
ENSG00000275714,H3C1,-0.279153690032314,-0.29291469921007
ENSG00000165119,HNRNPK,-0.078142701042683,-0.034713677526748
ENSG00000135956,TMEM127,-0.120045317587244,0.0368966315388483
ENSG00000122574,WIPF3,0.903548928818303,-0.086666181890763
ENSG00000120889,TNFRSF10B,0.199988646651402,0.217768322672295
ENSG00000124920,MYRF,0.201706807165356,0.295011529774736
ENSG00000167535,CACNB3,0.342868897614722,0.0149526993963699
ENSG00000198841,KTI12,-0.361728796248898,0.214534241384682
ENSG00000183255,PTTG1IP,-0.130834295304743,0.0941616530488426
ENSG00000162419,GMEB1,-0.249359589803142,0.0447672525724915
ENSG00000110046,ATG2A,0.261903365065541,0.214504359813515
ENSG00000164237,CMBL,0.46475284087046,-0.185503917828453
ENSG00000107159,CA9,-0.196642668050107,0.0637932857440116
ENSG00000196704,AMZ2,0.269755640040197,-0.079753350496327
ENSG00000165417,GTF2A1,-0.223672366734328,0.145418479382401
ENSG00000188229,TUBB4B,-0.121570436320517,-0.366239537443471
ENSG00000125843,AP5S1,-0.224257086741265,0.105975805304399
ENSG00000132698,RAB25,-0.399701441076374,0.0938945497899096
ENSG00000137494,ANKRD42,0.446120001048108,-0.0408833967487523
ENSG00000100997,ABHD12,-0.133931235712325,0.114130381455959
ENSG00000114450,GNB4,-0.192395604250124,-0.0396341056539325
ENSG00000166797,CIAO2A,0.265637101419313,-0.115216260091477
ENSG00000157557,ETS2,-0.130213850992044,-0.121572653320993
ENSG00000198917,SPOUT1,-0.256429360672516,0.0931323092469462
ENSG00000128590,DNAJB9,-0.218829364331194,0.380156477375306
ENSG00000168961,LGALS9,-0.164346175303135,-0.0409444734654567
ENSG00000167930,FAM234A,-0.121977304179605,0.165572089294259
ENSG00000146112,PPP1R18,NA,NA
ENSG00000140563,MCTP2,-0.493637163302342,-0.152149436991578
ENSG00000127483,HP1BP3,0.212268073030473,0.0510554233749343
ENSG00000164062,APEH,-0.136464980919337,0.265153211979151
ENSG00000126368,NR1D1,0.423428452035077,0.909933338417481
ENSG00000073050,XRCC1,0.286983966954622,-0.232142055181949
ENSG00000111581,NUP107,0.267770824336119,-0.367549855489217
ENSG00000101846,STS,-0.176346727768639,-0.091225752528346
ENSG00000181035,SLC25A42,0.759976938440605,-0.322468833504257
ENSG00000161671,EMC10,-0.098331766783677,0.0273671833374336
ENSG00000175215,CTDSP2,0.22740746115712,0.0636834686435766
ENSG00000182158,CREB3L2,-0.107186517299853,0.0624708600325248
ENSG00000249471,ZNF324B,-0.368680225289628,0.264014432131315
ENSG00000090013,BLVRB,-0.12111346744081,-0.0305137137969624
ENSG00000183648,NDUFB1,0.422942623251606,-0.507699449026021
ENSG00000115207,GTF3C2,-0.126573365423853,0.034077318110877
ENSG00000240602,AADACP1,-0.226255762227545,0.594089757780192
ENSG00000127418,FGFRL1,-0.189294702823695,-0.230267303345525
ENSG00000138614,INTS14,-0.147782663268751,0.0609408932672943
ENSG00000230590,FTX,0.207280276811027,0.285189512774259
ENSG00000135899,SP110,-0.129002464824667,0.178804134729038
ENSG00000042286,AIFM2,-0.143801389891505,0.16056817953077
ENSG00000005513,SOX8,-0.96061502399619,0.280258078461673
ENSG00000006744,ELAC2,-0.110658158155544,-0.0368012606692952
ENSG00000162601,MYSM1,0.289212365357003,0.119140223905669
ENSG00000156009,MAGEA8,-0.630270904551875,-0.350972702585078
ENSG00000198786,ND5,0.232456878726118,-0.365262549099749
ENSG00000163629,PTPN13,0.292874807766541,0.0096759274016481
ENSG00000155506,LARP1,-0.073759388384891,-0.0199038129607385
ENSG00000172113,NME6,-0.211180372874988,0.076189777211812
ENSG00000117115,PADI2,-0.489797491677861,0.0441219491924477
ENSG00000140548,ZNF710,-0.179302316057194,0.135095410479889
ENSG00000168944,CEP120,0.254679806929389,-0.0258159097153075
ENSG00000159069,FBXW5,-0.170886059437097,0.224530008178665
ENSG00000197063,MAFG,-0.119842570973304,-0.0052180635895807
ENSG00000197818,SLC9A8,-0.181993848407249,0.386649463435592
ENSG00000170846,LOC93622,-0.216064647870884,-0.46584799486263
ENSG00000153029,MR1,0.291591863452864,0.298070416267083
ENSG00000005020,SKAP2,0.29101916584588,-0.005160384595078
ENSG00000169429,CXCL8,0.265451483574748,0.158246305012653
ENSG00000137693,YAP1,-0.107824273066153,0.0671743971781152
ENSG00000138756,BMP2K,0.293701072461102,0.1992118914862
ENSG00000165714,BORCS5,0.286644122793167,0.434297527877563
ENSG00000198707,CEP290,0.303480594168619,0.0607310541502838
ENSG00000146592,CREB5,-0.517204417648452,0.320532450464349
ENSG00000162231,NXF1,-0.170895786600807,0.00509682584829591
ENSG00000140398,NEIL1,0.66059243259865,0.381343491064848
ENSG00000065618,COL17A1,-0.371188554095596,0.0796125265411671
ENSG00000182196,ARL6IP4,0.320455499384348,-0.192414452551622
ENSG00000180263,FGD6,0.195622035974484,0.143053517010355
ENSG00000177885,GRB2,0.214022869899226,-0.087207938590191
ENSG00000144043,TEX261,-0.118655312607317,-0.127444895748549
ENSG00000128016,ZFP36,0.285917768151845,-0.199469312139495
ENSG00000084234,APLP2,-0.082491572930599,-0.0157465485540557
ENSG00000203811,H3C14,-0.476690903996073,-0.0227111158568992
ENSG00000105771,SMG9,-0.133441106767932,0.0456710443610252
ENSG00000241484,ARHGAP8,0.652861329526709,0.0775165438306785
ENSG00000113522,RAD50,0.195438094370151,0.0439950188589013
ENSG00000140545,MFGE8,-0.115196344015243,-0.0377828501160657
ENSG00000007944,MYLIP,0.51773751284964,0.250953366071266
ENSG00000213024,NUP62,-0.11347656051897,-0.164140144124309
ENSG00000171155,C1GALT1C1,-0.230416199270144,-0.0476073545576185
ENSG00000143515,ATP8B2,0.235188526416083,0.139173192682311
ENSG00000065361,ERBB3,0.29984305155191,0.401406127262455
ENSG00000168282,MGAT2,-0.176708843235053,-0.144534928794358
ENSG00000148303,RPL7A,-0.102866528318908,-0.129661894559387
ENSG00000090487,SPG21,0.285785570400961,0.0080398902591319
ENSG00000109654,TRIM2,-0.222589223236916,0.0605074687831772
ENSG00000125257,ABCC4,0.241843050170497,0.0834112634067251
ENSG00000184887,BTBD6,-0.209073135258449,-0.085662819158854
ENSG00000198886,ND4,0.268335672131056,-0.237881970593445
ENSG00000142910,TINAGL1,-0.310927073568392,0.0631226303234184
ENSG00000117266,CDK18,0.351974335936345,0.634560605440086
ENSG00000236753,MKLN1-AS,0.459065112820385,0.147687724242941
ENSG00000177666,PNPLA2,-0.167348033516351,0.207422742203565
ENSG00000019505,SYT13,-0.163405765041605,0.0463443088175442
ENSG00000185262,UBALD2,0.38130905091288,-0.43431146203971
ENSG00000163697,APBB2,-0.188631838319623,0.299075365173248
ENSG00000120694,HSPH1,-0.121900018071546,-0.447040222071512
ENSG00000084774,CAD,-0.11857265330625,-0.061554498952538
ENSG00000156973,PDE6D,0.334952629416265,-0.0416668513003764
ENSG00000249992,TMEM158,-0.57050358251364,0.250663255714247
ENSG00000101363,MANBAL,-0.140482301105854,-0.122568415795604
ENSG00000143155,TIPRL,0.252861612547306,-0.094441559404842
ENSG00000070495,JMJD6,-0.170818106482364,-0.118763822407099
ENSG00000117153,KLHL12,-0.170427692963231,0.155561892525004
ENSG00000142235,LMTK3,0.416926561280744,0.153722213325537
ENSG00000188986,NELFB,-0.172338895128734,-0.057876291898674
ENSG00000155330,C16orf87,0.449675019393922,-0.128090050241784
ENSG00000102100,SLC35A2,-0.154445777487214,0.0878412240065214
ENSG00000138685,FGF2,-0.162708560823697,0.102750795304794
ENSG00000100258,LMF2,-0.1678408031113,-0.067026799998352
ENSG00000159842,ABR,-0.106878685568026,0.0406392382043232
ENSG00000086232,EIF2AK1,0.202000125996765,-0.0207585452029911
ENSG00000163482,STK36,0.325839922735129,0.28444957832253
ENSG00000185728,YTHDF3,-0.123210466968187,0.204859088350029
ENSG00000111669,TPI1,-0.136015789398933,-0.0250733918517377
ENSG00000278588,H2BC10,-0.146232301160181,-0.616727871053618
ENSG00000122359,ANXA11,-0.10796410748983,0.0300834980952785
ENSG00000025770,NCAPH2,-0.198505262182444,-0.0438355562123615
ENSG00000113657,DPYSL3,-0.268506836927663,-0.233851619433347
ENSG00000075651,PLD1,0.280261214527751,0.570138275773605
ENSG00000145029,NICN1,0.500161995255139,-0.33349977590019
ENSG00000160179,ABCG1,0.913267721890603,1.42012437482156
ENSG00000184743,ATL3,-0.110120386010027,-0.0197216403467836
ENSG00000279800,BCLAF1P2,0.522678024123142,-0.0422820771682568
ENSG00000143549,TPM3,-0.090592013818005,-0.188720920198697
ENSG00000177963,RIC8A,-0.108182883931611,-0.062569201746929
ENSG00000153936,HS2ST1,0.281662709143549,0.166307324495892
ENSG00000184384,MAML2,-0.248176798143052,0.0172051238280823
ENSG00000112902,SEMA5A,-0.751035748320459,-0.392921665981119
ENSG00000117595,IRF6,-0.382464909246436,-0.0411269163089294
ENSG00000112697,TMEM30A,0.257285514953854,0.204108220132495
ENSG00000133606,MKRN1,0.229816943592991,0.0602059996331937
ENSG00000149289,ZC3H12C,0.2138848816477,0.371034288757255
ENSG00000102024,PLS3,-0.11688535779877,0.160691761580777
ENSG00000138092,CENPO,-0.147783210013326,-0.3279085408677
ENSG00000115963,RND3,0.220246503861316,0.417215207108218
ENSG00000169564,PCBP1,-0.110586502309941,-0.088648833271812
ENSG00000090530,P3H2,-0.26904837034319,0.12253640227708
ENSG00000119685,TTLL5,0.265019169373592,-0.108867751090243
ENSG00000138134,STAMBPL1,-0.201369556294726,0.14892037750773
ENSG00000204174,NPY4R,-0.102472954953015,0.0502160556821995
ENSG00000150991,UBC,-0.06379580639052,0.189340801374572
ENSG00000133401,PDZD2,-0.271553417030054,0.510730722861157
ENSG00000109046,WSB1,0.230494823809569,0.265549910109037
ENSG00000107201,DDX58,-0.101474124715959,0.0751657264957314
ENSG00000135052,GOLM1,-0.09968087361897,-0.087252739794464
ENSG00000106003,LFNG,-0.30521349814681,-0.153027687421534
ENSG00000113070,HBEGF,-0.460037031281795,0.302369518330769
ENSG00000129514,FOXA1,-0.186813366168728,-0.0440933192105182
ENSG00000137309,HMGA1,-0.106010333824048,-0.359557898171954
ENSG00000132361,CLUH,-0.109206179475826,0.0015910900240694
ENSG00000132704,FCRL2,-0.357915804264179,-0.295372487688251
ENSG00000162702,ZNF281,0.195544584915742,0.15579560637258
ENSG00000151929,BAG3,-0.133363330493535,-0.319162754257867
ENSG00000142173,COL6A2,-0.334938285174892,0.174728379906572
ENSG00000106683,LIMK1,0.241071824106682,-0.122523101165724
ENSG00000108406,DHX40,0.278992145057172,0.0729157409251436
ENSG00000142409,ZNF787,-0.153009660229726,0.0553097408273333
ENSG00000136161,RCBTB2,-0.623997822901216,0.470323045939392
ENSG00000140443,IGF1R,-0.094110470584964,0.179866073705138
ENSG00000226025,LGALS17A,-0.590213631217249,-0.325158834055177
ENSG00000159231,CBR3,-0.467018834102098,-0.594847204240155
ENSG00000066427,ATXN3,0.378938219307411,0.0106320609999531
ENSG00000130779,CLIP1,0.19513747565137,0.0853994141865631
ENSG00000152117,SMPD4BP,-0.204271217770779,0.062008039349426
ENSG00000038219,BOD1L1,0.220763161620935,0.13696627007198
ENSG00000143614,GATAD2B,0.235542112453343,-0.084771386661724
ENSG00000119574,ZBTB45,-0.247891703564694,-0.060777910217046
ENSG00000124535,WRNIP1,-0.176862802685581,0.0326255646759305
ENSG00000143870,PDIA6,-0.089711991629471,-0.0245363085477732
ENSG00000180815,MAP3K15,0.528187802144965,0.101365191007071
ENSG00000187049,TMEM216,-0.2282971685599,0.0041070636342071
ENSG00000117016,RIMS3,0.584570715509582,-0.069873166817957
ENSG00000171004,HS6ST2,-0.521466919857147,0.231410325042601
ENSG00000196535,MYO18A,0.23694111171387,0.247982277864502
ENSG00000133639,BTG1,-0.106951243928877,0.161096199365443
ENSG00000169756,LIMS1,-0.1652360036848,0.001752648288842
ENSG00000138081,FBXO11,0.270026405562649,-0.0438740665649812
ENSG00000124486,USP9X,0.195852675112666,0.223142337858356
ENSG00000167670,CHAF1A,-0.189367835627488,-0.200314215502754
ENSG00000074590,NUAK1,-0.163558774885756,0.193306241962751
ENSG00000141510,TP53,0.206982487354744,0.0200001891106134
ENSG00000105953,OGDH,-0.091165796114931,0.0663594057245387
ENSG00000168701,TMEM208,-0.209280264026307,0.118523186372566
ENSG00000122257,RBBP6,0.244679245920715,0.0319088106686825
ENSG00000163071,SPATA18,0.512103163152807,0.420309457453956
ENSG00000274012,RN7SL2,0.606015702234888,-0.750536574482093
ENSG00000264717,NPY4R2,-0.111120043401829,0.0698185692109926
ENSG00000163513,TGFBR2,0.223910008344872,0.321774547149143
ENSG00000196517,SLC6A9,-0.176303105135766,0.27341834415174
ENSG00000106333,PCOLCE,0.87959471590224,-0.265700646527709
ENSG00000162409,PRKAA2,0.294364993815661,-0.056922271553501
ENSG00000174574,AKIRIN1,0.248362848424771,-0.0254647925989351
ENSG00000163545,NUAK2,0.233573817882817,0.336967747112616
ENSG00000070814,TCOF1,-0.094515531506866,-0.318868894733641
ENSG00000203852,H3C15,-0.463073725214661,-0.0209762601326083
ENSG00000057704,TMCC3,-0.444540010767506,0.31358318909991
ENSG00000128567,PODXL,-0.146080348068314,-0.137189362227912
ENSG00000008086,CDKL5,-0.131640107796964,0.0995127672169275
ENSG00000232112,TMA7,0.313450192484034,-0.344500581705958
ENSG00000134668,SPOCD1,-0.560056538786807,0.0923097846330452
ENSG00000114270,COL7A1,-0.107443941945293,0.462256145935052
ENSG00000102302,FGD1,0.45173766660138,-0.291003894666717
ENSG00000271254,LOC102724250,0.349337715377803,0.171959438655521
ENSG00000136854,STXBP1,0.271497573862235,-0.320410188697379
ENSG00000171617,ENC1,0.231834248406938,0.227960117064757
ENSG00000162063,CCNF,-0.186395859267061,-0.496705748650641
ENSG00000198034,RPS4X,-0.117524982734261,0.0379276867543222
ENSG00000164609,SLU7,0.266323895371508,-0.0444663445881948
ENSG00000092841,MYL6,-0.123064405826009,-0.257878895457746
ENSG00000160310,PRMT2,-0.212919131937844,0.2317312337519
ENSG00000149269,PAK1,0.258832689442399,-0.133182143716121
ENSG00000178719,GRINA,-0.123063122953408,0.0730719841477492
ENSG00000203499,IQANK1,-0.328827104892602,0.189815105512112
ENSG00000176788,BASP1,0.184855451023016,0.14965296065465
ENSG00000166025,AMOTL1,-0.159533951483538,0.0016443692177136
ENSG00000131504,DIAPH1,-0.089357163459439,-0.118410835746009
ENSG00000117399,CDC20,-0.15402854585629,-0.603284824619519
ENSG00000048991,R3HDM1,0.259298614039464,-0.0450462818510204
ENSG00000132382,MYBBP1A,-0.108848041459691,0.0087162476073649
ENSG00000152556,PFKM,0.267428216332294,0.0912078071739714
ENSG00000122861,PLAU,-0.098275556478344,0.24315924813573
ENSG00000139263,LRIG3,-0.215316856234244,-0.087600997020755
ENSG00000178163,ZNF518B,0.281045249033937,0.0213674237273901
ENSG00000106012,IQCE,0.288249487901814,0.00951726105822311
ENSG00000143379,SETDB1,-0.147493486031232,0.176936057087332
ENSG00000187634,SAMD11,0.418913110758907,0.21077279247127
ENSG00000166813,KIF7,0.480484814948747,-0.0368731693137739
ENSG00000156535,CD109,-0.106587982451697,-0.189634930328588
ENSG00000126803,HSPA2,-0.218698893639384,0.397204341478174
ENSG00000126351,THRA,0.261419376644703,0.0377581494029935
ENSG00000108840,HDAC5,-0.379534980442853,0.372353540392119
ENSG00000148848,ADAM12,-0.194558493876335,0.515193492508091
ENSG00000152894,PTPRK,-0.11537441694878,0.0355930288674658
ENSG00000249859,PVT1,0.212100442124156,0.213922282656982
ENSG00000138161,CUZD1,-0.845366651751881,0.544980204145133
ENSG00000144645,OSBPL10,-0.145799110837328,0.17594850696144
ENSG00000126461,SCAF1,-0.098897817710999,0.0520767275225924
ENSG00000157168,NRG1,-0.102754873494297,-0.06106385409976
ENSG00000204264,PSMB8,-0.125703267489529,-0.0220908456476086
ENSG00000139641,ESYT1,-0.096099629605471,0.0281977855856881
ENSG00000116663,FBXO6,-0.323502662092463,-0.089547000097389
ENSG00000132300,PTCD3,0.209223574084139,0.0639013144190246
ENSG00000205085,GARIN1A,0.443654421472698,0.279284008735989
ENSG00000203485,INF2,-0.081872975712481,0.118388919374713
ENSG00000140391,TSPAN3,-0.074277331845097,0.0528191790914862
ENSG00000162434,JAK1,-0.110875472789359,0.0009053608539927
ENSG00000164733,CTSB,-0.146921826744026,0.193952718031044
ENSG00000063587,ZNF275,NA,NA
ENSG00000177628,GBA,-0.171827164260789,0.0559655231678216
ENSG00000196639,HRH1,-0.359838743313619,0.271267873917912
ENSG00000011405,PIK3C2A,0.2009402966561,0.126425474038378
ENSG00000108963,DPH1,-0.180754676177274,0.288765989572666
ENSG00000159459,UBR1,0.260911328156238,0.114244744028755
ENSG00000143368,SF3B4,-0.142686349975211,-0.210792970380318
ENSG00000169129,AFAP1L2,0.358072336465141,-0.199252015305924
ENSG00000136450,SRSF1,-0.084933721313786,0.0312098222010171
ENSG00000088992,TESC,-0.114014982802031,0.323432322272223
ENSG00000080573,COL5A3,-0.651262842179912,-0.087659742215805
ENSG00000124374,PAIP2B,0.693463028409131,-0.180634933336212
ENSG00000130985,UBA1,-0.074014416547725,0.033809913968658
ENSG00000186654,PRR5,-0.225350297624387,-0.0165790573097337
ENSG00000170876,TMEM43,-0.115992765557866,-0.0259791583912877
ENSG00000180611,MB21D2,-0.32118857029416,0.243208284057721
ENSG00000125734,GPR108,-0.17574112190241,0.268591683896663
ENSG00000101844,ATG4A,0.368739522757744,0.0264077572224194
ENSG00000168040,FADD,-0.141453118467873,0.0511441089477189
ENSG00000175548,ALG10B,-0.287829837354711,0.0928416031580179
ENSG00000091164,TXNL1,0.227904755203214,-0.270011297287655
ENSG00000075413,MARK3,0.198182815775647,0.069876533249035
ENSG00000179715,PCED1B,-0.133322662271047,0.251139243279633
ENSG00000116514,RNF19B,-0.122505211507555,0.0762813552145854
ENSG00000140262,TCF12,0.18954005862194,0.0148380324549189
ENSG00000186283,TOR3A,-0.203479167958373,-0.195387979472712
ENSG00000010165,METTL13,-0.146797192259112,-0.097161056265475
ENSG00000039068,CDH1,-0.086475776733646,0.206305644479172
ENSG00000124731,TREM1,-0.348209902755213,0.284418147273892
ENSG00000111145,ELK3,0.253225870516216,0.061293367847599
ENSG00000181873,IBA57,-0.287522673709411,0.115645698701203
ENSG00000109917,ZPR1,-0.129037210063827,0.12873571491783
ENSG00000167680,SEMA6B,0.534830162076349,0.548390235093092
ENSG00000196950,SLC39A10,0.220998956565652,0.0690150576187066
ENSG00000198113,TOR4A,-0.168473414636037,0.249677343728797
ENSG00000276180,H4C9,-0.20954145837102,-0.445820054005444
ENSG00000184640,SEPTIN9,-0.084350711664126,0.0686972655764363
ENSG00000115942,ORC2,0.257425775534256,0.0371969397804151
ENSG00000156599,ZDHHC5,-0.079751075133088,0.0243148483146043
ENSG00000145592,RPL37,0.250380185623116,-0.29709465729083
ENSG00000197766,CFD,-0.211678370750737,0.127996589900771
ENSG00000214253,FIS1,-0.295275643869823,0.129932692900547
ENSG00000146555,SDK1,-0.509326991762155,0.111350548665127
ENSG00000178537,SLC25A20,-0.306016678817126,0.0152930963162457
ENSG00000183091,NEB,0.291489299655963,0.694966975892806
ENSG00000171408,PDE7B,0.298299666542866,0.205728287727146
ENSG00000106459,NRF1,-0.207782278417334,-0.14512227084725
ENSG00000144802,NFKBIZ,-0.131318160192378,0.35763265811443
ENSG00000182796,TMEM198B,0.409034670340956,0.429946046187744
ENSG00000196937,FAM3C,-0.192480452228562,0.210733883080969
ENSG00000109339,MAPK10,0.704315034249665,0.174154150493217
ENSG00000106636,YKT6,-0.104089912852006,-0.0237468644037218
ENSG00000066739,ATG2B,0.230289950763492,0.173001552308191
ENSG00000269374,LOC732229,1.02922816432203,0.0734801954562359
ENSG00000107263,RAPGEF1,-0.128966518848899,0.0397773694359449
ENSG00000232973,CYP1B1-AS1,-0.519932197484222,0.0571859722312962
ENSG00000183598,H3C13,-0.201716874385708,-0.186823091708538
ENSG00000167642,SPINT2,-0.094621803199445,0.017957455468347
ENSG00000145050,MANF,-0.134065897355923,-0.174732466203226
ENSG00000104313,EYA1,-0.789663810524901,-0.358789715444108
ENSG00000263142,LRRC37A17P,0.953536721003388,-0.497872579037221
ENSG00000132821,VSTM2L,-0.228691309561821,0.12318388589617
ENSG00000168528,SERINC2,-0.198105957873314,0.543027177742188
ENSG00000172667,ZMAT3,0.337636403596237,0.380927141413177
ENSG00000156531,PHF6,0.235697065423796,-0.0286964025105725
ENSG00000104218,CSPP1,0.232354496531584,-0.0051234938133016
ENSG00000130638,ATXN10,-0.150859644272194,0.251032592609675
ENSG00000125691,RPL23,-0.132017009916917,0.189028955522871
ENSG00000204103,MAFB,-0.937120731982896,0.535987271816075
ENSG00000120802,TMPO,-0.113205905034215,-0.31815802501586
ENSG00000136875,PRPF4,-0.143426432312099,-0.115002515357506
ENSG00000178726,THBD,-0.166130000211465,0.351204310426417
ENSG00000145779,TNFAIP8,0.322075042778823,-0.161088499412283
ENSG00000154832,CXXC1,-0.220660458332037,0.287166766021443
ENSG00000143891,GALM,0.320672225589392,-0.181241928794237
ENSG00000228649,SNHG26,-0.289824409338142,0.174493982783799
ENSG00000186648,CARMIL3,0.924314721741581,-0.0019198368907248
ENSG00000162032,SPSB3,-0.668681712456431,0.0580993725648527
ENSG00000167325,RRM1,-0.14296133790308,-0.423228356646301
ENSG00000204304,PBX2,0.260748661827508,0.0597722875561412
ENSG00000210151,MIR12136,0.492874309159821,-0.059752092708105
ENSG00000143919,CAMKMT,0.499909121003483,-0.0119494651600068
ENSG00000151881,TMEM267,-0.312046792649575,0.300790900524906
ENSG00000087448,KLHL42,-0.141968889193616,-0.064989030078231
ENSG00000188766,SPRED3,0.527706823303041,0.310726520070812
ENSG00000168575,SLC20A2,-0.189678267650737,0.175296922885234
ENSG00000244398,RPL36AP37,0.291023240873002,-0.367011653642177
ENSG00000006831,ADIPOR2,-0.154038456089139,-0.0112300197451946
ENSG00000180573,H2AC6,-0.104511132262729,0.0870182114447395
ENSG00000101361,NOP56,-0.093602297552235,-0.105899957607036
ENSG00000082014,SMARCD3,0.383323675028466,0.29769708050458
ENSG00000123104,ITPR2,0.305616178503972,-0.0314268188163431
ENSG00000183765,CHEK2,0.335525717064735,0.11388701381909
ENSG00000141404,GNAL,0.498484519968938,-0.148285238710087
ENSG00000143546,S100A8,-0.696824365030442,0.76577224020737
ENSG00000113273,ARSB,-0.158278368513938,-0.142079039509847
ENSG00000073060,SCARB1,-0.081880803523435,0.156025864210283
ENSG00000187736,NHEJ1,-0.225538559613025,-0.081083765768369
ENSG00000185909,KLHDC8B,0.483888876691812,0.0046479867231824
ENSG00000005483,KMT2E,0.226674856970365,0.015036586623196
ENSG00000108518,PFN1,-0.081592000242956,-0.160311817806615
ENSG00000101210,EEF1A2,-0.112941384088203,0.126943357260743
ENSG00000136014,USP44,0.97697309736475,-0.517476214994081
ENSG00000166689,PLEKHA7,-0.134573558378927,0.079363294811723
ENSG00000087087,SRRT,-0.151308125842699,-0.142238451240579
ENSG00000129187,DCTD,-0.15923477259365,0.0005051958505268
ENSG00000112319,EYA4,0.253024258677074,0.147191811185363
ENSG00000139645,ANKRD52,-0.10101256673999,-0.0397014072490803
ENSG00000141179,PCTP,-0.213935653911812,0.0656330871186096
ENSG00000067606,PRKCZ,0.334409271697399,0.0818540207839763
ENSG00000176383,B3GNT4,0.836359902905537,-0.451066660915452
ENSG00000132623,ANKEF1,0.245676210416444,0.152452125292765
ENSG00000171988,JMJD1C,0.212355977640004,0.179935995619748
ENSG00000137124,ALDH1B1,-0.1485095570282,-0.068382606318445
ENSG00000141540,TTYH2,0.816562424755477,-0.0273122408527228
ENSG00000125485,DDX31,-0.197502116888211,0.177800529782074
ENSG00000123136,DDX39A,-0.170109847163669,-0.0831813785893
ENSG00000152778,IFIT5,-0.097233558820768,-0.0125392636750896
ENSG00000086730,LAT2,0.880761874594329,0.367085883632237
ENSG00000168140,VASN,-0.244085898642578,0.123350023896539
ENSG00000110315,RNF141,-0.235596742594054,0.202197833061251
ENSG00000137942,FNBP1L,0.219922571128084,0.0275318684291027
ENSG00000204920,ZNF155,0.462099503283849,0.204790106224934
ENSG00000196923,PDLIM7,-0.140637054922714,0.0493991758556679
ENSG00000166147,FBN1,-0.171853686984379,0.158244726619137
ENSG00000197565,COL4A6,-0.104026333689416,0.180636197799212
ENSG00000137575,SDCBP,-0.142105296526689,0.355894085155288
ENSG00000197405,C5AR1,0.398748950110686,0.41458082122872
ENSG00000118965,WDR35,0.268903934719562,0.234836504758904
ENSG00000196504,PRPF40A,0.207507252808693,-0.051908220233814
ENSG00000204390,HSPA1L,-0.609976537467664,0.0605372886422542
ENSG00000163703,CRELD1,-0.21476822422311,0.272473551683665
ENSG00000117650,NEK2,0.334480907967428,-0.487558820536329
ENSG00000253626,EIF5AL1,-0.277172405689761,-0.352721610343563
ENSG00000170906,NDUFA3,0.356139711953837,-0.286538397733775
ENSG00000113719,ERGIC1,-0.110258145256081,0.246475350911852
ENSG00000113810,SMC4,0.220704404348531,-0.198530038247902
ENSG00000117877,POLR1G,-0.258737306184849,-0.0121522926635031
ENSG00000100065,CARD10,-0.187613371001308,0.180646379858523
ENSG00000170458,CD14,-0.615025613975383,0.397877546564717
ENSG00000128609,NDUFA5,0.347356270140809,0.00195106039234751
ENSG00000254726,MEX3A,0.349761166363904,-0.47825544234221
ENSG00000010404,IDS,-0.091057612064635,-0.0178159197582112
ENSG00000260916,CCPG1,0.248895002223132,0.219715594688122
ENSG00000137699,TRIM29,-0.285210288964185,-0.217751047911658
ENSG00000104450,SPAG1,0.344979704187914,0.121166519147082
ENSG00000285294,LINC00842,-0.183458069599521,0.118106861192222
ENSG00000198369,SPRED2,0.231883898602813,0.140309775435042
ENSG00000131620,ANO1,-0.566344753608796,0.35190061510943
ENSG00000139083,ETV6,-0.109905181885094,0.0852882168034311
ENSG00000183579,ZNRF3,0.225467626162419,0.267683305144948
ENSG00000221968,FADS3,-0.160075991187355,-0.0283514778334733
ENSG00000183617,MRPL54,-0.336115397333609,0.100840368837604
ENSG00000249624,IFNAR2,-2.35544388657628,2.44516596870983
ENSG00000261832,CLN3,0.831076167084806,-0.299234226926023
ENSG00000087191,PSMC5,-0.12456722953686,0.0856150372940743
ENSG00000077782,FGFR1,-0.100391184907707,-0.0143740812042779
ENSG00000182185,RAD51B,0.358688969248666,0.205848255663559
ENSG00000184260,H2AC20,-0.413611731991032,-0.086739716998186
ENSG00000100292,HMOX1,-0.098477548384962,-0.33565326216893
ENSG00000134532,SOX5,0.857164369752582,-0.221674917890509
ENSG00000238105,GOLGA2P5,0.475515260717521,0.39007592798699
ENSG00000085872,CHERP,-0.140727450813828,0.0146934679425361
ENSG00000105058,FAM32A,-0.159046487903448,0.0875579624000636
ENSG00000101945,SUV39H1,-0.168256858642738,-0.335764441224523
ENSG00000102287,GABRE,0.191467750508065,0.106386307718096
ENSG00000077044,DGKD,-0.086801571324858,0.259034354333446
ENSG00000139410,SDSL,-0.213514002944206,0.0256245840898948
ENSG00000198408,OGA,-0.078565101364366,0.0436662217436262
ENSG00000076043,REXO2,0.320873127886341,0.0645230121449408
ENSG00000188738,FSIP2,-0.66282523833725,-0.152897939468747
ENSG00000181192,DHTKD1,0.278017718049074,-0.00097335079978409
ENSG00000164924,YWHAZ,-0.067990991387315,-0.121333969236176
ENSG00000118242,MREG,0.392384166088422,0.435090274303185
ENSG00000111266,DUSP16,0.179777820250219,0.423638340149053
ENSG00000109861,CTSC,-0.110119289811291,0.0156756239134186
ENSG00000108370,RGS9,0.498543941502382,-0.126042575871445
ENSG00000173334,TRIB1,0.211071716039178,0.300774224141943
ENSG00000101670,LIPG,-0.591141398811832,0.0326333309815607
ENSG00000165716,DIPK1B,0.432124644630754,-0.219252082813226
ENSG00000188994,ZNF292,0.225393561222795,0.109193803459319
ENSG00000109099,PMP22,0.266357687582701,-0.203700251365871
ENSG00000137752,CASP1,-0.241421552840798,0.132345586925607
ENSG00000107362,ABHD17B,0.336664997304561,-0.119026346420042
ENSG00000121057,AKAP1,-0.116026648105393,0.0641511246675755
ENSG00000179818,ASPRV1,NA,NA
ENSG00000154511,DIPK1A,0.298241588056305,-0.198171234420683
ENSG00000163536,SERPINI1,0.549100723312075,0.274344999741368
ENSG00000104177,MYEF2,0.238303345568987,-0.113877241964637
ENSG00000171863,RPS7,-0.113375451858058,0.104691934106208
ENSG00000134030,CTIF,-0.168120438196248,0.418066980992165
ENSG00000160818,GPATCH4,0.441990241149652,-0.651302952603982
ENSG00000093010,COMT,-0.129421294230108,0.137567359364198
ENSG00000111679,PTPN6,0.272297775680257,0.0245677075094075
ENSG00000256043,CTSO,-0.334298463924029,-0.26741963788182
ENSG00000149571,KIRREL3,-0.776435881832444,-0.17026044977215
ENSG00000107372,ZFAND5,0.219256264441441,0.0456083633297586
ENSG00000160710,ADAR,-0.058180030447252,-0.0449039100659305
ENSG00000165731,RET,-0.334389345139029,-0.084851526717427
ENSG00000198420,TCAF1,-0.111866506391629,0.137077597715189
ENSG00000206262,FOXL2NB,0.743785277248348,0.0505206955244736
ENSG00000138376,BARD1,-0.158517674560808,-0.28172930407706
ENSG00000155093,PTPRN2,-0.460081935080935,0.486987392114022
ENSG00000075213,SEMA3A,0.232868804594695,0.471246913127053
ENSG00000123146,ADGRE5,0.238726851021277,-0.098844634787748
ENSG00000177830,CHID1,-0.119634386957509,0.0299164297488333
ENSG00000117335,CD46,0.187679556645679,0.327483147461397
ENSG00000121716,PILRB,0.32101650344795,0.267796209977431
ENSG00000164045,CDC25A,-0.223979858723711,-0.32762751331999
ENSG00000259429,UBE2Q2P2,0.549308797277417,0.005346996904298
ENSG00000083444,PLOD1,-0.098108916755017,0.0529847448855544
ENSG00000149600,COMMD7,-0.148404777543243,0.108407305170834
ENSG00000129451,KLK10,-0.406868839450367,-0.0374039797237647
ENSG00000117472,TSPAN1,-0.347769657551332,-0.0310832136416629
ENSG00000119471,HSDL2,0.256185921016395,-0.145120278325748
ENSG00000213903,LTB4R,0.364394198677136,0.256846095390141
ENSG00000057935,MTA3,0.254496027235418,0.0720415409396567
ENSG00000262454,MIR193BHG,0.268375975703291,0.460048088978256
ENSG00000186026,ZNF284,0.513685963806418,-0.2860994964181
ENSG00000080603,SRCAP,-0.369079497433528,0.473384540143811
ENSG00000129518,EAPP,0.318370382918754,-0.0041029992777498
ENSG00000150347,ARID5B,0.292778461867493,0.3401613076495
ENSG00000088280,ASAP3,0.404960699901967,-0.051064725126003
ENSG00000162415,ZSWIM5,-0.267409200889963,0.297016523306928
ENSG00000151657,KIN,0.30981974928372,0.0414844168526743
ENSG00000076003,MCM6,-0.15994662392829,-0.411620266077895
ENSG00000166401,SERPINB8,-0.222834159207152,0.23313955210089
ENSG00000110844,PRPF40B,0.330343653305874,0.332965658212985
ENSG00000225648,SBDSP1,-0.198694893051834,0.0140597831040853
ENSG00000176915,ANKLE2,-0.105908546482761,0.135774797960763
ENSG00000123416,TUBA1B,-0.098703427399514,-0.434676113891604
ENSG00000103089,FA2H,-0.187114093022485,0.300008973678499
ENSG00000170160,CCDC144A,2.21393830105496,0.0914882585713426
ENSG00000143387,CTSK,0.418473083237123,0.293603306737753
ENSG00000143774,GUK1,-0.141830785326101,-0.144880925478941
ENSG00000136231,IGF2BP3,0.216402718439137,0.010130554221689
ENSG00000107249,GLIS3,0.184925104744785,0.233832442347384
ENSG00000241316,SUCLG2-DT,0.340307265699902,-0.123034336175759
ENSG00000140905,GCSH,0.344223021707982,-0.25116172308072
ENSG00000112701,SENP6,0.21851132867297,0.0115539984360979
ENSG00000184939,ZFP90,0.232369392962431,-0.052103573318243
ENSG00000168389,MFSD2A,0.455100946538659,0.438529657691151
ENSG00000254772,EEF1G,-0.485714494741811,-0.194353772052834
ENSG00000005022,SLC25A5,-0.10587150269814,-0.081767965287869
ENSG00000258289,CHURC1,-0.13324686028471,0.106285878848112
ENSG00000007171,NOS2,0.771650725486528,-0.200762494537161
ENSG00000105983,LMBR1,0.224816352399459,0.0778314213552795
ENSG00000011523,CEP68,0.261272308892292,-0.211269516847736
ENSG00000115904,SOS1,0.196339037066053,-0.074811626278508
ENSG00000128951,DUT,-0.191790758859938,-0.0457045875497073
ENSG00000170037,CNTROB,0.278672985670031,-0.047820394175504
ENSG00000174165,ZDHHC24,-0.198638736474685,0.17866735902745
ENSG00000178307,TMEM11,-0.163944016158575,-0.054699966046475
ENSG00000184371,CSF1,-0.118934867462758,0.166183484348868
ENSG00000152377,SPOCK1,-0.34408654689353,-0.57506415039167
ENSG00000021776,AQR,0.189319866151093,-0.00026623241181129
ENSG00000119938,PPP1R3C,0.318894006748935,0.207113776060843
ENSG00000179044,EXOC3L1,-0.62807685298895,-0.485805225611774
ENSG00000134516,DOCK2,-0.512954747321024,-1.20827896369734
ENSG00000132589,FLOT2,-0.095241236166481,0.209707847077188
ENSG00000243725,TTC4,-0.209734679480586,-0.147839270387211
ENSG00000145945,FAM50B,-0.46398413728117,0.0988131525566353
ENSG00000196235,SUPT5H,-0.087833294219263,0.138385689362575
ENSG00000159184,HOXB13,0.541072844715354,0.155287740759564
ENSG00000163960,UBXN7,0.230661504787927,-0.072030049152339
ENSG00000129824,RPS4Y1,-0.169381384216154,0.203365985839766
ENSG00000169851,PCDH7,-0.384831209386069,-0.106740289153946
ENSG00000101084,RAB5IF,-0.114329134944106,-0.0442433745490903
ENSG00000213401,MAGEA12,-0.459020766011597,-0.176416019682084
ENSG00000145016,RUBCN,-0.129205782149265,0.039879739941609
ENSG00000132842,AP3B1,0.228453561037776,-0.0403622289232545
ENSG00000088899,LZTS3,0.374945854316945,0.613187322220348
ENSG00000103888,CEMIP,-0.283654681817364,0.499232475425327
ENSG00000167110,GOLGA2,0.251804091070066,0.108425668585123
ENSG00000121858,TNFSF10,-0.129724217825129,0.230792200713698
ENSG00000215630,GUSBP9,-0.232163667210733,0.296206928986103
ENSG00000132424,PNISR,0.221397807882611,0.166317220682488
ENSG00000183726,TMEM50A,-0.11617069306906,0.0112758606628514
ENSG00000198171,DDRGK1,-0.1665299097329,0.0857486319111988
ENSG00000113389,NPR3,-0.129118542698306,0.127831289985591
ENSG00000158863,FHIP2B,0.247678192675346,0.151861026441816
ENSG00000099341,PSMD8,-0.08920100942812,0.0093353391676729
ENSG00000110063,DCPS,-0.214152108961513,0.031873559651031
ENSG00000180818,HOXC10,0.752982023292439,-0.556703925015829
ENSG00000198624,CCDC69,0.486961490360018,0.0070922483150018
ENSG00000182272,B4GALNT4,0.349732048630397,0.0956269704664817
ENSG00000205885,C1RL-AS1,0.221557475392229,0.274083455887352
ENSG00000228594,FNDC10,0.543209727968372,0.0114694065167588
ENSG00000204308,RNF5,0.308210354997808,0.0573837289387636
ENSG00000197283,SYNGAP1,0.395499508910211,0.309083432111749
ENSG00000163558,PRKCI,0.238760794298744,-0.0233786088322183
ENSG00000109265,CRACD,0.614020940793347,-0.255093908141982
ENSG00000133935,ERG28,0.278042136341673,-0.443597312111124
ENSG00000120068,HOXB8,0.622258960276219,-0.177595940009074
ENSG00000089048,ESF1,0.332730818428903,0.016842189178696
ENSG00000100605,ITPK1,-0.090144597397172,0.0085050334076003
ENSG00000185697,MYBL1,-0.25851522810746,-0.267665847102178
ENSG00000147383,NSDHL,-0.174704466587364,-0.236111652877663
ENSG00000164687,FABP5,0.304444616190169,-0.868283909501526
ENSG00000123353,ORMDL2,-0.138921984658185,-0.025313411867763
ENSG00000170027,YWHAG,-0.077067910567513,-0.137693441756774
ENSG00000100532,CGRRF1,0.422956156381886,-0.079412530471219
ENSG00000039123,MTREX,0.238708831299212,-0.138368104016853
ENSG00000166794,PPIB,-0.083418823694059,-0.08429355263599
ENSG00000185090,MANEAL,-0.187426452163907,-0.240682850419188
ENSG00000122786,CALD1,-0.084934000358016,0.097798457928526
ENSG00000182810,DDX28,-0.267670809229686,0.164791518052454
ENSG00000117868,ESYT2,-0.107318318943909,0.277636969979266
ENSG00000198176,TFDP1,-0.165319704240606,-0.119587080935743
ENSG00000035115,SH3YL1,0.360802699656021,0.135967809200517
ENSG00000135469,COQ10A,-0.21366795273783,0.234782028655341
ENSG00000160360,GPSM1,0.341600971902783,0.225804667403028
ENSG00000154240,CEP112,0.305368805796857,-0.147684860953453
ENSG00000105011,ASF1B,-0.17058679346787,-0.5478414623869
ENSG00000136147,PHF11,-0.178595173580289,0.0340901239267425
ENSG00000171658,NMRAL2P,-0.162052297309014,-0.0456784864256266
ENSG00000089057,SLC23A2,0.17167286223001,0.414208158545367
ENSG00000105246,EBI3,-0.465089637169755,0.281399105053891
ENSG00000008394,MGST1,-0.076001568349509,-0.156306645873553
ENSG00000148719,DNAJB12,-0.131790542547278,0.151022786205534
ENSG00000116199,FAM20B,-0.115820974139843,-0.212952959258623
ENSG00000163577,EIF5A2,-0.275995834384843,0.256505685855645
ENSG00000147118,ZNF182,0.332403832750355,-0.072079105525466
ENSG00000005187,ACSM3,0.528596940649172,-0.0945298358912
ENSG00000170525,PFKFB3,-0.077788854900816,0.0959795755767137
ENSG00000116984,MTR,0.21494504892729,-0.072904814368693
ENSG00000160783,PMF1,-0.153884618689354,-0.17479776986024
ENSG00000228253,ATP8,0.461477198867626,-0.87068358832965
ENSG00000175782,SLC35E3,0.298234558486246,0.138351839941504
ENSG00000198742,SMURF1,-0.096164322009621,0.0326976484555611
ENSG00000172059,KLF11,-0.22013197895201,-0.0431433475979686
ENSG00000144034,TPRKB,-0.351968361268276,0.202029265984631
ENSG00000112234,FBXL4,-0.176311107463703,0.0792438799503026
ENSG00000122966,CIT,0.204146546097656,-0.478793760588567
ENSG00000165655,ZNF503,0.282726364005125,0.073458243594763
ENSG00000135636,DYSF,-0.438093576729912,0.239175640119088
ENSG00000164855,TMEM184A,0.25479849178559,0.581667936215853
ENSG00000101997,CCDC22,-0.287464831661274,0.0751927126300711
ENSG00000253741,LNCOC1,-0.546890010219361,0.566860321317976
ENSG00000120948,TARDBP,-0.086356159999471,-0.0189605015435127
ENSG00000162959,MEMO1,-0.199071307530094,0.153491727917843
ENSG00000167962,ZNF598,-0.124247383097055,0.115307611749736
ENSG00000135299,ANKRD6,0.582755089848646,-0.186410717797468
ENSG00000125458,NT5C,-0.19261236102752,0.0955253878738843
ENSG00000167964,RAB26,0.671585838149913,0.145516027815352
ENSG00000134480,CCNH,0.30310574850917,-0.086273935127569
ENSG00000067715,SYT1,0.271487247783816,0.309458469947348
ENSG00000143106,PSMA5,-0.12253258596104,-0.0166248404743959
ENSG00000119711,ALDH6A1,0.346453294224609,0.0760007443644124
ENSG00000175573,C11orf68,-0.207690781618631,-0.238735364521489
ENSG00000132313,MRPL35,0.234703807129363,-0.129569063804735
ENSG00000105677,TMEM147,-0.091129540212007,0.0509998543329773
ENSG00000205542,TMSB4X,-0.112684790027721,-0.120577692940519
ENSG00000118193,KIF14,0.25078602939035,-0.41261220166181
ENSG00000204178,MACO1,0.280393986408187,-0.118686165544843
ENSG00000114019,AMOTL2,0.254209928838539,0.434060535458462
ENSG00000102181,CD99L2,-0.094937108611642,0.116732890154738
ENSG00000160862,AZGP1,-0.560104847084765,-0.252989167058435
ENSG00000276550,HERC2P2,0.210255900791534,0.40096985878112
ENSG00000198088,NUP62CL,0.428073037912606,-0.06510895784847
ENSG00000149273,RPS3,-0.08809147180467,-0.16082183366851
ENSG00000140988,RPS2,-0.092334998359514,-0.038631021325678
ENSG00000130958,SLC35D2,0.336411950156596,0.0139740689296325
ENSG00000126790,L3HYPDH,-0.16020108698869,0.122681353627342
ENSG00000159917,ZNF235,0.349869167071219,0.113213916874138
ENSG00000181007,ZFP82,0.635406609642617,0.0082789629247672
ENSG00000205336,ADGRG1,-0.079387535068494,-0.0314886586191897
ENSG00000282961,PRNCR1,0.68474522927073,-0.066552619926901
ENSG00000174353,TRIM74,0.30666023804163,0.254302790322026
ENSG00000132510,KDM6B,0.239681422221295,0.160840815109761
ENSG00000168994,PXDC1,-0.187912698215159,0.0659644466814309
ENSG00000164125,GASK1B,0.482736174187766,0.626639703453719
ENSG00000138617,PARP16,-0.23573091277008,-0.071446246287267
ENSG00000166340,TPP1,-0.12676884113558,0.202626897320338
ENSG00000070756,PABPC1,-0.076571358732046,-0.003078223432108
ENSG00000155158,TTC39B,0.278200142351962,0.0184460744997567
ENSG00000186907,RTN4RL2,-0.202259041702167,0.457679362508855
ENSG00000168404,MLKL,-0.091222921586369,0.141684051507618
ENSG00000136938,ANP32B,0.207623121927673,-0.32993483920405
ENSG00000112186,CAP2,-0.219715281518867,0.189645262884299
ENSG00000206527,HACD2,0.226487997077171,-0.199575975240528
ENSG00000079482,OPHN1,0.295582889352033,0.375553962362922
ENSG00000170832,USP32,0.195536675804086,0.140293603980603
ENSG00000130518,IQCN,-0.393109354485127,-0.0106384791564179
ENSG00000082701,GSK3B,0.184806662799528,0.135385222917427
ENSG00000196562,SULF2,0.386097556034766,0.303877904970652
ENSG00000197603,CPLANE1,0.221436022079468,0.218581820789922
ENSG00000081177,EXD2,0.254232260116049,-0.06812220002905
ENSG00000117676,RPS6KA1,0.260856117197796,-0.12503525378463
ENSG00000183778,B3GALT5,-0.27557259907668,-0.165683303737297
ENSG00000283154,SCHIP1,NA,NA
ENSG00000168802,CHTF8,-0.176736138037551,-0.0082641016330753
ENSG00000188906,LRRK2,0.240842293476618,0.287119712076301
ENSG00000100461,RBM23,-0.106390476536256,0.0607424063785035
ENSG00000196776,CD47,-0.113096702028785,-0.10526784596685
ENSG00000176595,KBTBD11,0.421106228717737,-0.163225494962721
ENSG00000105372,RPS19,-0.131701627706453,0.130184766884375
ENSG00000134215,VAV3,0.437651619893225,0.0746887973866866
ENSG00000130775,THEMIS2,-0.180821533746473,0.166610425158778
ENSG00000135372,NAT10,-0.116424466128193,-0.0083621819750475
ENSG00000180667,YOD1,-0.169886673178082,0.130335344650268
ENSG00000072310,SREBF1,0.212746941343784,0.20946503766495
ENSG00000099364,FBXL19,0.230409053413226,0.0602250427399904
ENSG00000068400,GRIPAP1,0.231155183157244,0.178296388309709
ENSG00000205269,TMEM170B,0.493129334329069,-0.0153470798412851
ENSG00000215196,BASP1-AS1,0.487457256159677,0.49655521737356
ENSG00000110931,CAMKK2,-0.122859254524894,0.0135742031361265
ENSG00000103512,NOMO1,-0.065932525858018,0.0698923855567956
ENSG00000075643,MOCOS,-0.131085451978291,0.071375729018262
ENSG00000204410,MSH5,0.389475223794733,0.0413141632003671
ENSG00000111276,CDKN1B,0.238388853565345,0.130919336574692
ENSG00000129521,EGLN3,-0.161886683383834,0.497798253024731
ENSG00000122642,FKBP9,-0.096085130297451,-0.137507402600788
ENSG00000128311,TST,0.295686653471123,0.0838958552515203
ENSG00000177000,MTHFR,-0.16588390354569,0.508151308440696
ENSG00000173275,ZNF449,0.384082457780338,0.102464670609778
ENSG00000172379,ARNT2,0.231516453125579,-0.173147317220259
ENSG00000179409,GEMIN4,-0.126526696811033,-0.19196561441534
ENSG00000137812,KNL1,0.25231274513659,-0.462191519943587
ENSG00000101442,ACTR5,-0.315591108711917,-0.121959640026718
ENSG00000130175,PRKCSH,-0.142655406249333,0.0454561874631312
ENSG00000101150,TPD52L2,-0.084858604875912,-0.163807170844742
ENSG00000079112,CDH17,-0.204591197445383,0.514148483271496
ENSG00000149573,MPZL2,-0.284312661678573,-0.242159964874439
ENSG00000067955,CBFB,-0.131046253827099,-0.150632153334199
ENSG00000090432,MUL1,-0.137116119465237,0.0960811671164669
ENSG00000231574,LINC02015,-0.518209403331781,0.585450116573465
ENSG00000167925,GHDC,-0.191026521633147,0.33852539489968
ENSG00000122068,FYTTD1,-0.120334705186759,-0.068668323760228
ENSG00000100600,LGMN,-0.136160908712542,-0.119994395005465
ENSG00000163754,GYG1,-0.159603091604314,0.037419219295534
ENSG00000079313,REXO1,-0.174340256984653,0.194216547393806
ENSG00000165487,MICU2,0.304691671908716,-0.183401929334665
ENSG00000089159,PXN,-0.078836217020198,0.0849670350741014
ENSG00000068654,POLR1A,-0.078460335651271,0.0542960378817956
ENSG00000165272,AQP3,-0.188575587563742,-0.084223952759056
ENSG00000277161,PIGW,-0.268265422165726,0.16215731326422
ENSG00000151023,ENKUR,-0.743115886479542,0.708554760524599
ENSG00000127980,PEX1,0.280022993785309,0.11735046737896
ENSG00000260128,ULK4P1,NA,NA
ENSG00000172269,DPAGT1,-0.113770668079476,0.144008193360243
ENSG00000113272,THG1L,-0.211308923105474,0.0860287410313062
ENSG00000160961,ZNF333,-0.359831628636998,0.301209685647452
ENSG00000067167,TRAM1,-0.094947510270194,-0.074032941587483
ENSG00000071246,VASH1,0.335526768186604,-0.0140334094849133
ENSG00000239264,TXNDC5,-0.124182508167952,-0.12893869522777
ENSG00000121653,MAPK8IP1,0.403234403420422,-0.231283889973032
ENSG00000160469,BRSK1,0.471595127024058,0.604949959941929
ENSG00000159579,RSPRY1,0.206190198716422,-0.0231553412937549
ENSG00000151176,PLBD2,-0.101571504759666,-0.047830639814109
ENSG00000144580,CNOT9,-0.107409654446597,-0.090558894084817
ENSG00000076321,KLHL20,-0.174417312719032,0.0399826898443687
ENSG00000072195,SPEG,0.547748001312883,0.228466852679804
ENSG00000101182,PSMA7,-0.119834783220559,-0.102283452241665
ENSG00000141384,TAF4B,0.38952924616672,-0.0673510072477
ENSG00000185201,IFITM2,-0.094865538964158,-0.059044987760216
ENSG00000160570,DEDD2,-0.1428608419984,-0.220036311710962
ENSG00000108848,LUC7L3,0.209631243252254,0.115475057681286
ENSG00000143537,ADAM15,-0.082696485020514,-0.146980179403916
ENSG00000206075,SERPINB5,-0.513181661812833,-0.0153546338369665
ENSG00000100280,AP1B1,-0.112433588921832,-0.0064410654313299
ENSG00000165271,NOL6,-0.101127593570964,0.149729148358944
ENSG00000100129,EIF3L,-0.09823874034611,0.0400425858628483
ENSG00000131171,SH3BGRL,-0.212173197824556,0.260721025584801
ENSG00000167978,SRRM2,-0.082069535227759,0.284258023995089
ENSG00000141480,ARRB2,0.262942479239752,0.0250511570989062
ENSG00000067113,PLPP1,-0.170622463841662,0.445248961284565
ENSG00000132906,CASP9,0.349944000881946,0.240336921735054
ENSG00000136490,LIMD2,0.626826180244099,-0.069237214564567
ENSG00000260238,PMF1-BGLAP,-0.680417540768845,0.47500202198488
ENSG00000133226,SRRM1,0.219094154981106,-0.081237588784152
ENSG00000163297,ANTXR2,-0.247910388230668,-0.234562321081959
ENSG00000142039,CCDC97,-0.145266286256191,0.163529156171276
ENSG00000186185,KIF18B,-0.150040710909205,-0.339763663310795
ENSG00000124151,NCOA3,0.16726506329631,0.23294569306029
ENSG00000095485,CWF19L1,0.242761083574814,-0.217796933140465
ENSG00000136717,BIN1,0.280806366273401,-0.138684832426974
ENSG00000131018,SYNE1,-0.106041975641207,-0.0083229923848375
ENSG00000164128,NPY1R,0.708083715177584,0.467037492661268
ENSG00000142528,ZNF473,-0.179360979284489,0.129008719931164
ENSG00000166925,TSC22D4,0.293308525241809,0.0969379326543015
ENSG00000233927,RPS28,0.380741708921568,-0.185465137138104
ENSG00000243547,HNRNPKP4,-0.334064983872338,0.374399868480129
ENSG00000100911,PSME2,-0.070451137187843,-0.115005272802001
ENSG00000177409,SAMD9L,-0.123564786724543,-0.00234830546394039
ENSG00000079432,CIC,0.173561016119349,0.16544566829375
ENSG00000013588,GPRC5A,-0.061194382237219,0.397342843124054
ENSG00000111707,SUDS3,0.242533216536674,0.0182083189684959
ENSG00000099331,MYO9B,-0.09564074884315,-0.0265174052900167
ENSG00000261236,BOP1,-0.119765190834128,-0.069422243911979
ENSG00000146083,RNF44,0.228275833581558,0.0151170901010375
ENSG00000175220,ARHGAP1,-0.09416056804088,-0.0235525027181072
ENSG00000054967,RELT,-0.20774400694872,-0.074737295193448
ENSG00000115825,PRKD3,0.194452760059528,-0.134466193316594
ENSG00000167797,CDK2AP2,-0.13710970566735,-0.060122732739165
ENSG00000059122,FLYWCH1,0.245951547383956,0.0836801228765177
ENSG00000132109,TRIM21,-0.099005384912914,0.153846727534505
ENSG00000129932,DOHH,-0.296025244487687,0.167556994022098
ENSG00000142102,PGGHG,0.32518651347086,0.479779811398311
ENSG00000136021,SCYL2,0.208411766179452,-0.024364630541101
ENSG00000078687,TNRC6C,-0.200429241521967,0.0566041530811751
ENSG00000138646,HERC5,0.192512705178224,0.21874878406624
ENSG00000137656,BUD13,-0.234262437661898,0.0475403117247584
ENSG00000130429,ARPC1B,-0.113557933668512,0.0286231601090282
ENSG00000240204,SMKR1,0.759768517572642,-0.634928165696473
ENSG00000215375,MYL5,-0.398773731328448,0.487633504326942
ENSG00000070371,CLTCL1,0.273481626343778,0.331383921987175
ENSG00000143543,JTB,0.260652961546121,-0.118170419964015
ENSG00000135913,USP37,-0.119856354841657,0.0150970299362338
ENSG00000197451,HNRNPAB,-0.079468000249906,-0.345672657441125
ENSG00000215030,RPL13P12,-0.240951466429776,0.316940781947473
ENSG00000102580,DNAJC3,-0.11021565085674,0.085145873564924
ENSG00000012504,NR1H4,0.489558532304765,0.366756531177047
ENSG00000197375,SLC22A5,-0.110107072107259,0.0450797071477144
ENSG00000116688,MFN2,-0.095883404966201,-0.0051763597291548
ENSG00000189339,SLC35E2B,0.231864762185116,0.245215984529508
ENSG00000137821,LRRC49,0.422205963126547,-0.0331566404715135
ENSG00000137504,CREBZF,-0.109650089524502,0.215578847003848
ENSG00000101447,FAM83D,-0.15895696329923,-0.559362307229973
ENSG00000181744,DIPK2A,-0.194897295002312,-0.103928003546051
ENSG00000261740,BOLA2-SMG1P6,0.429120747240531,-0.119793980997954
ENSG00000023171,GRAMD1B,-0.081330698629843,0.38478767018308
ENSG00000162783,IER5,-0.108572570273941,0.126221926985314
ENSG00000003147,ICA1,0.524539830124704,0.125101055491176
ENSG00000203814,H2BC18,-0.105897168194707,-0.338878200624292
ENSG00000261052,SULT1A3,-1.11407274974869,0.576878854441663
ENSG00000100300,TSPO,-0.169715116988176,0.0042158082397543
ENSG00000266714,MYO15B,-0.093609482674134,0.413949295145619
ENSG00000101246,ARFRP1,-0.144762691788892,0.191707836460102
ENSG00000137845,ADAM10,-0.085037866551841,0.121571811439038
ENSG00000164244,PRRC1,-0.130653937329652,-0.061729057746831
ENSG00000285756,LOC389906,0.229146570900059,-0.0117674539120401
ENSG00000175197,DDIT3,0.39586655274535,0.644469510833884
ENSG00000186806,VSIG10L,-0.148923220501696,-0.25712469476635
ENSG00000159166,LAD1,-0.362453229864274,0.104521135308997
ENSG00000134463,ECHDC3,0.619736800504014,-0.445253304954638
ENSG00000115758,ODC1,-0.165043833776979,-0.072092267208614
ENSG00000143776,CDC42BPA,0.179419363564263,0.141666248069261
ENSG00000188342,GTF2F2,0.364816111706636,-0.092684712183221
ENSG00000154920,EME1,-0.207600882949252,-0.120206098042917
ENSG00000141552,ANAPC11,-0.167163608343221,0.0114549159040135
ENSG00000198900,TOP1,0.181399451488924,-0.00017407409841099
ENSG00000077420,APBB1IP,-0.454560857684115,0.495656124262381
ENSG00000090863,GLG1,-0.078122993990151,0.122425306284427
ENSG00000138018,SELENOI,-0.087439115123403,-0.170120952405935
ENSG00000140284,SLC27A2,-0.082438463694494,0.0854203677629231
ENSG00000117450,PRDX1,-0.086879533220506,-0.227032305315737
ENSG00000148840,PPRC1,-0.082527303827409,0.0871304954397572
ENSG00000181904,C5orf24,-0.145336293720372,0.20710262219369
ENSG00000169727,GPS1,-0.125338603786156,0.108880540902195
ENSG00000175931,UBE2O,-0.095646341197997,-0.0252504444047336
ENSG00000176155,CCDC57,0.272846042121259,0.307313522051289
ENSG00000154127,UBASH3B,-0.134355123997491,-0.0171785851936293
ENSG00000144642,RBMS3,-0.355126704511768,-0.21822027174972
ENSG00000016391,CHDH,0.395051180080905,-0.226100276940067
ENSG00000052841,TTC17,-0.074215524443041,0.222977094811271
ENSG00000121741,ZMYM2,0.185165890783007,0.0590718239825869
ENSG00000221988,PPT2,0.430244622515561,0.184217007068262
ENSG00000213190,MLLT11,0.236605269209985,-0.102390862426632
ENSG00000196705,ZNF431,0.314377739802171,-0.161662296661416
ENSG00000095015,MAP3K1,0.228343690534007,0.212869442780881
ENSG00000263266,RPS7P1,-0.169329104833821,0.227406567081009
ENSG00000261115,TMEM178B,0.56257957229078,-0.07769771525172
ENSG00000160049,DFFA,0.247100891421733,-0.088838938477157
ENSG00000165102,HGSNAT,-0.095037472716438,0.0747375387288367
ENSG00000257335,MGAM,-0.543707129031945,0.255329683981232
ENSG00000099284,MACROH2A2,0.276829261267881,-0.192250374347949
ENSG00000139644,TMBIM6,-0.088115090143446,-0.039717295339484
ENSG00000102974,CTCF,-0.109657323525435,-0.055075019998888
ENSG00000181751,MACIR,-0.19035698597054,-0.108047894694495
ENSG00000111602,TIMELESS,-0.099970179462421,-0.147248974491469
ENSG00000103353,UBFD1,-0.103235279226253,-0.0028556452245894
ENSG00000198133,TMEM229B,-0.317449565031291,0.326744460574728
ENSG00000167281,RBFOX3,0.402558979902371,1.011152168869
ENSG00000166224,SGPL1,-0.117323142245785,-0.136347068493169
ENSG00000160991,ORAI2,0.286770548270909,-0.0280906614211462
ENSG00000157077,ZFYVE9,0.266786178743581,0.138158391462755
ENSG00000131080,EDA2R,0.264872323256552,0.310304906752228
ENSG00000176225,RTTN,0.213300549007454,0.0688514094105392
ENSG00000102786,INTS6,0.188381032399376,0.188571447645109
ENSG00000125676,THOC2,0.176402267050753,0.31251686401973
ENSG00000176396,EID2,0.32710318509229,-0.236639942506123
ENSG00000133739,LRRCC1,0.500042809020364,-0.603388267091258
ENSG00000114867,EIF4G1,-0.05955360171821,-0.0275573714901043
ENSG00000125505,MBOAT7,-0.083182261823247,-0.091020465872407
ENSG00000176124,DLEU1,NA,NA
ENSG00000234616,JRK,-0.130187056165088,0.0332533809919062
ENSG00000166278,C2,-0.346501102310787,0.0389358323746697
ENSG00000169905,TOR1AIP2,0.181864556741032,0.0596541339976701
ENSG00000161682,FAM171A2,0.640998406267541,-0.0470288406032266
ENSG00000160949,TONSL,-0.133425651540772,-0.206782552702044
ENSG00000101493,ZNF516,0.278881917689568,0.0763368324943465
ENSG00000162244,RPL29,-0.126910159236902,-0.05992146522457
ENSG00000170468,RIOX1,-0.181160552742179,-0.0472675440338031
ENSG00000167508,MVD,-0.173081200310781,-0.286011923758295
ENSG00000138207,RBP4,-0.209193258042982,-0.150011245642471
ENSG00000136718,IMP4,-0.101823926889295,-0.00064318165027799
ENSG00000116191,RALGPS2,0.26655346762883,-0.0405367176625664
ENSG00000137814,HAUS2,-0.204712438215238,-0.124004539483203
ENSG00000119772,DNMT3A,0.261688383991082,0.0672677915776537
ENSG00000203808,BVES-AS1,0.755040708178134,-0.638934234285448
ENSG00000188404,SELL,-0.567761244331478,-0.59450591389353
ENSG00000257621,PSMA3-AS1,0.24346507916524,0.111380298421388
ENSG00000146278,PNRC1,0.268955189231361,0.144549980049756
ENSG00000163820,FYCO1,0.201239420192696,5.41276910676e-05
ENSG00000009413,REV3L,0.216223324433074,0.176446110909993
ENSG00000105088,OLFM2,-0.331978770454113,0.194464284134589
ENSG00000214435,AS3MT,0.474999364009913,-0.720398444548292
ENSG00000087086,FTL,0.397566639064717,-0.34527691424117
ENSG00000172586,CHCHD1,0.402138750651682,-0.257485938705914
ENSG00000187775,DNAH17,-0.322289806535415,0.230821352735081
ENSG00000181788,SIAH2,-0.153879372864986,-0.0463928063731493
ENSG00000116221,MRPL37,-0.119687305181916,-0.070938903413311
ENSG00000168310,IRF2,-0.173434663558233,-0.0175154610389187
ENSG00000198839,ZNF277,0.267128893599904,0.227472005864695
ENSG00000133121,STARD13,0.317897545264578,0.205644725808757
ENSG00000132881,CPLANE2,-0.459207587000742,0.164250336861854
ENSG00000258057,BCDIN3D-AS1,0.690442901446327,-0.095747040555557
ENSG00000118482,PHF3,0.18734043273074,0.118321802386286
ENSG00000102172,SMS,-0.108458888533234,-0.157477426691092
ENSG00000105202,FBL,-0.078196879751193,-0.099730855668172
ENSG00000165376,CLDN2,-0.118681707602419,0.449249220656127
ENSG00000100442,FKBP3,0.264273203714904,-0.182105926087899
ENSG00000198556,ZNF789,0.332481397234741,-0.36717545273648
ENSG00000143319,ISG20L2,-0.095213447187879,-0.104295525450801
ENSG00000163220,S100A9,-0.310406249025369,0.756607946037848
ENSG00000157106,SMG1,-0.06620432334363,0.174777837649152
ENSG00000010030,ETV7,-0.352578202560304,0.414809152581811
ENSG00000196605,ZNF846,NA,NA
ENSG00000154864,PIEZO2,-0.111422069486871,0.463565560838594
ENSG00000133789,SWAP70,0.254542333793648,-0.087022145950446
ENSG00000105329,TGFB1,-0.098354198965809,0.276618088768168
ENSG00000143198,MGST3,-0.088364016668852,0.231573382028867
ENSG00000205903,ZNF316,-0.161464342355468,0.440226760815035
ENSG00000130600,H19,NA,NA
ENSG00000164296,TIGD6,-0.302062524467213,0.244028611285932
ENSG00000165795,NDRG2,0.578864137064684,0.358288186794398
ENSG00000130766,SESN2,0.244732426572424,0.268213925246128
ENSG00000129071,MBD4,0.248851086644143,-0.231978291496409
ENSG00000173894,CBX2,-0.154632844009092,-0.402605533545345
ENSG00000265479,DTX2P1-UPK3BP1-PMS2P11,0.260248091814087,0.307818518756494
ENSG00000067334,DNTTIP2,-0.12396479607554,-0.106173444497052
ENSG00000131149,GSE1,0.176936967177962,0.184864041597415
ENSG00000095261,PSMD5,0.201824005050916,-0.0391028107750751
ENSG00000138347,MYPN,-0.328199114501564,0.563393048974544
ENSG00000107186,MPDZ,0.224101284117999,0.188822653395723
ENSG00000173698,ADGRG2,-0.188471312246037,0.095193327899337
ENSG00000086548,CEACAM6,-0.11208503216049,0.0888604624110014
ENSG00000180357,ZNF609,0.205867745919048,0.100103308706462
ENSG00000144320,LNPK,-0.151719905316367,-0.096897428202144
ENSG00000136527,TRA2B,-0.081283672120063,0.0649861571982658
ENSG00000105287,PRKD2,-0.070066080056858,0.0671832433723167
ENSG00000143437,ARNT,0.210374534397397,0.198888651582375
ENSG00000215012,RTL10,-0.173746542591744,-0.094872623984064
ENSG00000172977,KAT5,-0.164709894028485,-0.03699898347168
ENSG00000164176,EDIL3,-0.234079315360627,-0.456661086625466
ENSG00000249738,LOC285626,0.668600955780091,0.189552467825651
ENSG00000138867,GUCD1,-0.09634049024539,-0.103762142160043
ENSG00000169762,TAPT1,-0.200352603138243,0.177785180821779
ENSG00000157107,FCHO2,0.23544853193467,0.0778236546881874
ENSG00000138382,METTL5,0.265242228807226,-0.168886169309551
ENSG00000050820,BCAR1,-0.090196567139409,0.100931588825878
ENSG00000205302,SNX2,0.238716586729979,0.0019642674723562
ENSG00000104237,RP1,-0.416663569398934,0.0063010705013867
ENSG00000116711,PLA2G4A,0.21633590618003,0.340009716917278
ENSG00000099814,CEP170B,-0.084349272902911,0.0935466505887491
ENSG00000149187,CELF1,-0.07416996352251,0.0775681497408359
ENSG00000141027,NCOR1,0.176697977328768,0.109776750843482
ENSG00000118689,FOXO3,-0.123626617483046,0.0032729514559333
ENSG00000114209,PDCD10,0.250150730565339,-0.089394536439935
ENSG00000116539,ASH1L,0.167803668057036,0.0642249373183013
ENSG00000184990,SIVA1,-0.16718028450059,-0.145363409679671
ENSG00000114904,NEK4,0.247159889404709,-0.083598504296401
ENSG00000131473,ACLY,-0.050862054325672,-0.077684519342997
ENSG00000114503,NCBP2,-0.108264024736016,0.0758928307428079
ENSG00000247828,TMEM161B-DT,0.217017328441701,-0.0130759313697159
ENSG00000100523,DDHD1,0.231636605992922,-0.117005506157274
ENSG00000101199,ARFGAP1,-0.096867154042665,0.15529266432238
ENSG00000197852,INKA2,0.603498980981199,-0.053915909966157
ENSG00000177565,TBL1XR1,0.19780251696414,0.177677639788255
ENSG00000148730,EIF4EBP2,-0.087472265451062,-0.196918040310399
ENSG00000166164,BRD7,0.193665733005817,-0.095726813949366
ENSG00000176018,LYSMD3,-0.172539418681883,0.18297146689887
ENSG00000236576,LOC100631242,0.821940985600103,-0.0160561230404951
ENSG00000067798,NAV3,-0.112984669865479,-0.077299546170662
ENSG00000173141,MRPL57,0.317342595323728,-0.327113942405673
ENSG00000224807,DUX4L9,0.731713757536278,0.559362659968694
ENSG00000111639,MRPL51,0.244918672671594,-0.28286892004
ENSG00000104967,NOVA2,0.843150274874584,0.145221132521504
ENSG00000198836,OPA1,0.206047306367931,-0.0014350158716941
ENSG00000173376,NDNF,0.77295037637966,-0.655490928195352
ENSG00000101444,AHCY,-0.076405099606082,-0.125466065005251
ENSG00000140403,DNAJA4,-0.346180086166301,-0.573949578291976
ENSG00000059145,UNKL,-0.155617148980539,-0.139839222619948
ENSG00000156802,ATAD2,-0.087026950160826,-0.286574248118138
ENSG00000107438,PDLIM1,-0.076908651220901,0.136734567940051
ENSG00000205133,TRIQK,0.361107447854556,-0.08053328542898
ENSG00000130227,XPO7,0.178404316588594,-0.160905470591558
ENSG00000135916,ITM2C,-0.12303937358189,0.103572703089292
ENSG00000100138,SNU13,-0.101369076905147,0.065949179069412
ENSG00000103091,WDR59,0.217345160634909,0.137624792422151
ENSG00000127580,WDR24,-0.207757293943973,0.237014085588148
ENSG00000057757,PITHD1,-0.162106297716921,-0.067610537029843
ENSG00000105388,CEACAM5,-0.197618280706784,0.193126743310382
ENSG00000230176,LINC01433,0.460964728234037,0.376328799331066
ENSG00000177706,FAM20C,-0.175010532633502,-0.055663701864179
ENSG00000146834,MEPCE,-0.119571585938556,-0.041342492591352
ENSG00000128000,ZNF780B,0.234661554000307,0.228272500678753
ENSG00000153048,CARHSP1,-0.098130758752753,0.0265842127894898
ENSG00000156471,PTDSS1,-0.095118730215995,-0.234896851652466
ENSG00000038210,PI4K2B,-0.184117282424115,0.158597099575558
ENSG00000101966,XIAP,-0.096325919867178,0.192867604473702
ENSG00000106305,AIMP2,-0.161502988171419,0.0122867154538491
ENSG00000178177,LCORL,0.33762809825069,-0.073592946714897
ENSG00000236609,ZNF853,0.667225798152961,0.104767313223362
ENSG00000181396,OGFOD3,-0.16784531957252,0.0870915755979538
ENSG00000173517,PEAK1,0.203640016028869,0.161662046900651
ENSG00000004897,CDC27,0.177862277545512,0.0768923419352522
ENSG00000111348,ARHGDIB,-0.467321872085361,-0.371436560004805
ENSG00000182985,CADM1,-0.114375428974456,0.0471247330348269
ENSG00000087460,GNAS,-0.07399482979688,-0.0307669817850818
ENSG00000125538,IL1B,-0.477492722288035,0.0934534395695177
ENSG00000206562,METTL6,0.259991688113727,0.0581389325221716
ENSG00000119669,IRF2BPL,-0.085749356176464,0.0584157774654096
ENSG00000197608,ZNF841,-0.169850720959255,0.0988157101841671
ENSG00000107551,RASSF4,0.46865802408928,0.102494892565581
ENSG00000115159,GPD2,-0.096584008048844,-0.0317672320501713
ENSG00000110911,SLC11A2,0.201260728124503,0.0891528580115196
ENSG00000140386,SCAPER,0.337867983673432,-0.0065395098059312
ENSG00000054654,SYNE2,0.177802014698114,0.179453009563617
ENSG00000204463,BAG6,-0.06465085342657,0.0466540292648011
ENSG00000169083,AR,0.220532113137081,-0.204332454213132
ENSG00000119326,CTNNAL1,-0.20696704355647,-0.060863750367023
ENSG00000100242,SUN2,-0.102891085913926,0.00981750429456611
ENSG00000160014,CALM3,-0.071684264797795,-0.15958314253268
ENSG00000005108,THSD7A,0.209491198717877,0.360635695532512
ENSG00000188677,PARVB,-0.164800202360496,0.0536396883593185
ENSG00000091262,ABCC6,0.39766925353225,0.80492554107322
ENSG00000184678,H2BC21,-0.110646784534529,-0.326152553787464
ENSG00000262943,ALOX12P2,0.355275051236036,0.212178127402381
ENSG00000132434,LANCL2,-0.277137428232431,-0.091754172555001
ENSG00000100526,CDKN3,0.259276934381386,-0.537248341735941
ENSG00000134910,STT3A,-0.078620799861053,-0.055427982234243
ENSG00000134470,IL15RA,-0.264699016101484,-0.0195946124315403
ENSG00000143164,DCAF6,0.201866067542252,0.249016710488111
ENSG00000178814,OPLAH,-0.237290201186722,0.643354255914199
ENSG00000158195,WASF2,-0.075776427513974,-0.058228598253914
ENSG00000265763,ZNF488,-0.307011164334637,-0.323257751038635
ENSG00000188681,TEKT4P2,NA,NA
ENSG00000176273,SLC35G1,-0.257994050256084,-0.0479156724799679
ENSG00000105792,CFAP69,0.619436626879102,0.0411448467694677
ENSG00000160326,SLC2A6,-0.184612872669874,0.138098500240184
ENSG00000148513,ANKRD30A,0.611833092153917,0.236092920576058
ENSG00000097033,SH3GLB1,-0.120754417632555,0.275044844058093
ENSG00000100575,TIMM9,0.271060263046074,-0.0184143878573045
ENSG00000198848,CES1,-0.167835552824763,0.29660792013356
ENSG00000170248,PDCD6IP,-0.08316829332206,0.0489558649932944
ENSG00000108651,UTP6,0.209614662074537,-0.123946055235251
ENSG00000205517,RGL3,0.730429843916585,0.344213868619322
ENSG00000213442,RPL18AP3,-0.193088281906605,0.0156429602256649
ENSG00000111906,HDDC2,0.245227275286785,-0.155104069017736
ENSG00000163072,NOSTRIN,0.348180087924617,1.27513870857313
ENSG00000123106,CCDC91,0.270385656316786,0.0919624842084398
ENSG00000173805,HAP1,0.584168112417493,0.207534451327899
ENSG00000163362,INAVA,-0.078562649185356,0.224879613709874
ENSG00000187037,GPR141,0.615266038018386,0.249902160140381
ENSG00000074370,ATP2A3,-0.201034482039305,0.0567728535623801
ENSG00000185278,ZBTB37,-0.133867986715585,0.200320624910994
ENSG00000033050,ABCF2,-0.099378674172791,-0.0281946176686399
ENSG00000171109,MFN1,0.239581330777808,0.0093591187811214
ENSG00000143373,ZNF687,-0.115963383334934,0.266451130908269
ENSG00000130255,RPL36,0.235639033508102,-0.183595089292774
ENSG00000085644,ZNF213,-0.185166467451867,0.124335390504231
ENSG00000124429,POF1B,0.243682690708258,0.0866414111889471
ENSG00000229544,NKX1-2,0.711440764141238,-0.177588540412053
ENSG00000140406,TLNRD1,-0.196781079964951,-0.256872732610768
ENSG00000145604,SKP2,-0.129010406898786,-0.25327923514925
ENSG00000184363,PKP3,-0.12133112082775,-0.0440504237165269
ENSG00000125912,NCLN,-0.091652321703322,-0.096080726063906
ENSG00000059588,TARBP1,0.243714162377732,0.115251807370801
ENSG00000100485,SOS2,0.23837722647901,0.0315298746621679
ENSG00000185404,SP140L,-0.143632434903313,0.156478583983078
ENSG00000086666,ZFAND6,0.205224675060594,0.178680119766857
ENSG00000189050,RNFT1,0.346165376247131,-0.0460436576861406
ENSG00000149532,CPSF7,-0.083526577042583,0.111949161716074
ENSG00000188483,IER5L,-0.109959382850473,0.0991862774866971
ENSG00000130816,DNMT1,-0.077153608882086,-0.111416574166139
ENSG00000147548,NSD3,0.179010664753397,-0.052159354734659
ENSG00000275832,ARHGAP23,-0.122246657225475,0.0664672405693459
ENSG00000169245,CXCL10,-0.236870312907057,0.149865663278422
ENSG00000141854,MISP3,0.794310439523904,-0.73440297001212
ENSG00000137815,RTF1,0.241695402872343,-0.158498656148147
ENSG00000183742,MACC1,-0.235482604328415,-0.198796592314879
ENSG00000173166,RAPH1,0.184678333691619,0.0805315004728406
ENSG00000028203,VEZT,0.174267060786412,0.104494698165669
ENSG00000158411,MITD1,0.293682210219564,0.0455960408052889
ENSG00000128591,FLNC,-0.436136716967992,-0.0166038563398766
ENSG00000105669,COPE,-0.100186884870884,0.117124238838974
ENSG00000138688,KIAA1109,0.178144191764304,0.104396592212844
ENSG00000115170,ACVR1,-0.140557647551413,0.370225855799946
ENSG00000166881,NEMP1,-0.11542353932231,-0.167346226972073
ENSG00000180879,SSR4,-0.089746694929443,-0.00568684625597399
ENSG00000133773,CCDC59,0.31627285988993,-0.097004579970025
ENSG00000115541,HSPE1,0.258496975181231,-0.664229036041005
ENSG00000132388,UBE2G1,0.201560071099249,0.0630452544693331
ENSG00000235706,DICER1-AS1,0.578085128229731,0.190244056702205
ENSG00000164400,CSF2,-0.684504052432466,0.333949986842851
ENSG00000174456,C12orf76,0.416448217415402,-0.284732302584227
ENSG00000147689,FAM83A,0.254080275488888,0.53752590751137
ENSG00000170482,SLC23A1,-0.237797413891133,0.513469861066549
ENSG00000254285,KRT8P3,-0.384555573459917,0.355512086107651
ENSG00000114626,ABTB1,0.449412967904516,0.3767740399051
ENSG00000167755,KLK6,-0.21502489255001,-0.42595219534842
ENSG00000235831,BHLHE40-AS1,0.597051450696708,-0.138624951767902
ENSG00000172869,DMXL1,0.203794565146281,0.169937193638359
ENSG00000164031,DNAJB14,0.250000889774456,-0.0193502807778084
ENSG00000090238,YPEL3,0.64706440777175,0.652233504768045
ENSG00000179820,MYADM,-0.080637444064365,-0.102792324843958
ENSG00000099290,WASHC2A,0.249101279025295,-0.0212341261101527
ENSG00000167987,VPS37C,-0.166282324264598,0.0240155165597152
ENSG00000152291,TGOLN2,-0.052018219479881,0.0611076511672559
ENSG00000112414,ADGRG6,0.181751641700598,0.258259813187933
ENSG00000165475,CRYL1,-0.356105365667584,0.246986485787338
ENSG00000125124,BBS2,0.301417662683812,0.23278065231428
ENSG00000100580,TMED8,0.212293040572909,-0.258442924870121
ENSG00000165300,SLITRK5,0.587910663397135,-0.388358253560833
ENSG00000116044,NFE2L2,-0.094877974834332,0.059711349499148
ENSG00000084090,STARD7,-0.089281570696461,-0.099492160926837
ENSG00000165516,KLHDC2,0.319046797838751,0.16301981097712
ENSG00000138399,FASTKD1,0.271280579642023,0.139190025917724
ENSG00000076554,TPD52,-0.096964859767103,-0.0233179656105252
ENSG00000165895,ARHGAP42,0.258133682571824,0.243874398016493
ENSG00000102189,EEA1,0.25777769379445,0.0612027341971392
ENSG00000101290,CDS2,0.168020739602589,0.0205149487413319
ENSG00000258890,CEP95,0.250813425155049,0.169328984779112
ENSG00000073737,DHRS9,-0.342986539594947,-0.235030416814678
ENSG00000169223,LMAN2,-0.06775228313391,0.0009892083005103
ENSG00000162923,WDR26,0.180605622406555,0.108564722648592
ENSG00000175264,CHST1,-0.543448337057097,-0.941533713565288
ENSG00000204231,RXRB,-0.193958139953312,0.123205792670104
ENSG00000140848,CPNE2,0.24285440803507,-0.287075083100263
ENSG00000138592,USP8,0.18738077555755,0.112455898043973
ENSG00000150527,MIA2,0.226059999572988,0.225364305498173
ENSG00000170961,HAS2,-0.221478757249373,0.23815463059611
ENSG00000183578,TNFAIP8L3,-0.450059056681135,-0.0098906589826682
ENSG00000152217,SETBP1,-0.241354292882081,0.0560195333330022
ENSG00000115155,OTOF,0.873911146868109,0.410255716534984
ENSG00000069424,KCNAB2,0.274425046291277,0.245917177439548
ENSG00000181031,RPH3AL,0.227927029360218,0.582152130907037
ENSG00000151276,MAGI1,0.363819968315748,0.196630495325236
ENSG00000170144,HNRNPA3,0.169752814271468,-0.156535821209902
ENSG00000138600,SPPL2A,-0.127524341902746,0.225467836891351
ENSG00000110427,KIAA1549L,-0.199127615805381,-0.0341237061231561
ENSG00000256073,URB1-AS1,0.714212075644771,-0.10616218834282
ENSG00000263001,GTF2I,0.161676173292123,0.0567368176933878
ENSG00000106688,SLC1A1,0.391640027210182,-0.497592937332669
ENSG00000235920,THRAP3P3,0.604467614852141,0.159935219158352
ENSG00000129351,ILF3,-0.074655400110155,0.0568055991306699
ENSG00000167333,TRIM68,-0.205255892717738,-0.0025267406128256
ENSG00000107077,KDM4C,-0.137124162230823,0.243417269301387
ENSG00000065518,NDUFB4,0.28483957057177,-0.37381710373836
ENSG00000156671,SAMD8,0.187212487111076,0.123511478976321
ENSG00000101464,PIGU,-0.126569306647783,-0.014576831700851
ENSG00000166848,TERF2IP,NA,NA
ENSG00000143398,PIP5K1A,0.17937415697411,0.0756531170202412
ENSG00000153094,BCL2L11,-0.119445082848582,-0.098197193362427
ENSG00000242574,HLA-DMB,0.90335903926469,0.462258752611268
ENSG00000133985,TTC9,-0.220112887390076,-0.081437251412168
ENSG00000180628,PCGF5,-0.09903133075698,0.146160546183753
ENSG00000105852,PON3,0.208995222141028,0.213154821407201
ENSG00000120727,PAIP2,0.196101455020923,-0.0355768563910647
ENSG00000100934,SEC23A,0.181234365536598,0.0629192095421787
ENSG00000120686,UFM1,-0.156519121997239,0.0688712941698558
ENSG00000129128,SPCS3,-0.113792981530087,-0.0426707152849695
ENSG00000165626,BEND7,0.348693793903786,-0.214187858457885
ENSG00000108771,DHX58,-0.183964909016385,0.231370049132547
ENSG00000198964,SGMS1,-0.104094059082522,-0.0181371143467552
ENSG00000188026,RILPL1,0.285801089013448,-0.125321733276713
ENSG00000142623,PADI1,-0.70686627485334,-0.342973644949398
ENSG00000139146,SINHCAF,0.209928813003723,-0.178990363724969
ENSG00000100092,SH3BP1,0.671553371164111,0.0431676658283679
ENSG00000197562,RAB40C,-0.20450725259229,0.0470453480719925
ENSG00000185129,PURA,-0.118463259160822,0.161602141994405
ENSG00000188643,S100A16,-0.084341111202886,0.0329027356805374
ENSG00000185624,P4HB,-0.062694190557871,-0.00031149107569009
ENSG00000105223,PLD3,-0.077732809205665,0.279403350063215
ENSG00000166886,NAB2,-0.184430720849197,0.0659166599977944
ENSG00000065978,YBX1,0.213381678916778,-0.36008118228735
ENSG00000131844,MCCC2,0.184225254763827,0.046366050455051
ENSG00000100902,PSMA6,-0.121040188335223,-0.0270018320799369
ENSG00000169252,ADRB2,-0.309790390317427,0.0516679129110204
ENSG00000186834,HEXIM1,0.181906617996764,0.488253936949775
ENSG00000275464,LOC102724159,-0.191268288430629,0.0968599878293114
ENSG00000100441,KHNYN,-0.085611363643885,0.0306840777371419
ENSG00000198373,WWP2,-0.098175226640477,0.100892562535011
ENSG00000237649,KIFC1,-0.129069361294977,-0.580136064462991
ENSG00000070501,POLB,0.349462151227349,-0.067639832826194
ENSG00000076248,UNG,-0.143832290468955,-0.062948747277784
ENSG00000177943,MAMDC4,0.477833024262938,0.579686775316422
ENSG00000182400,TRAPPC6B,0.275902392624869,0.0011325037118459
ENSG00000108443,RPS6KB1,0.198378196161825,0.114133874544321
ENSG00000143862,ARL8A,0.236227501508474,0.0312447959773249
ENSG00000141543,EIF4A3,-0.110822517137819,-0.158334749572628
ENSG00000180881,CAPS2,0.379154450639017,-0.10563823367786
ENSG00000179943,FIZ1,-0.173675185360254,0.101083502697932
ENSG00000141556,TBCD,-0.083497249812707,0.0355340711688661
ENSG00000157450,RNF111,0.193151557395737,0.0722238778073424
ENSG00000177156,TALDO1,-0.085258748059913,-0.283272811812233
ENSG00000009307,CSDE1,-0.07126620147535,0.007151952058465
ENSG00000078114,NEBL,0.233863086007626,0.255880246629494
ENSG00000147853,AK3,0.214145424936788,0.0377478260353265
ENSG00000175376,EIF1AD,-0.117295380497083,-0.249446506791544
ENSG00000155380,SLC16A1,-0.104704953013638,-0.00119748318420559
ENSG00000048649,RSF1,0.194079277768058,0.0795406519190528
ENSG00000184281,TSSC4,-0.142777109872425,0.0655440843675943
ENSG00000188089,PLA2G4E,-0.711378190183532,-0.381633665982283
ENSG00000197140,ADAM32,0.469438568476284,-0.12383531706259
ENSG00000174928,C3orf33,0.544213636137793,-0.352037593297688
ENSG00000160959,LRRC14,-0.115974601541575,0.0797304171615741
ENSG00000171823,FBXL14,-0.198266664718267,0.126242594279887
ENSG00000148225,WDR31,0.482606507280406,-0.05004328770906
ENSG00000058866,DGKG,-0.149600528412343,-0.119598073538148
ENSG00000250151,ARPC4-TTLL3,0.761430161159895,0.23640669724082
ENSG00000136247,ZDHHC4,-0.13795225721496,0.265618005163452
ENSG00000104897,SF3A2,-0.142203060371013,-0.096909054487517
ENSG00000109685,NSD2,-0.070540797538777,-0.216069234505698
ENSG00000153933,DGKE,0.251755173461742,-0.135108254273481
ENSG00000112033,PPARD,-0.194441639168617,0.21380552385387
ENSG00000125351,UPF3B,0.328409476454114,-0.115886460413926
ENSG00000104412,EMC2,0.252732358604707,0.0213502907013271
ENSG00000151150,ANK3,0.366445212664987,0.0082261028584066
ENSG00000100926,TM9SF1,-0.16141553583407,0.0655750456001021
ENSG00000075826,SEC31B,0.362681551929384,0.702774446548003
ENSG00000147416,ATP6V1B2,-0.124274050483665,0.0678094060023099
ENSG00000064601,CTSA,-0.083031004830499,0.0787031476552558
ENSG00000097021,ACOT7,-0.122025177970364,-0.10390615529492
ENSG00000118997,DNAH7,0.650289562459472,0.127808434662399
ENSG00000088247,KHSRP,-0.088602006475296,-0.066752211375027
ENSG00000196236,XPNPEP3,0.254580652274921,-0.184218792496252
ENSG00000160767,FAM189B,0.210539894449358,0.0136678704740363
ENSG00000170540,ARL6IP1,0.212520751397336,-0.365082361090439
ENSG00000276368,H2AC14,-0.354892677888817,-0.122973118771445
ENSG00000127191,TRAF2,-0.109666768078511,0.0280642455529191
ENSG00000111961,SASH1,0.307739883985219,0.104884744231578
ENSG00000233937,CTC-338M12.4,-0.354293237066187,0.614123407627359
ENSG00000011105,TSPAN9,-0.169219153320223,-0.0211181625729405
ENSG00000164258,NDUFS4,-0.165852929699951,0.0314731419129107
ENSG00000123201,GUCY1B2,-0.408424774602216,0.744144379905212
ENSG00000198720,ANKRD13B,0.279509503161702,-0.186587588476786
ENSG00000137038,DMAC1,-0.191068733314078,0.0844244190079179
ENSG00000011258,MBTD1,0.256337400230809,0.106926398921369
ENSG00000163214,DHX57,0.218918659238753,-0.0444661928914979
ENSG00000100558,PLEK2,-0.185029637804977,-0.381727430134722
ENSG00000106080,FKBP14,0.290952689002112,-0.094515792321415
ENSG00000169612,RAMAC,-0.186285137529532,0.226194760038787
ENSG00000107959,PITRM1,-0.088393296770159,-0.117891244985074
ENSG00000104043,ATP8B4,-0.333691221275246,0.432975255747071
ENSG00000138111,MFSD13A,0.391185996304853,0.134689982899826
ENSG00000103035,PSMD7,-0.105406124834351,-0.0218559874787737
ENSG00000172354,GNB2,-0.078435372505012,-0.077777667465653
ENSG00000163053,SLC16A14,-0.703855444246283,-0.526075281710608
ENSG00000087245,MMP2,-0.30754101058823,-0.073171341037765
ENSG00000240303,ACAD11,0.311008527972276,0.298818797546893
ENSG00000023191,RNH1,-0.097969422321967,0.0217982603499797
ENSG00000204628,RACK1,-0.06447835185856,-0.0439820259065112
ENSG00000151320,AKAP6,0.464978454121614,0.351087809082394
ENSG00000184545,DUSP8,0.398817441536375,0.359800601306754
ENSG00000214087,ARL16,-0.194837426640797,0.0599274657058339
ENSG00000099783,HNRNPM,-0.132778334870282,0.0591103591406388
ENSG00000235531,MSC-AS1,-0.211433590393414,-0.201009507916037
ENSG00000176092,CRYBG2,-0.406928151441424,0.75742887543891
ENSG00000135596,MICAL1,0.314273582310816,0.303143806504576
ENSG00000168884,TNIP2,-0.141893374747353,0.0324991123765098
ENSG00000077157,PPP1R12B,0.203550789471956,0.266772015510377
ENSG00000136155,SCEL,-0.321429203081824,0.300962381533361
ENSG00000175305,CCNE2,-0.424271771739241,-0.449881284609995
ENSG00000121892,PDS5A,0.18498085365079,-0.057326545536655
ENSG00000112406,HECA,0.348511697949402,-0.061960013134468
ENSG00000160207,HSF2BP,-0.59367493601923,0.390202363522269
ENSG00000183054,RGPD6,0.215229776638594,-0.060262380790756
ENSG00000185883,ATP6V0C,-0.11968717289128,0.0998036344038492
ENSG00000170689,HOXB9,0.321613169894391,0.15298898329724
ENSG00000143476,DTL,-0.147099518961704,-0.446672871987135
ENSG00000245571,FAM111A-DT,-0.283511756025371,-0.0221183685858013
ENSG00000149792,MRPL49,-0.095328575753907,-0.0335148890872603
ENSG00000163798,SLC4A1AP,0.229899356563146,-0.146150834879624
ENSG00000090273,NUDC,0.290151551344853,-0.237376829679327
ENSG00000177084,POLE,-0.073953009501259,-0.099063837894631
ENSG00000103494,RPGRIP1L,0.269459677421977,-0.142414326727868
ENSG00000136682,CBWD2,-0.153138477286861,0.386995267649938
ENSG00000121039,RDH10,0.246631147929089,0.368890974687192
ENSG00000164379,FOXQ1,0.283634241635476,0.529310734019268
ENSG00000196352,CD55,-0.110246035589475,0.45248930363789
ENSG00000236499,LINC00896,0.8860936637278,-0.128256007972478
ENSG00000143494,VASH2,-0.199374904377658,0.0668407198776211
ENSG00000169131,ZNF354A,0.345681875394213,-0.196128654933411
ENSG00000141576,RNF157,0.336057947574447,-0.168967669578672
ENSG00000139679,LPAR6,0.554297668401161,-0.165453278020794
ENSG00000116455,WDR77,-0.123540568125398,-0.05162723082354
ENSG00000169288,MRPL1,0.344289382319307,-0.050825088497801
ENSG00000161395,PGAP3,-0.230646802970724,0.112834963033438
ENSG00000144040,SFXN5,-0.130587413919873,0.0154592466280209
ENSG00000075945,KIFAP3,0.277212614063853,-0.0421395618829663
ENSG00000165501,LRR1,0.304542459185789,-0.484470738158683
ENSG00000205559,CHKB-DT,0.438874517144941,0.187020497087569
ENSG00000130511,SSBP4,0.374222156795084,0.0780892079165731
ENSG00000145623,OSMR,-0.05485668834757,0.224778520620997
ENSG00000150753,CCT5,-0.091747849807877,-0.166143513249713
ENSG00000167034,NKX3-1,-0.115152924407044,-0.118316766814465
ENSG00000068745,IP6K2,0.210287998459777,0.196863292493134
ENSG00000213066,CEP43,0.319507429017903,-0.079297985685264
ENSG00000197110,IFNL3,-0.431826931794395,0.692350960639395
ENSG00000243406,MRPS31P5,0.519540916894783,-0.341221996702143
ENSG00000162062,TEDC2,-0.218067011384543,-0.245061945605559
ENSG00000128655,PDE11A,0.428076561163153,0.271785024201431
ENSG00000092621,PHGDH,0.226077325072418,0.0799501471303118
ENSG00000233822,H2BC15,-0.119004309443815,-0.493772306929585
ENSG00000115816,CEBPZ,0.211430788718101,-0.144906998533193
ENSG00000228606,DCAF8-DT,0.829690158465062,-0.329880428269376
ENSG00000145040,UCN2,-0.254036979478666,0.628648234365352
ENSG00000269335,IKBKG,-0.159186873835307,0.224766029256822
ENSG00000241635,UGT1A1,0.225715830767621,0.162511878849421
ENSG00000147155,EBP,-0.137075745484705,-0.259046128562975
ENSG00000105865,DUS4L,0.478147828556956,-0.10895914065601
ENSG00000187535,IFT140,0.260595167613946,0.239203916917062
ENSG00000204991,SPIRE2,0.325827521756863,0.24481584911114
ENSG00000177370,TIMM22,-0.150501328608406,0.0376476041507386
ENSG00000146842,TMEM209,-0.103553919962433,0.0034219825362859
ENSG00000111011,RSRC2,0.201352638090348,-0.061426698113005
ENSG00000104517,UBR5,0.164219886554525,0.119054325223492
ENSG00000254815,LMNTD2-AS1,0.784724477181002,0.838632085011995
ENSG00000163755,HPS3,-0.079284979569431,-0.057948321731352
ENSG00000130313,PGLS,-0.143794952227491,0.133726717339373
ENSG00000185043,CIB1,-0.092771946467657,0.00810864244452891
ENSG00000235244,DANT2,0.268595682414597,0.290587307969817
ENSG00000149782,PLCB3,0.189153734043025,-0.153904835162523
ENSG00000139370,SLC15A4,-0.167321544343332,0.0381932888511209
ENSG00000163001,CFAP36,0.280787956933327,-0.0048108035914832
ENSG00000260032,NORAD,0.162202386239501,0.189920273084381
ENSG00000101557,USP14,-0.088690827763463,-0.088680470061462
ENSG00000162852,CNST,0.243218270546915,0.142323971239383
ENSG00000157833,GAREM2,0.32268545507717,-0.0237020686964765
ENSG00000188559,RALGAPA2,0.205640507905896,0.21456125103994
ENSG00000142207,URB1,-0.068853968515197,0.24191192473241
ENSG00000107815,TWNK,-0.120998536600134,0.0023451958406622
ENSG00000078808,SDF4,-0.073827837547584,-0.05750074911574
ENSG00000286522,H3C2,-0.128849555590127,-0.241924525876554
ENSG00000104518,GSDMD,-0.129994602831453,0.246846368758038
ENSG00000063978,RNF4,-0.076185730120525,-0.119248396553343
ENSG00000147677,EIF3H,-0.078385371875133,-0.0065929203924444
ENSG00000086200,IPO11,NA,NA
ENSG00000134058,CDK7,0.256287200950203,-0.128801051687252
ENSG00000133805,AMPD3,-0.222031150210048,-0.0225848263716921
ENSG00000177839,PCDHB9,0.835382244081982,-0.534307764071213
ENSG00000204822,MRPL53,-0.167940992995192,0.0841258705357714
ENSG00000131747,TOP2A,0.205481942968216,-0.493105272793588
ENSG00000166473,PKD1L2,0.354714964311767,0.992922044655232
ENSG00000156642,NPTN,-0.079750779535146,0.0870876907502583
ENSG00000027697,IFNGR1,0.197555098479399,0.208793046380686
ENSG00000172725,CORO1B,-0.095230351855113,0.196532413997948
ENSG00000150637,CD226,0.636188926012359,0.425876182400778
ENSG00000243927,MRPS6,-0.150223014169016,-0.300814509022001
ENSG00000108773,KAT2A,-0.078024713411478,0.0741583384812019
ENSG00000135837,CEP350,0.169389548231544,0.0503183170054115
ENSG00000140743,CDR2,-0.1471452156087,-0.175953720920316
ENSG00000123562,MORF4L2,0.174535525186843,-0.0446190134867925
ENSG00000189114,BLOC1S3,-0.175074231376995,0.0999320013815064
ENSG00000104228,TRIM35,-0.12508784983346,0.0190078318330184
ENSG00000131242,RAB11FIP4,0.33902196115274,-0.072791172164494
ENSG00000135439,AGAP2,0.753904175964945,0.262533744235344
ENSG00000120129,DUSP1,0.192730787995904,0.326311962345607
ENSG00000075415,SLC25A3,-0.095710557175367,0.0151155544235691
ENSG00000110583,NAA40,0.207046982280277,-0.0308789841587696
ENSG00000175106,TVP23C,0.252421601967518,0.21772801579458
ENSG00000134809,TIMM10,-0.183571033836443,0.174939424297106
ENSG00000131368,MRPS25,-0.097721508678667,0.0546169394183487
ENSG00000187510,PLEKHG7,-0.519480172212433,0.354146978824528
ENSG00000128524,ATP6V1F,-0.100688284808592,0.191383170425685
ENSG00000162687,KCNT2,0.463181045415124,0.19461958928181
ENSG00000185024,BRF1,-0.115989174500932,0.0346124166644605
ENSG00000198919,DZIP3,0.254043730241896,0.102099585260349
ENSG00000187147,RNF220,-0.103012881994562,0.133563782165661
ENSG00000144566,RAB5A,0.189994444578993,0.0898476905686383
ENSG00000176171,BNIP3,-0.119740157241816,-0.12752086358836
ENSG00000149260,CAPN5,0.283341394832569,-0.0315262578955532
ENSG00000033100,CHPF2,-0.08231107591103,0.113887689473733
ENSG00000182134,TDRKH,0.321027027937152,-0.241220794018142
ENSG00000243701,DUBR,0.314187212908597,-0.158765536809769
ENSG00000033800,PIAS1,0.179451859613306,0.172319104403679
ENSG00000163082,SGPP2,0.2379257322274,0.0141497546878895
ENSG00000107566,ERLIN1,0.200729747316309,-0.207006492498405
ENSG00000148584,A1CF,0.425122198051551,0.418436272266671
ENSG00000152749,GPR180,-0.145336765031019,-0.051955061597781
ENSG00000166349,RAG1,-0.586921573916031,0.441330775124548
ENSG00000100263,RHBDD3,-0.155347095842317,0.170301914421655
ENSG00000157388,CACNA1D,0.320483592588542,0.491485415931537
ENSG00000119929,CUTC,0.315704217466548,-0.102133022517152
ENSG00000099974,DDTL,0.341041805557399,-0.557734882744034
ENSG00000198355,PIM3,-0.152305254757339,0.0894998406296223
ENSG00000101166,PRELID3B,0.222961010231613,-0.192032779860465
ENSG00000153832,FBXO36,0.571149184259273,-0.130769989016709
ENSG00000176182,MYPOP,0.345516563655278,-0.0201508149467007
ENSG00000116815,CD58,-0.171922405587778,0.165389265482282
ENSG00000120265,PCMT1,0.228390190623593,-0.146521748727356
ENSG00000278053,DDX52,0.179848181034908,-0.00035735256894199
ENSG00000163013,FBXO41,0.26177073064426,0.0106213884092192
ENSG00000109089,CDR2L,-0.084345161007367,-0.197950532389761
ENSG00000167695,TLCD3A,-0.1390588865038,-0.270665751248005
ENSG00000136098,NEK3,0.429590348388102,-0.199108261294164
ENSG00000203896,LIME1,0.44278213942186,0.0625302754067616
ENSG00000169247,SH3TC2,-0.277222430270871,0.0730328579288364
ENSG00000148248,SURF4,-0.062865174944176,-0.0246613141847195
ENSG00000081041,CXCL2,0.21562055983755,0.198385753854868
ENSG00000204650,LINC02210,0.235367651486698,-0.070354827531562
ENSG00000005486,RHBDD2,-0.104568528235952,0.181267722148637
ENSG00000135108,FBXO21,-0.086413007018333,0.0446870189553937
ENSG00000101745,ANKRD12,0.235377863428533,0.173233070252878
ENSG00000099194,SCD,-0.084562021299763,-0.184764341196549
ENSG00000136436,CALCOCO2,0.195252872869487,0.0886227148171008
ENSG00000162889,MAPKAPK2,-0.084847555609121,0.0062328774405506
ENSG00000189001,SBSN,-0.720482360064215,-0.164967534943569
ENSG00000110851,PRDM4,-0.097376246013868,0.111246649084108
ENSG00000166557,TMED3,-0.070364357740868,-0.055082685958649
ENSG00000151366,NDUFC2,0.198621069837798,-0.124549950950279
ENSG00000197712,FAM114A1,0.219698687246786,-0.083656707036145
ENSG00000100228,RAB36,0.345979245190631,-0.191743946661979
ENSG00000131381,RBSN,-0.094561669461402,0.0546757793743412
ENSG00000135114,OASL,-0.05041738109703,0.139636460040061
ENSG00000112941,TENT4A,-0.099648411165168,-0.138107966939439
ENSG00000075151,EIF4G3,0.187184533120476,0.248992417049531
ENSG00000259956,RBM15B,-0.084645591412407,0.113433131391087
ENSG00000067900,ROCK1,0.187754220871988,-0.0270764040058593
ENSG00000076067,RBMS2,-0.075768619047139,0.132749134224014
ENSG00000105193,RPS16,-0.05749183238839,-0.091351301910099
ENSG00000100577,GSTZ1,-0.157514485954543,0.124268517159098
ENSG00000109133,TMEM33,0.178147662037903,-0.0446931224160819
ENSG00000156273,BACH1,NA,NA
ENSG00000004534,RBM6,0.220394449915439,0.232882195417094
ENSG00000147889,CDKN2A,-0.396393368646866,-0.153624009842817
ENSG00000244462,RBM12,-0.066840484700302,0.0865800699419501
ENSG00000163635,ATXN7,-0.091271275362944,0.233560013506871
ENSG00000165238,WNK2,0.306698925018354,0.0999770815420442
ENSG00000010818,HIVEP2,0.200608382868575,0.2687669285784
ENSG00000105426,PTPRS,-0.065965852300191,0.121370141334463
ENSG00000182774,RPS17,0.191104097428009,-0.097472380236039
ENSG00000053108,FSTL4,-0.14206007754397,0.88333124279845
ENSG00000140365,COMMD4,-0.127356377997314,-0.032510265957348
ENSG00000113580,NR3C1,-0.073985770774162,-0.0191192112588033
ENSG00000181026,AEN,0.189206505681236,0.303467511760226
ENSG00000175662,TOM1L2,0.200689257600727,0.204421418074665
ENSG00000111676,ATN1,0.189720169063338,-0.0098573793428877
ENSG00000151491,EPS8,0.168033678778108,0.162041031210602
ENSG00000130787,HIP1R,0.215335858312013,0.35215469929541
ENSG00000103479,RBL2,0.2293966838228,0.0266067405854417
ENSG00000068137,PLEKHH3,0.322180836931423,0.0165355782734834
ENSG00000078902,TOLLIP,-0.115055668485958,0.254679293611118
ENSG00000196338,NLGN3,0.43952307534195,0.635546107207123
ENSG00000117448,AKR1A1,-0.117286830855766,-0.00271141112776969
ENSG00000204936,CD177,-0.699677872295099,-0.199758363086354
ENSG00000286237,ARMCX5-GPRASP2,1.72786251726629,-0.538959016086755
ENSG00000163590,PPM1L,0.390417926366868,-0.23584210963076
ENSG00000089157,RPLP0,-0.083319911441373,-0.109712389839965
ENSG00000261408,TEN1-CDK3,-0.373286535922338,0.519665416481744
ENSG00000054690,PLEKHH1,0.251683634019753,0.142804997932219
ENSG00000185630,PBX1,0.15122423186917,0.151771886141762
ENSG00000163637,PRICKLE2,0.194576965806895,0.414815351675616
ENSG00000204859,ZBTB48,0.330035088197518,0.0079478338348082
ENSG00000187325,TAF9B,0.400651507882163,-0.392425179091372
ENSG00000141655,TNFRSF11A,-0.195433555859561,0.172751994153118
ENSG00000137831,UACA,0.192740897101342,-0.085784632773549
ENSG00000148399,DPH7,-0.148742885291931,0.33387296852955
ENSG00000113140,SPARC,-0.597525233722557,0.224446936057268
ENSG00000081014,AP4E1,0.202003972554082,-0.076858921659818
ENSG00000182831,C16orf72,0.159477478060535,0.143986367048659
ENSG00000166189,HPS6,-0.125370277409876,-0.142817294504969
ENSG00000176105,YES1,0.207361361432935,0.0154491730486106
ENSG00000170325,PRDM10,-0.182763387511422,0.195015948703801
ENSG00000164951,PDP1,-0.159387701415255,0.234759564849087
ENSG00000099849,RASSF7,-0.139624681071638,-0.097786365699926
ENSG00000104529,EEF1D,-0.064570077135533,-0.130712843121177
ENSG00000122970,IFT81,0.24254795710033,0.0432352908044989
ENSG00000165322,ARHGAP12,0.188731805897657,0.297782071347497
ENSG00000205352,PRR13,0.188923097174977,-0.0274788067695909
ENSG00000127663,KDM4B,0.220257464621956,0.0713475073084049
ENSG00000021826,CPS1,0.16334878902219,0.428769419050579
ENSG00000276234,TADA2A,-0.18500555437832,0.174883945981233
ENSG00000152689,RASGRP3,-0.127375336325365,0.408052945625899
ENSG00000119392,GLE1,-0.120054146968606,-0.0176662675464443
ENSG00000083307,GRHL2,-0.197440818062791,-0.295057492651516
ENSG00000152284,TCF7L1,0.463982945649358,0.0641224876644622
ENSG00000143365,RORC,-0.686008926045351,1.26064249366789
ENSG00000167775,CD320,-0.123953034440406,0.0227610075436909
ENSG00000167700,MFSD3,0.276633626764633,0.293829988043046
ENSG00000063176,SPHK2,-0.142113774050648,0.189562073358844
ENSG00000124733,MEA1,-0.123145842081282,-0.185084656797341
ENSG00000083312,TNPO1,-0.066998243615077,-0.057275022903342
ENSG00000159592,GPBP1L1,0.180039044213248,0.0520028914405894
ENSG00000116830,TTF2,-0.107394553374833,-0.255519063932032
ENSG00000148429,USP6NL,0.212505881391141,0.0737334981452601
ENSG00000087263,OGFOD1,0.19229722772604,-0.205874941769884
ENSG00000177189,RPS6KA3,0.166907271850896,0.0077360371476036
ENSG00000165280,VCP,-0.051072005902788,-0.098062631947555
ENSG00000168615,ADAM9,-0.063034510005723,0.073540546851073
ENSG00000128394,APOBEC3F,-0.135972020355371,0.102875962170203
ENSG00000185298,CCDC137,-0.117032302100172,-0.051311076912623
ENSG00000172058,SERF1A,0.500501625441099,-0.253589023558114
ENSG00000162600,OMA1,0.398146922664347,-0.108897059753794
ENSG00000080986,NDC80,0.318854064801598,-0.670130161319754
ENSG00000172915,NBEA,0.198870602528422,0.398867664820314
ENSG00000196230,TUBB,-0.062798497771818,-0.398460511141069
ENSG00000166847,DCTN5,-0.081976314827084,0.0709610623343744
ENSG00000127124,HIVEP3,-0.216927689757161,0.224456453751164
ENSG00000137819,PAQR5,0.177086883564599,0.376890200033718
ENSG00000075089,ACTR6,0.325621797593904,-0.084339483681186
ENSG00000203879,GDI1,-0.063432309244668,0.031821387720474
ENSG00000268858,LOC112268269,-0.20623826533294,-0.0018974036869676
ENSG00000065268,WDR18,-0.141484333948131,0.090392147572025
ENSG00000078269,SYNJ2,-0.082966791147727,0.0583652625651292
ENSG00000100644,HIF1A,0.149003297205465,0.148340734026516
ENSG00000102900,NUP93,-0.08968396189549,-0.217888528725489
ENSG00000149480,MTA2,-0.061807331974714,-0.088995601908249
ENSG00000229117,RPL41,0.362144878081259,-0.439321188934306
ENSG00000170624,SGCD,-0.21976166065475,-0.265181355428558
ENSG00000166479,TMX3,0.231381309159859,0.001498830339013
ENSG00000164466,SFXN1,-0.072594924117872,0.0413225164403687
ENSG00000179085,DPM3,-0.198351116066579,0.0907360893028981
ENSG00000197978,GOLGA6L9,0.319618490558297,-0.081988732029905
ENSG00000115163,CENPA,0.292271852616644,-0.569874221395231
ENSG00000235776,RPL7AP70,-0.749699804523482,0.562975153359656
ENSG00000144712,CAND2,0.835334944622539,0.123242335001162
ENSG00000189120,SP6,-0.489952569436044,-0.0454332186931646
ENSG00000164488,DACT2,0.578532359423882,0.777405852686425
ENSG00000285331,LOC145783,-0.22728435131938,0.0197895394764604
ENSG00000263327,TAPT1-AS1,-0.70956639752049,1.16430007101801
ENSG00000140691,ARMC5,-0.236505135268742,0.0751940463869551
ENSG00000178878,APOLD1,0.511331858074081,0.203062337861868
ENSG00000138814,PPP3CA,0.209772214722314,0.130013700521822
ENSG00000156804,FBXO32,-0.11314594714121,0.323653595308645
ENSG00000130826,DKC1,-0.097623973991684,-0.0459839070261426
ENSG00000188542,DUSP28,-0.382599689945506,0.523049165069299
ENSG00000205629,LCMT1,-0.168671330728519,0.0763535482877869
ENSG00000281207,SLFNL1-AS1,0.314748438604867,0.503546916421154
ENSG00000096384,HSP90AB1,-0.0478458563727667,-0.358781655725709
ENSG00000168002,POLR2G,-0.099823426433419,-0.076455040354907
ENSG00000105732,ZNF574,-0.12549437546603,-0.093310164225308
ENSG00000157240,FZD1,-0.259637469365435,-0.29113231387735
ENSG00000198393,ZNF26,0.256818097938781,0.18561136770154
ENSG00000179241,LDLRAD3,-0.141462204230649,0.100559027723407
ENSG00000196544,BORCS6,-0.2724783998227,0.0142148797652109
ENSG00000226124,FTCDNL1,0.498953675364464,-0.196322626677163
ENSG00000163251,FZD5,-0.09353476478659,0.0684809500833924
ENSG00000137673,MMP7,-0.155359122486399,-0.398310145467611
ENSG00000122641,INHBA,-0.555921400243409,-0.316844511391479
ENSG00000160948,VPS28,-0.107300819230767,0.199928255645258
ENSG00000135506,OS9,-0.05097562879449,0.147137961406655
ENSG00000197822,OCLN,0.261693496589856,0.0247392312070916
ENSG00000158406,H4C8,-0.102633325690592,-0.110386726552735
ENSG00000138593,SECISBP2L,0.193415636736812,0.158540157841594
ENSG00000157827,FMNL2,0.187516928990445,0.398090786560851
ENSG00000121390,PSPC1,-0.129455748105534,0.146386505428931
ENSG00000054118,THRAP3,0.177809770483403,0.119112143510258
ENSG00000136828,RALGPS1,0.34723022123254,0.194509650105578
ENSG00000079308,TNS1,0.203742721610128,0.642204772551249
ENSG00000263006,ROCK1P1,0.747906700596415,0.202740417730228
ENSG00000116750,UCHL5,0.224354526141183,-0.222635149059963
ENSG00000233327,USP32P2,0.653235106542212,0.121597153955692
ENSG00000196872,CRACDL,-0.612918305519885,0.335006791331293
ENSG00000239389,PCDHA13,0.596855306879918,-0.291249998283905
ENSG00000176974,SHMT1,0.195774725712231,-0.106894157079592
ENSG00000119820,YIPF4,0.216975819183309,-0.0112007711357509
ENSG00000120071,KANSL1,0.164089402516731,0.141691247818262
ENSG00000125817,CENPB,-0.061683906710769,-0.05266086339244
ENSG00000197971,MBP,-0.103175881662422,0.135766492504398
ENSG00000106483,SFRP4,0.791203471250355,-0.10828017647179
ENSG00000103769,RAB11A,0.168475527895298,0.097348831230941
ENSG00000235106,BRD3OS,0.29278332907325,-0.140917376241635
ENSG00000112079,STK38,0.194608423580385,0.0632151176351497
ENSG00000135124,P2RX4,-0.163993470291063,0.172446314247469
ENSG00000173218,VANGL1,-0.074574779777044,-0.11507014070568
ENSG00000233975,LINC02574,0.318684202002014,-0.266682089180744
ENSG00000160799,CCDC12,-0.169936002507741,0.0390846738844183
ENSG00000116752,BCAS2,-0.169477566034381,0.203097284538212
ENSG00000183688,RFLNB,0.50780243764018,-0.228914332809314
ENSG00000164329,TENT2,0.190203975826117,0.188343538837417
ENSG00000101079,NDRG3,0.204980467000036,-0.062374051642008
ENSG00000163449,TMEM169,0.546043067566038,-0.216537193244716
ENSG00000106635,BCL7B,-0.10247691486408,0.0749629599330977
ENSG00000118785,SPP1,-0.098371079939225,-0.0134415459623128
ENSG00000163069,SGCB,-0.109058139850783,0.0048674303971893
ENSG00000169679,BUB1,0.207323612288279,-0.526795298587394
ENSG00000122547,EEPD1,-0.211764559402542,0.0084398840106434
ENSG00000105171,POP4,-0.103921300495971,0.012520688462763
ENSG00000105647,PIK3R2,0.238731216660185,0.155146958602617
ENSG00000135632,SMYD5,-0.102348595694138,0.03151879497123
ENSG00000162407,PLPP3,-0.097709162197778,0.0502212574730737
ENSG00000076201,PTPN23,-0.101519648173302,0.0760114698942927
ENSG00000122335,SERAC1,0.390828252277926,-0.123557759380501
ENSG00000172239,PAIP1,0.192220052413762,0.0329949471196111
ENSG00000065054,SLC9A3R2,-0.093441169022185,-0.1682690414641
ENSG00000229833,PET100,0.546336280767125,-0.862669933945008
ENSG00000162300,ZFPL1,-0.132406511596222,0.0452795369136288
ENSG00000171310,CHST11,-0.087435127593909,0.114113994058222
ENSG00000185651,UBE2L3,0.180223126562335,-0.236424282377168
ENSG00000129103,SUMF2,-0.074824071698722,0.0977459127255376
ENSG00000203872,C6orf163,-0.479489683251556,0.293170998750695
ENSG00000119397,CNTRL,0.223573816293968,-0.132612602095148
ENSG00000136280,CCM2,-0.112309599480052,-0.0172188838036841
ENSG00000187288,CIDEC,-0.295993991189887,0.507881594783934
ENSG00000106686,SPATA6L,0.321223501348454,0.0968769317419525
ENSG00000186174,BCL9L,-0.087620226755994,0.129179310917525
ENSG00000077235,GTF3C1,0.148260716780999,0.061459796675898
ENSG00000141013,GAS8,0.242512362898481,0.0679233034497674
ENSG00000120158,RCL1,0.246713870075634,0.132203579624123
ENSG00000004848,ARX,0.836546488284111,0.526316518265812
ENSG00000159884,CCDC107,-0.296642269281829,0.129076053860266
ENSG00000158796,DEDD,-0.10712511483584,0.130339040562856
ENSG00000065491,TBC1D22B,0.259590725179815,0.0976055498874775
ENSG00000166825,ANPEP,-0.248027770893788,0.326142644593569
ENSG00000111231,GPN3,0.319930458010378,-0.273985772247149
ENSG00000183337,BCOR,-0.066751493560959,-0.062803433579861
ENSG00000103404,USP31,-0.086495745037974,0.0301156986567523
ENSG00000160214,RRP1,-0.12415881286488,0.0040631764450681
ENSG00000153339,TRAPPC8,0.1983787479235,0.0399561098711047
ENSG00000100985,MMP9,-0.205934022284705,0.0238742367924152
ENSG00000281376,ABALON,0.775749332445465,0.588230818462833
ENSG00000231752,EMBP1,-0.37121206896655,-0.0172090148540549
ENSG00000167378,IRGQ,-0.074690505709127,0.0497701168541758
ENSG00000114446,IFT57,0.322513732553376,-0.146430056824309
ENSG00000055211,GINM1,0.236222357052823,-0.129047257141479
ENSG00000125170,DOK4,0.196826240823445,0.252593099641456
ENSG00000183840,GPR39,-0.140293605650339,0.0289759917724687
ENSG00000103313,MEFV,-0.678089422956908,0.33774151643061
ENSG00000101353,MROH8,0.573633177743928,-0.151054938869582
ENSG00000125895,TMEM74B,0.943197907896331,0.1600716128191
ENSG00000182541,LIMK2,-0.198408285549179,-0.104201618644054
ENSG00000189067,LITAF,0.156577731422519,0.176709908517841
ENSG00000130487,KLHDC7B,0.600067729804444,0.313248617966927
ENSG00000140025,EFCAB11,0.447135832912243,-0.528768795518188
ENSG00000006125,AP2B1,-0.0461727670488321,0.0717128390907011
ENSG00000179766,ATP8B5P,-0.356616978694502,0.333776888880431
ENSG00000156510,HKDC1,-0.061775346486643,0.350262661254684
ENSG00000143355,LHX9,-0.281299998621408,-0.150752616612084
ENSG00000114315,HES1,-0.260264122939792,0.286495962856764
ENSG00000256235,SMIM3,0.553759079491709,0.0651341689341482
ENSG00000107290,SETX,-0.062996608392557,0.0938702908521095
ENSG00000163312,HELQ,0.313560734582029,-0.070123806203292
ENSG00000197363,ZNF517,-0.343275006322523,0.335804262674602
ENSG00000175416,CLTB,-0.118875886954047,-0.095411017639975
ENSG00000204228,HSD17B8,-0.36703717167196,0.02866972176904
ENSG00000104290,FZD3,0.254723040362401,-0.053663396177792
ENSG00000135917,SLC19A3,0.367543467160626,-0.18135071950177
ENSG00000196363,WDR5,-0.107210952402306,-0.188623669232614
ENSG00000198920,KIAA0753,0.212971025683878,-0.0481861637303132
ENSG00000100359,SGSM3,0.279358709624177,0.393641850583951
ENSG00000152242,C18orf25,-0.097836219812944,0.0593221219332987
ENSG00000023318,ERP44,-0.072759867131395,-0.0022261297425669
ENSG00000164105,SAP30,0.360714128593842,-0.310511755794118
ENSG00000102312,PORCN,-0.206322420973515,0.127947396515685
ENSG00000285253,ZNF280D,0.388145502369129,0.0434604713910783
ENSG00000095951,HIVEP1,0.170262228312107,0.178297411363152
ENSG00000105855,ITGB8,-0.228771519415568,0.404204315723619
ENSG00000099625,CBARP,0.596331037676103,0.0930238298852146
ENSG00000143499,SMYD2,-0.124370490670508,0.0123296612730078
ENSG00000118900,UBN1,-0.084891199768354,0.00709600440398631
ENSG00000154874,CCDC144B,0.239506956351661,0.0913321088526677
ENSG00000166546,BEAN1,-0.397592842122239,0.186818483702262
ENSG00000153560,UBP1,-0.05374356843127,0.032422183145422
ENSG00000225614,ZNF469,-0.187334989878139,-0.270065332003458
ENSG00000099250,NRP1,-0.0452852815541169,0.098811546225722
ENSG00000084623,EIF3I,-0.086666147242284,-0.0392440488947652
ENSG00000105928,GSDME,-0.081572145149343,0.351336450385213
ENSG00000181090,EHMT1,-0.06882735173077,0.0642723701637726
ENSG00000185686,PRAME,0.164718782371542,0.0960865696683477
ENSG00000115828,QPCT,-0.130206290612623,0.0226493431493981
ENSG00000224081,SLC44A3-AS1,0.505340125577092,0.309826204433282
ENSG00000037897,METTL1,-0.17288778249442,0.0739234698357535
ENSG00000132017,DCAF15,-0.153544622324758,-0.141183174040813
ENSG00000175745,NR2F1,0.30828340823742,0.114783865098284
ENSG00000128829,EIF2AK4,0.211862562663172,-0.087731721631914
ENSG00000185467,KPNA7,-0.663958402578616,-0.209159392529931
ENSG00000111321,LTBR,0.168309822913197,0.103104436464225
ENSG00000196668,LINC00173,0.586643325868548,0.495106840299287
ENSG00000136449,MYCBPAP,0.6276212583623,-0.238065004345975
ENSG00000055070,SZRD1,-0.070919311296213,-0.051551198246096
ENSG00000075407,ZNF37A,0.220697013656441,0.0402969216860231
ENSG00000125968,ID1,-0.073390605066805,0.113811920587511
ENSG00000163902,RPN1,-0.06506220891347,-0.086486264218805
ENSG00000235823,OLMALINC,0.361039170587997,-0.414547069053257
ENSG00000111206,FOXM1,-0.095979182919683,-0.213499232778138
ENSG00000132376,INPP5K,-0.12729653507893,0.112652945164288
ENSG00000163453,IGFBP7,-0.128907919809199,-0.108951577970287
ENSG00000278615,C11orf98,0.307670514806032,-0.469840802419161
ENSG00000171174,RBKS,0.389341633692745,-0.0106084705517048
ENSG00000095059,DHPS,-0.238887287696125,0.21958775150985
ENSG00000108219,TSPAN14,0.142041258471523,0.261865092936045
ENSG00000173898,SPTBN2,0.189527094516866,-0.161330885863676
ENSG00000107262,BAG1,-0.088840874290039,0.302657597762929
ENSG00000213090,SCYL2P1,0.662414553920119,0.0256958734153351
ENSG00000137692,DCUN1D5,0.211048135210079,-0.0341898622662117
ENSG00000122707,RECK,0.315822152423884,0.0311667715215939
ENSG00000184635,ZNF93,0.868707039457117,-1.73382213550099
ENSG00000111275,ALDH2,-0.068056172776464,0.117812115171843
ENSG00000141497,ZMYND15,-0.571692535129285,-0.212094055522809
ENSG00000137266,SLC22A23,-0.090666588291259,0.516354086151756
ENSG00000127125,PPCS,0.241955760205356,0.0293845178142663
ENSG00000188747,NOXA1,0.686538126380857,0.814168106088417
ENSG00000143850,PLEKHA6,-0.078896655973338,0.153655048289797
ENSG00000115107,STEAP3,-0.095273996417461,0.129253748884051
ENSG00000121211,MND1,0.413773479071315,-0.50023164707579
ENSG00000168411,RFWD3,-0.075999391916723,-0.250965378384125
ENSG00000112984,KIF20A,0.218167346827639,-0.903706161759157
ENSG00000136448,NMT1,-0.057718154828484,-0.0584446549313
ENSG00000153956,CACNA2D1,-0.118317168272443,0.382101961584762
ENSG00000185480,PARPBP,0.272497767534782,-0.363935706723621
ENSG00000105185,PDCD5,0.221962947344027,-0.352982360705669
ENSG00000126870,DYNC2I1,0.243529573176741,0.418798744822381
ENSG00000002746,HECW1,-0.123871820228779,-0.083221997576129
ENSG00000127528,KLF2,0.570274809820592,0.409086008043452
ENSG00000186994,KANK3,0.754576501884513,0.243424847558032
ENSG00000142408,CACNG8,0.288401886103318,0.390369598698226
ENSG00000165275,TRMT10B,0.351329283993401,-0.193156104755112
ENSG00000175906,ARL4D,-0.196800630776446,-0.213140104070302
ENSG00000164142,FHIP1A,-0.197783238361289,0.136861291892448
ENSG00000167977,KCTD5,-0.106431892732096,-0.0049220226550907
ENSG00000148229,POLE3,-0.125605614869873,-0.320347746341735
ENSG00000139687,RB1,0.195365256952173,-0.12930785393828
ENSG00000101247,NDUFAF5,0.263447429833642,0.144273871815736
ENSG00000105576,TNPO2,-0.072242243484584,-0.0234803652291816
ENSG00000125775,SDCBP2,-0.603173723478576,0.375310141714702
ENSG00000108298,RPL19,0.207176250426029,-0.14345061733324
ENSG00000163596,ICA1L,0.527862579516955,-0.436299191701243
ENSG00000125122,LRRC29,0.60902700519157,0.0860536875888504
ENSG00000241685,ARPC1A,-0.077902736412412,0.0477398662937842
ENSG00000111727,HCFC2,-0.258386197250278,0.243253743647767
ENSG00000231131,LNCAROD,NA,NA
ENSG00000153208,MERTK,0.461246894187899,-0.105452927783477
ENSG00000023608,SNAPC1,0.26989446170406,0.045954865452651
ENSG00000197548,ATG7,-0.094865220123415,0.376720552403175
ENSG00000214021,TTLL3,0.267732585732162,0.343180822591521
ENSG00000167526,RPL13,-0.100512297575026,0.0224016005186634
ENSG00000161203,AP2M1,-0.059719330536872,-0.135431071893716
ENSG00000151414,NEK7,-0.132568556410042,0.0518484466440319
ENSG00000160551,TAOK1,0.142959162999225,0.0712117903927991
ENSG00000186111,PIP5K1C,0.194686304628721,0.0528822101130512
ENSG00000139117,CPNE8,0.275915800464502,0.106965827571627
ENSG00000166130,IKBIP,0.226894635764566,-0.135335497688666
ENSG00000100243,CYB5R3,-0.094937652506239,-0.102732566551085
ENSG00000185359,HGS,-0.067424059456666,0.0213716347651751
ENSG00000167779,IGFBP6,-0.12342900649591,0.247384737832242
ENSG00000271447,MMP28,-0.39895229191963,0.048710166810728
ENSG00000145246,ATP10D,-0.137998072648104,0.103728898532271
ENSG00000107164,FUBP3,-0.089780466171658,0.151213852605737
ENSG00000163162,RNF149,-0.084896419829618,0.0720325918183648
ENSG00000159461,AMFR,-0.103040103316145,0.0157782804782916
ENSG00000218336,TENM3,-0.110198699710711,0.202243872968148
ENSG00000167967,E4F1,-0.128961235010709,0.0879398685969744
ENSG00000140564,FURIN,-0.062282287099825,0.217917406848497
ENSG00000100077,GRK3,0.231596733122523,0.231174709884382
ENSG00000196696,PDXDC2P-NPIPB14P,0.25591502680978,0.303299798837578
ENSG00000005302,MSL3,0.212591385848356,-0.083263037009826
ENSG00000184922,FMNL1,0.210156345100144,0.373748436776681
ENSG00000172831,CES2,-0.093626048697552,0.164701118269629
ENSG00000151715,TMEM45B,-0.591117543190311,0.126736111630802
ENSG00000173163,COMMD1,-0.16300234448139,0.0526968585960662
ENSG00000142507,PSMB6,-0.104962780775994,0.0307834943213808
ENSG00000088325,TPX2,0.184107359242551,-0.47807246682053
ENSG00000104611,SH2D4A,-0.071141720893422,0.091760521515289
ENSG00000196456,ZNF775,-0.322592729930582,-0.070428466075667
ENSG00000145147,SLIT2,-0.442717863015613,-0.274378139871488
ENSG00000048828,FAM120A,-0.056500352036163,-0.0293414234826056
ENSG00000204291,COL15A1,-0.526043267695973,0.0728840039281593
ENSG00000175482,POLD4,-0.123636781234599,0.269709223723916
ENSG00000178999,AURKB,-0.095106067553847,-0.427811303132716
ENSG00000108784,NAGLU,-0.109225399161304,0.151444201230198
ENSG00000184178,SCFD2,-0.186663386459088,0.0933527504845797
ENSG00000070190,DAPP1,-0.331769769543214,-0.148328169978067
ENSG00000185896,LAMP1,-0.075652719051615,0.0804297247068182
ENSG00000186472,PCLO,0.243033950972556,-0.085165425955759
ENSG00000145685,LHFPL2,0.188496118895968,0.0968844133626909
ENSG00000248098,BCKDHA,-0.104963993329838,0.42822515617048
ENSG00000008853,RHOBTB2,0.183600912081835,0.171028317549773
ENSG00000184368,MAP7D2,0.316007710656419,-0.12584614193319
ENSG00000033627,ATP6V0A1,0.17675615390622,0.227312450591593
ENSG00000179178,TMEM125,0.776455357796555,-0.381479245597094
ENSG00000125827,TMX4,-0.113315120066762,-0.145802352777257
ENSG00000104946,TBC1D17,0.228118219163856,0.146283012237892
ENSG00000159692,CTBP1,-0.069068406318663,0.0867355769311221
ENSG00000137745,MMP13,-0.196539627809979,-0.246264390485467
ENSG00000161249,DMKN,0.290430803098536,0.499321159249569
ENSG00000159111,MRPL10,-0.119381877338522,0.129637898485427
ENSG00000169239,CA5B,0.327949427207936,0.31717169770442
ENSG00000158158,CNNM4,-0.111398904483241,0.139715385231306
ENSG00000077254,USP33,0.201286049991442,0.131342993664725
ENSG00000148484,RSU1,-0.077213171152232,-0.106021266061301
ENSG00000140497,SCAMP2,-0.087209631927844,0.0287700175587028
ENSG00000095539,SEMA4G,0.225318464416486,0.432021849819125
ENSG00000115524,SF3B1,0.157243461330243,0.0351583068743137
ENSG00000274487,NPEPPSP1,0.257423152030874,0.141957205349302
ENSG00000103111,MON1B,-0.075351500787571,0.0402133401142419
ENSG00000109920,FNBP4,0.173731489675058,0.0721537803393718
ENSG00000144061,NPHP1,0.52878831264927,0.416441650173862
ENSG00000055163,CYFIP2,0.224231355309502,0.253162371674816
ENSG00000254598,CSNK2A3,0.296901179673063,-0.129046141674393
ENSG00000215039,CD27-AS1,0.662491078047563,0.0215915450866343
ENSG00000229794,MTCYBP32,0.70336331397882,-0.106972431653659
ENSG00000167380,ZNF226,0.249117362627642,0.0216369236105918
ENSG00000162981,LRATD1,-0.420299457526151,-0.0249216049785911
ENSG00000248019,FAM13A-AS1,-0.476814945727544,0.874083404534479
ENSG00000155287,SLC25A28,-0.102866130972159,-0.216535081043407
ENSG00000139974,SLC38A6,-0.169076466325182,0.328939266925525
ENSG00000277791,PSMB3,-0.069072181691912,-0.09951641417199
ENSG00000281706,LINC01012,0.427733040009002,-0.058559750964422
ENSG00000187079,TEAD1,-0.059859430801049,0.213104962791699
ENSG00000166716,ZNF592,-0.050706326234299,0.176155395153929
ENSG00000137040,RANBP6,-0.117126998345338,-0.016803779081493
ENSG00000116741,RGS2,0.286366864401429,0.25876330154493
ENSG00000048162,NOP16,-0.110567012484118,-0.172166737931332
ENSG00000204128,C2orf72,0.337134668059378,-0.104616102405939
ENSG00000133624,ZNF767P,0.251028181263628,0.0856249490090195
ENSG00000203965,EFCAB7,0.413902865484273,-0.26234035552597
ENSG00000148300,REXO4,-0.134714119455868,-0.16971145945685
ENSG00000196689,TRPV1,-0.160020669886803,0.187263643598247
ENSG00000180964,TCEAL8,0.283190259984725,-0.105947445082818
ENSG00000115461,IGFBP5,-0.320006802716215,0.508751047005177
ENSG00000117748,RPA2,-0.122171902994214,-0.362627082862156
ENSG00000137642,SORL1,-0.135333432976424,-0.125026729430084
ENSG00000271092,TLCD4-RWDD3,-0.627333404738797,0.219423192056652
ENSG00000149554,CHEK1,-0.144182699111124,-0.0142342261232552
ENSG00000053254,FOXN3,0.29936238342021,0.259537332202986
ENSG00000135373,EHF,-0.080140682245615,0.508626589852196
ENSG00000178386,ZNF223,-0.447461392364988,0.199752000854227
ENSG00000188385,JAKMIP3,0.269836815064376,0.0810938570039158
ENSG00000170860,LSM3,0.261465814189797,-0.400673112442063
ENSG00000184831,APOO,0.285210403991409,-0.054434341037261
ENSG00000165028,NIPSNAP3B,0.67547928984318,-0.221031180160894
ENSG00000067182,TNFRSF1A,0.144156365305348,-0.111933379836119
ENSG00000092470,WDR76,-0.12712117717501,-0.500709112045458
ENSG00000175203,DCTN2,0.194282916596252,0.017950213791849
ENSG00000271826,PLS3-AS1,0.778111710910951,0.247067741661513
ENSG00000048028,USP28,0.196876656853861,-0.084407097690465
ENSG00000168014,C2CD3,0.170570837615758,-0.00960999171004809
ENSG00000166986,MARS1,-0.0486656285112464,0.200147732942116
ENSG00000139438,FAM222A,-0.300750542490135,0.0967746675155365
ENSG00000141696,P3H4,-0.096309018524646,-0.0321006919047911
ENSG00000204131,NHSL2,0.710474297732671,0.218566840310625
ENSG00000225492,GBP1P1,-0.28859065988406,0.350355809260751
ENSG00000126458,RRAS,-0.113346424100811,-0.0279613200381081
ENSG00000124587,PEX6,0.232024192771917,-0.078219794363542
ENSG00000091129,NRCAM,-0.0456632482279342,-0.0330761320737657
ENSG00000198417,MT1F,-0.304630458342777,-0.864960014274122
ENSG00000108091,CCDC6,0.152818877393376,-0.092776378684043
ENSG00000136542,GALNT5,-0.140851142323423,0.233350198541468
ENSG00000141956,PRDM15,-0.150611042180526,-0.0206470996430021
ENSG00000119720,NRDE2,-0.086969115740656,0.156210965305626
ENSG00000122512,PMS2,0.239623794108966,-0.151756011024163
ENSG00000111737,RAB35,-0.078934013842982,-0.0234927714738987
ENSG00000182827,ACBD3,-0.083579336164385,0.0844634317807381
ENSG00000148660,CAMK2G,0.195782459370626,0.0165205978765682
ENSG00000182389,CACNB4,0.509333339658657,0.284348119076844
ENSG00000089356,FXYD3,-0.350388196842422,0.0658951883580692
ENSG00000163961,RNF168,-0.103727118398068,-0.173692512986166
ENSG00000078747,ITCH,0.167925537059906,0.0971760700930847
ENSG00000100739,BDKRB1,0.554176815868586,1.00146505585975
ENSG00000172071,EIF2AK3,-0.110959861075867,0.0830534487692782
ENSG00000130305,NSUN5,-0.135897597033749,0.077821409077311
ENSG00000123064,DDX54,-0.089472999231026,-0.0472438429634043
ENSG00000130449,ZSWIM6,0.195648421581889,0.187459647412938
ENSG00000188186,LAMTOR4,0.272697537051283,-0.06609669380865
ENSG00000129472,RAB2B,0.238106272240996,-0.0316183634880186
ENSG00000231074,HCG18,0.185535629867648,0.146765708440946
ENSG00000157954,WIPI2,0.187186748002893,0.0792583025311411
ENSG00000110811,P3H3,0.282529809478332,0.175845102724438
ENSG00000124243,BCAS4,0.38592863573916,-0.41247544207901
ENSG00000175390,EIF3F,-0.065636784329667,-0.025418397402413
ENSG00000103550,KNOP1,-0.109750185830775,-0.0365923062321728
ENSG00000177042,TMEM80,-0.232116312998102,-0.0454043938704646
ENSG00000159202,UBE2Z,-0.048007948184123,0.0218229590550331
ENSG00000131043,AAR2,-0.089528572874226,0.0735650413506945
ENSG00000178184,PARD6G,0.696897717020259,-0.403591770282164
ENSG00000183763,TRAIP,-0.189114609534274,-0.158554560007986
ENSG00000170921,TANC2,0.14877239340875,0.268909536931899
ENSG00000173264,GPR137,0.218304243095492,0.0616704020610124
ENSG00000164366,CCDC127,-0.129367309268942,0.0579635798231839
ENSG00000168785,TSPAN5,-0.188958318755126,-0.229171285923387
ENSG00000066827,ZFAT,-0.148759970798327,0.271847524387932
ENSG00000121644,DESI2,0.202162266710629,-0.082547686465963
ENSG00000177879,AP3S1,-0.113247140190946,0.0588341979922767
ENSG00000134291,TMEM106C,-0.081792668186822,-0.0400912755707761
ENSG00000204642,HLA-F,-0.072412832370826,0.0530049273319189
ENSG00000256537,SMIM10L1,0.239354236784885,-0.084512693488507
ENSG00000025039,RRAGD,0.465561568286516,0.516733469384711
ENSG00000254870,ATP6V1G2-DDX39B,-1.49666325623907,-0.342392709841724
ENSG00000183044,ABAT,0.431679946766109,0.268424005736916
ENSG00000149806,FAU,-0.103460313954643,-0.0196341010504352
ENSG00000121988,ZRANB3,0.275683311287321,-0.159616313159974
ENSG00000188582,PAQR9,-0.417150768818237,-0.103158237097773
ENSG00000197951,ZNF71,-0.14659546438097,0.071642495823494
ENSG00000051523,CYBA,-0.059441648833606,-0.15679575364725
ENSG00000155066,PROM2,-0.134238552902998,-0.144211191386352
ENSG00000186193,SAPCD2,0.25542347745975,-0.784502688753107
ENSG00000100364,KIAA0930,-0.057907034079086,0.066971320642898
ENSG00000278570,NR2E3,0.625507365742475,0.163703163179464
ENSG00000278259,MYO19,-0.0459006958190208,0.0903670372565562
ENSG00000115365,LANCL1,0.184981927389015,0.23001941455894
ENSG00000142733,MAP3K6,-0.157107743942202,0.122167614948892
ENSG00000170266,GLB1,-0.0698457999179,0.197191503346361
ENSG00000198513,ATL1,-0.24352150238068,-0.240598425302602
ENSG00000198482,ZNF808,-0.325612716952619,-0.111431516688724
ENSG00000127526,SLC35E1,-0.099241466597137,0.11022675949055
ENSG00000226360,RPL10AP6,-0.534989706338974,0.0665798350186962
ENSG00000249931,GOLGA8K,0.549906188896343,0.219174622445223
ENSG00000167323,STIM1,-0.074732875169326,0.171753550762836
ENSG00000188739,RBM34,0.267805088586966,0.108592412835581
ENSG00000103653,CSK,-0.074655306135259,0.019938983813372
ENSG00000113732,ATP6V0E1,-0.081717106122175,0.146677776535376
ENSG00000104213,PDGFRL,-0.093775691072456,-0.114110267142905
ENSG00000198286,CARD11,-0.361522685931856,0.21457058217762
ENSG00000183172,SMDT1,-0.200073144853987,0.108545167551261
ENSG00000145386,CCNA2,-0.126224503599724,-0.58073668890592
ENSG00000152104,PTPN14,-0.055014808713297,-0.063503323124818
ENSG00000165914,TTC7B,0.268176871272686,-0.0253238682702945
ENSG00000163093,BBS5,0.434946459495793,-0.145273243466175
ENSG00000103978,TMEM87A,-0.125726641201655,0.086134671651307
ENSG00000103707,MTFMT,0.279131074650697,-0.101842686575723
ENSG00000134851,TMEM165,0.171786854375757,-0.092502151999992
ENSG00000174099,MSRB3,-0.123774815336631,-0.095691736173237
ENSG00000158669,GPAT4,-0.074634952351865,0.0618602088578219
ENSG00000064666,CNN2,-0.086721667038295,-0.10696723493586
ENSG00000112837,TBX18,0.16344983212528,-0.082405944224577
ENSG00000090581,GNPTG,-0.115602851365247,0.0782091056829799
ENSG00000154727,GABPA,-0.20405566935572,0.138617533947048
ENSG00000164051,CCDC51,-0.16066351501594,0.0465697651171553
ENSG00000164663,USP49,0.305014092102514,-0.060744078234682
ENSG00000216490,IFI30,-0.101639359516218,-0.16360572767129
ENSG00000228794,LINC01128,-0.160249646101046,0.122485078915556
ENSG00000103855,CD276,-0.075414233313786,-0.066609068719186
ENSG00000159086,PAXBP1,0.199713564367509,0.0609455968266616
ENSG00000168916,ZNF608,-0.232564257304814,-0.0263250476760893
ENSG00000104205,SGK3,-0.287849335818531,0.0337114606386468
ENSG00000172081,MOB3A,-0.093514666388612,-0.0235365835966026
ENSG00000012963,UBR7,-0.117016645205566,-0.281916468265487
ENSG00000137267,TUBB2A,-0.152769923610664,-0.281635755453254
ENSG00000066933,MYO9A,0.169070950983242,0.0203283910202152
ENSG00000227507,LTB,-0.56905230259493,0.448012829245462
ENSG00000092529,CAPN3,0.459542918756394,-0.065047139009266
ENSG00000146950,SHROOM2,0.404413613877098,0.331881983120664
ENSG00000197956,S100A6,-0.095409631122532,-0.256634509879188
ENSG00000151876,FBXO4,-0.277078527316953,0.106153873994025
ENSG00000162337,LRP5,-0.053610809510635,0.104281852691363
ENSG00000119915,ELOVL3,0.508017315123192,-0.153546739981132
ENSG00000164898,FMC1,0.60105879927318,-0.852801155587266
ENSG00000145362,ANK2,0.266299306505451,0.303903218229635
ENSG00000100321,SYNGR1,0.40727680971772,0.297736389073489
ENSG00000112297,CRYBG1,-0.117996997020383,-0.171808583644562
ENSG00000007255,TRAPPC6A,-0.278033785550428,0.246249800931017
ENSG00000196998,WDR45,-0.129697135039464,0.292546769387339
ENSG00000154889,MPPE1,-0.160224406482835,0.261747276383955
ENSG00000153815,CMIP,-0.0473025522411824,0.226186156134808
ENSG00000159479,MED8,-0.133942702875601,0.0324889548320415
ENSG00000185513,L3MBTL1,0.390905775739011,0.305629375548359
ENSG00000255152,MSH5-SAPCD1,0.44255270728413,0.303071475191477
ENSG00000074842,MYDGF,-0.109157162483352,0.0345076673378099
ENSG00000073008,PVR,-0.058334699686266,0.022209494965738
ENSG00000101187,SLCO4A1,-0.158783263335385,0.0596874414848839
ENSG00000143674,MAP3K21,-0.078682736943304,0.011219025251165
ENSG00000185236,RAB11B,-0.111754598161602,0.0168638727666485
ENSG00000107984,DKK1,0.181501605764586,0.40060309357984
ENSG00000111775,COX6A1,-0.078625027532428,0.0421284891611026
ENSG00000136982,DSCC1,-0.285058688169227,-0.450328459588258
ENSG00000174501,ANKRD36C,0.230465990487129,-0.164318362932019
ENSG00000168298,H1-4,-0.099996510319421,-0.213728586490102
ENSG00000107672,NSMCE4A,0.206249559974535,-0.0354243880125519
ENSG00000049130,KITLG,-0.145032977237951,0.127509641156439
ENSG00000135363,LMO2,-0.394921546473163,0.231548865526248
ENSG00000135842,NIBAN1,0.212266100760674,0.0708193213045083
ENSG00000079435,LIPE,0.434963368741521,-0.706078515754653
ENSG00000090971,NAT14,0.292072282596629,0.0445214820777985
ENSG00000041802,LSG1,-0.078460217444045,-0.06721792116367
ENSG00000095303,PTGS1,-0.548855996975771,-0.34315626708421
ENSG00000132849,PATJ,0.178482088030483,0.129452623397771
ENSG00000189143,CLDN4,-0.115009911465365,-0.338315027873448
ENSG00000134575,ACP2,-0.110210738774218,-0.0015114258181422
ENSG00000137822,TUBGCP4,0.201171105525712,0.086495080813649
ENSG00000174840,PDE12,-0.106573951654937,0.0735371960410522
ENSG00000011485,PPP5C,-0.086033473014238,-0.0074831244323225
ENSG00000167395,ZNF646,-0.074091185512305,0.100156292708619
ENSG00000147459,DOCK5,0.142447007140102,0.582740176464141
ENSG00000134250,NOTCH2,-0.0437510140722236,-0.058734094198094
ENSG00000177239,MAN1B1,-0.067017548795404,0.0446707229391151
ENSG00000186532,SMYD4,-0.107947841102284,-0.08161795000887
ENSG00000177542,SLC25A22,-0.114576427565418,-0.196326601680293
ENSG00000111832,RWDD1,0.279390821316252,-0.073127871654817
ENSG00000013275,PSMC4,-0.056273850581423,0.0366829646127907
ENSG00000148308,GTF3C5,-0.084930616178787,-0.0382501343033524
ENSG00000100865,CINP,0.214330245744254,-0.065006477433788
ENSG00000182054,IDH2,-0.098292357644167,-0.114227054161671
ENSG00000160113,NR2F6,0.181605290640153,-0.052741753746023
ENSG00000131196,NFATC1,0.450267251524129,-0.080812872057987
ENSG00000108557,RAI1,-0.0473187549323045,0.0539285154625862
ENSG00000100201,DDX17,-0.035690443845324,0.103175547552001
ENSG00000069329,VPS35,0.148341640089402,-0.0216966571200082
ENSG00000268104,SLC6A14,-0.292483842541886,0.62212077806217
ENSG00000050344,NFE2L3,-0.179548950889025,-0.339787177157327
ENSG00000103266,STUB1,-0.081981567590446,-0.095018848276766
ENSG00000163399,ATP1A1,-0.0373359832234261,0.0156674989182884
ENSG00000119522,DENND1A,-0.095054411428608,0.269040945417897
ENSG00000226221,RPL26P19,-0.25929481773186,0.257035467051413
ENSG00000136811,ODF2,0.216381483112741,-0.381152821691043
ENSG00000169217,CD2BP2,-0.072101368765192,-0.096226158354461
ENSG00000015532,XYLT2,0.217918182382484,-0.111733510875106
ENSG00000162437,RAVER2,0.259535015077711,-0.082281951574193
ENSG00000182446,NPLOC4,-0.0474776996490866,0.0317838486566881
ENSG00000176771,NCKAP5,0.324136810393368,0.416017251478743
ENSG00000184840,TMED9,-0.075403070812859,-0.090722303277105
ENSG00000283486,FAM95C,0.300795112840685,0.393219713933931
ENSG00000158480,SPATA2,0.246408763160575,-0.127070739236954
ENSG00000131941,RHPN2,0.162639112888242,0.174806846006708
ENSG00000196850,PPTC7,-0.086610799444361,0.223580932007706
ENSG00000160255,ITGB2,-0.281918187211416,0.100561714471719
ENSG00000144567,RETREG2,-0.076913817275702,0.147283750445192
ENSG00000101940,WDR13,-0.09095824145731,0.171751526110559
ENSG00000253958,CLDN23,-0.19291576950638,0.0149700471251425
ENSG00000173599,PC,-0.130417110251174,0.703224463041796
ENSG00000112146,FBXO9,0.218198284138666,0.153171858406243
ENSG00000125844,RRBP1,-0.060563848467141,-0.0358023359961235
ENSG00000139793,MBNL2,0.178494929505664,0.345833475109407
ENSG00000129484,PARP2,-0.120517336679464,-0.137519063431429
ENSG00000214530,STARD10,0.29716921709161,0.0759113818081855
ENSG00000130204,TOMM40,-0.064554988931647,-0.195639253517273
ENSG00000015153,YAF2,0.240462746565493,0.025720418539522
ENSG00000169031,COL4A3,0.232183032417838,0.519643232327814
ENSG00000144847,IGSF11,-0.295516647763065,-0.304089759888662
ENSG00000020922,MRE11,0.211226034675607,-0.083219943668422
ENSG00000108509,CAMTA2,0.181828245238198,0.242470877529843
ENSG00000170801,HTRA3,-0.330521839357021,0.0635576323812346
ENSG00000091527,CDV3,-0.068144849454721,-0.104649739908082
ENSG00000082805,ERC1,0.164073184524554,-0.0202761853624626
ENSG00000258429,PDF,-0.233679829555486,0.144200597024644
ENSG00000145348,TBCK,0.201151114134314,0.106016647499518
ENSG00000132952,USPL1,0.253380010481423,-0.086917607310637
ENSG00000121350,PYROXD1,-0.237190825740052,0.294545648715206
ENSG00000091732,ZC3HC1,-0.137183315082846,0.121122650347349
ENSG00000154079,SDHAF4,0.64069845010871,-0.38084825892681
ENSG00000137648,TMPRSS4,-0.139733945094127,-0.110748798579962
ENSG00000177119,ANO6,-0.070008999015568,0.0528768650567324
ENSG00000286532,PARTICL,-0.523185563144236,0.140436713961723
ENSG00000131188,PRR7,0.329797861388557,-0.165376247948868
ENSG00000069869,NEDD4,-0.059701043343868,0.109214780993804
ENSG00000140950,MEAK7,-0.074353725330749,0.108622298098695
ENSG00000175130,MARCKSL1,0.174802735370424,-0.212472642644939
ENSG00000248932,COPB2-DT,0.337003330130567,0.0899497684612268
ENSG00000244560,LOC155060,0.42196952508236,1.03613120260269
ENSG00000100711,ZFYVE21,-0.147730148161387,-0.231464186209255
ENSG00000068097,HEATR6,-0.103970143889205,0.219965670280525
ENSG00000184007,PTP4A2,0.14257398026279,0.244710270233248
ENSG00000101365,IDH3B,-0.073702594480696,-0.0125603461288354
ENSG00000114107,CEP70,0.287709098111197,0.0232980607012226
ENSG00000167646,DNAAF3,0.482967821108396,0.00224357625850381
ENSG00000169604,ANTXR1,-0.058494672382147,0.185200252169736
ENSG00000133704,IPO8,0.180809608221144,-0.061026403706169
ENSG00000196782,MAML3,0.179194793901718,0.140965229411497
ENSG00000136485,DCAF7,-0.0438250188574266,-0.096278614783358
ENSG00000104774,MAN2B1,-0.077697937011346,0.0800596250233472
ENSG00000071539,TRIP13,-0.149014709827244,-0.586056999509908
ENSG00000175354,PTPN2,-0.10836020168221,0.1685164514769
ENSG00000168497,CAVIN2,0.248502806345078,0.0281672399537202
ENSG00000185130,H2BC13,-0.089466162994299,-0.44877971809747
ENSG00000004478,FKBP4,-0.0413646652133858,-0.397360933176057
ENSG00000213694,S1PR3,-0.100855321654073,-0.21271892588309
ENSG00000230373,GOLGA6L17P,0.456734149570672,-0.0302772629504205
ENSG00000157985,AGAP1,-0.087564173319008,0.15531836304398
ENSG00000154767,XPC,0.178005264997932,0.119641889249407
ENSG00000063180,CA11,0.384547648007468,0.693009448935041
ENSG00000187566,NHLRC1,-0.461200505038333,-0.096761126306906
ENSG00000069020,MAST4,0.189285879036908,0.376376578975859
ENSG00000065559,MAP2K4,0.177307859276055,0.0529727993152496
ENSG00000130702,LAMA5,-0.0345361185418289,0.347483444916769
ENSG00000143761,ARF1,-0.0429387618786445,-0.090042612820104
ENSG00000163428,LRRC58,-0.08054035973761,-0.0086325347007662
ENSG00000145476,CYP4V2,-0.15240912301751,0.222954996172117
ENSG00000101003,GINS1,-0.113076872895951,-0.419621905024687
ENSG00000164330,EBF1,0.336543404266322,0.249800042849196
ENSG00000121895,TMEM156,-0.158137989489421,0.100460355207145
ENSG00000153113,CAST,0.159140551761531,0.173166251771197
ENSG00000065717,TLE2,0.541814537215023,0.359497192489312
ENSG00000188070,ZFTA,0.267626783324028,-0.088492381732066
ENSG00000226174,TEX22,0.563247315635728,0.15546908678174
ENSG00000142166,IFNAR1,0.19141995981887,0.0717994632556972
ENSG00000126705,AHDC1,-0.103473884714867,-0.050711399773081
ENSG00000106628,POLD2,-0.060804359838276,-0.157722131305047
ENSG00000067829,IDH3G,-0.108275551120307,0.168086565916173
ENSG00000120832,MTERF2,0.307749557929106,-0.141914780374014
ENSG00000248890,HHIP-AS1,0.669737670796512,-0.0273203035606136
ENSG00000198783,ZNF830,-0.173725688177661,-0.0165325664471994
ENSG00000137269,LRRC1,0.259444715627016,-0.072206471880906
ENSG00000120519,SLC10A7,-0.208373239991551,-0.086982343809237
ENSG00000105136,ZNF419,0.270317232172672,0.0632689013412157
ENSG00000182899,RPL35A,0.183431463644829,-0.300284246247208
ENSG00000243986,ENO1P3,0.652810867586619,0.157122326375922
ENSG00000215114,UBXN2B,0.191749075786069,0.120016707636844
ENSG00000160190,SLC37A1,-0.127353950937267,-0.0180832624043976
ENSG00000247982,LINC00926,0.74512890770102,0.14651305304169
ENSG00000100982,PCIF1,-0.10797280314339,0.0975901637130829
ENSG00000163291,PAQR3,-0.15015178783945,0.0403534552718576
ENSG00000169783,LINGO1,0.480790251121695,-0.390994843503638
ENSG00000158292,GPR153,-0.284108477307825,-0.254442246569072
ENSG00000183347,GBP6,-0.601161342993417,-0.899696966166254
ENSG00000104133,SPG11,0.161106009403907,0.108027495426496
ENSG00000117118,SDHB,-0.083177299482094,0.104485179614262
ENSG00000180304,OAZ2,0.185225851296985,-0.159186164356769
ENSG00000113441,LNPEP,-0.05552601072037,0.114124308211935
ENSG00000165092,ALDH1A1,-0.0474108552661919,-0.0286934641914779
ENSG00000090661,CERS4,0.564694140860115,0.484697637994018
ENSG00000168803,ADAL,0.299285200912921,0.117895268173022
ENSG00000099864,PALM,0.302182423473766,0.070504818068096
ENSG00000196476,C20orf96,0.338223732069082,0.351143445500808
ENSG00000141252,VPS53,0.170272107235704,0.108703374161528
ENSG00000213672,NCKIPSD,-0.114809473810126,-0.0269317070915949
ENSG00000198056,PRIM1,0.278256447596905,-0.498806761148325
ENSG00000147676,MAL2,-0.162373854119572,0.0545266622702947
ENSG00000253276,CCDC71L,-0.102657234737065,0.196186381811019
ENSG00000004660,CAMKK1,-0.169529728351248,0.015103782839822
ENSG00000115350,POLE4,-0.155068405432221,-0.027591872249139
ENSG00000181915,ADO,-0.101623096089072,0.0631408970334927
ENSG00000197558,SSPOP,0.450184524994971,1.53523832007797
ENSG00000171877,FRMD5,-0.1358395162203,0.409377530475838
ENSG00000136152,COG3,-0.114136553996812,0.163564276201496
ENSG00000226137,BAIAP2-DT,0.310741480567815,-0.47121442598778
ENSG00000092108,SCFD1,0.172012119274792,0.137401870278665
ENSG00000140297,GCNT3,-0.059198997540728,0.208173474635214
ENSG00000282164,PEG13,0.335372093548443,0.447925941494447
ENSG00000178096,BOLA1,-0.362819494541642,0.292906866973015
ENSG00000114346,ECT2,0.201012989941246,0.140315535754117
ENSG00000149503,INCENP,-0.073559908922432,-0.249891639959719
ENSG00000135040,NAA35,0.201532715576251,0.108915821653015
ENSG00000162836,ACP6,0.201524978902034,-0.097321699676947
ENSG00000105825,TFPI2,-0.074694681001337,0.207186486958798
ENSG00000105438,KDELR1,-0.0377286171937861,0.0774598005176292
ENSG00000008710,PKD1,-0.059221371722777,0.0886431110671578
ENSG00000141499,WRAP53,0.228938499256706,-0.228651004590997
ENSG00000185803,SLC52A2,-0.08801578974426,-0.0347257937514568
ENSG00000149016,TUT1,-0.788268461459733,-0.084605725500476
ENSG00000180902,D2HGDH,0.226905022263951,0.19008780144447
ENSG00000277258,PCGF2,0.213136946793925,0.0129759069786162
ENSG00000158813,EDA,0.801993167532379,-0.833140499273163
ENSG00000167113,COQ4,-0.128011412119005,-0.00677527969719609
ENSG00000139546,TARBP2,-0.138429203534707,0.0636437999206358
ENSG00000135905,DOCK10,-0.07105904476234,-0.285049603344515
ENSG00000261716,H2BC20P,-0.103527580860108,0.386462534166353
ENSG00000183258,DDX41,-0.086248466223052,0.101497306612518
ENSG00000197249,SERPINA1,-0.194731257129224,0.305225786282131
ENSG00000152580,IGSF10,0.677262359787668,0.521760701758231
ENSG00000238103,RPL9P7,0.286536769239892,-0.228713148489517
ENSG00000275126,H4C13,0.367856181735842,-0.97357581996357
ENSG00000156313,RPGR,0.305990242914017,0.103547756888809
ENSG00000101773,RBBP8,0.191968292606009,-0.0137992404192435
ENSG00000183718,TRIM52,0.235934619579134,-0.120192124022604
ENSG00000134531,EMP1,-0.142866098292079,-0.0379629243175689
ENSG00000139344,AMDHD1,0.508429498299478,0.23047386468087
ENSG00000141994,DUS3L,-0.16936308925183,0.186684880132466
ENSG00000072274,TFRC,-0.063331204399623,-0.097076521416359
ENSG00000150977,RILPL2,0.369633796028359,-0.186275519344205
ENSG00000155016,CYP2U1,0.431145963547547,0.0714915104095763
ENSG00000121900,TMEM54,-0.129425131630598,0.0912734322822305
ENSG00000101986,ABCD1,-0.193267254637557,0.351141659669584
ENSG00000149636,DSN1,-0.135465298484151,-0.114688868746936
ENSG00000228824,MIR4500HG,0.346354600166924,-0.0213861895780205
ENSG00000143751,SDE2,-0.119586862201617,0.118362267276654
ENSG00000103260,METRN,0.240831566081154,-0.052464568300956
ENSG00000136383,ALPK3,0.380026504406224,0.611335620115399
ENSG00000166845,C18orf54,-0.202934951894038,-0.240050302315148
ENSG00000100784,RPS6KA5,0.320876643094129,0.103382216900045
ENSG00000169019,COMMD8,0.480810028147658,-0.151263358126122
ENSG00000188112,C6orf132,-0.240836732660131,0.0930762796033533
ENSG00000173209,AHSA2P,0.187280055305613,0.351841908283278
ENSG00000164626,KCNK5,-0.138884513146476,0.44213371626633
ENSG00000168795,ZBTB5,-0.115210178749061,0.154893417511289
ENSG00000132341,RAN,-0.080569887221169,-0.25120644552552
ENSG00000247708,STX18-AS1,-0.196940144258601,0.152324630351307
ENSG00000141644,MBD1,-0.087219319102087,0.141721426475686
ENSG00000149218,ENDOD1,-0.121691371256533,-0.297234679816889
ENSG00000075391,RASAL2,-0.087386064633538,0.207098993372786
ENSG00000205212,CCDC144NL,0.542151763465129,-0.601615267806815
ENSG00000113643,RARS1,0.164443002079456,-0.050757132284922
ENSG00000103018,CYB5B,0.175008618990155,0.304791225716848
ENSG00000143971,ETAA1,0.228338351794317,-0.077404667084663
ENSG00000129245,FXR2,-0.063988016893408,0.0500557900298937
ENSG00000181163,NPM1,-0.075693360141409,-0.183350988783926
ENSG00000165171,METTL27,0.478146671685502,-0.271114863524491
ENSG00000256229,ZNF486,0.67463658223139,-0.213579219421562
ENSG00000168255,POLR2J3-UPK3BL2,0.278304222504978,0.191826492040669
ENSG00000183751,TBL3,-0.099148060917073,0.112576482438603
ENSG00000144635,DYNC1LI1,-0.10294888731462,-0.051643358572793
ENSG00000116525,TRIM62,-0.286597401188643,0.0774490506164156
ENSG00000100167,SEPTIN3,0.482345200739011,0.0664483970963543
ENSG00000179021,C3orf38,0.203705115529255,-0.084333652610119
ENSG00000159363,ATP13A2,-0.081408223603796,-0.107886156772111
ENSG00000134884,ARGLU1,0.18409556876554,-0.110763579591209
ENSG00000265713,LOC100421100,0.592369979924712,-0.257336148684007
ENSG00000197261,C6orf141,0.241264685288022,0.171847129540355
ENSG00000143457,GOLPH3L,0.202475259745248,-0.10755565972912
ENSG00000123505,AMD1,-0.08456149954886,0.0178992113125214
ENSG00000125826,RBCK1,-0.051235125812463,0.229804766766425
ENSG00000198840,ND3,0.465986290234014,-0.873340184625074
ENSG00000196323,ZBTB44,0.1714435063489,0.0235759732544135
ENSG00000183576,SETD3,0.162015283300774,-0.115219268428275
ENSG00000049618,ARID1B,-0.062195497047178,0.112426031066666
ENSG00000131873,CHSY1,-0.080462374967798,-0.0119845132676967
ENSG00000253305,PCDHGB6,-0.410963479447862,-0.319371895424562
ENSG00000006042,TMEM98,-0.187683833019956,0.133712592047142
ENSG00000167123,CERCAM,-0.123010920067882,0.156994247209072
ENSG00000121621,KIF18A,0.233716048731112,-0.204543475968029
ENSG00000028116,VRK2,-0.091687755932073,-0.291682586773457
ENSG00000188529,SRSF10,-0.055362758990788,0.0200276013818989
ENSG00000272668,LOC107985216,-0.287409064043399,-0.317715078958825
ENSG00000171475,WIPF2,-0.065131050937773,0.147248742365284
ENSG00000183856,IQGAP3,0.18983522055877,-0.382043749469226
ENSG00000160588,MPZL3,-0.268196924226185,0.0314340832041643
ENSG00000205592,MUC19,0.668038118742286,0.698176952543204
ENSG00000196730,DAPK1,0.143578056002394,0.469851703313445
ENSG00000224903,RNF32-AS1,0.409233235124723,0.0875739082622619
ENSG00000224578,HNRNPA1L3,-0.283501853524298,-0.19900502493409
ENSG00000177663,IL17RA,-0.105495506227541,0.0401688097269889
ENSG00000100029,PES1,-0.073618403961093,-0.0114278287742414
ENSG00000103381,CPPED1,-0.097344549250914,0.114233298042547
ENSG00000255112,CHMP1B,0.20335305070418,0.123918375307165
ENSG00000217801,LOC100288175,-0.349717863413529,-0.053441493428771
ENSG00000101298,SNPH,0.273152148145558,0.185424863171819
ENSG00000050555,LAMC3,0.597220608674605,0.0624057924917627
ENSG00000114544,SLC41A3,-0.141990486111692,0.0143141384727901
ENSG00000089597,GANAB,-0.0284493506020133,-0.0407404062529276
ENSG00000106714,CNTNAP3,0.193274816570431,0.305881988294881
ENSG00000042445,RETSAT,-0.049244740279409,0.142095616959207
ENSG00000166033,HTRA1,-0.112070983496889,0.141261843009032
ENSG00000131725,WDR44,0.200564720012632,0.0878269556500567
ENSG00000110881,ASIC1,0.373715689158746,0.173498275216243
ENSG00000135454,B4GALNT1,0.18405792449628,-0.151604048800934
ENSG00000257704,INAFM1,-0.217449455571381,0.0766018669085037
ENSG00000149658,YTHDF1,-0.065727614673344,-0.064694771854628
ENSG00000102158,MAGT1,-0.069001736783005,-0.0338095719520422
ENSG00000196378,ZNF34,-0.285039580919931,0.246710625069462
ENSG00000130827,PLXNA3,-0.120927628242451,0.171473196721186
ENSG00000168685,IL7R,-0.355413386101854,-0.142427483606899
ENSG00000125618,PAX8,-0.370061058120381,0.40922159707915
ENSG00000137760,ALKBH8,-0.180355799888196,0.241386575720094
ENSG00000072778,ACADVL,-0.0377106944103792,0.0741140404369835
ENSG00000166821,PEX11A,0.350619408959499,0.0112449555527537
ENSG00000115993,TRAK2,0.185375763370159,-0.019239261275445
ENSG00000229677,RPL17P28,0.418845422874677,0.242422490751033
ENSG00000139133,ALG10,-0.179702201457674,-0.0331684179321211
ENSG00000004866,ST7,NA,NA
ENSG00000104825,NFKBIB,-0.093081076444352,0.148703699974379
ENSG00000197930,ERO1A,-0.058137954302759,0.0652475161710423
ENSG00000106263,EIF3B,-0.065482502465413,-0.102499441074167
ENSG00000083828,ZNF586,0.251207443638934,-0.0200499447747762
ENSG00000091073,DTX2,0.168519112832442,0.222112722768784
ENSG00000008311,AASS,0.62942891598697,0.0903545401846785
ENSG00000119559,C19orf25,-0.190367989362017,0.306546284064145
ENSG00000162104,ADCY9,-0.089918817554871,0.0132323140273239
ENSG00000197576,HOXA4,0.731175467222814,-0.110002690702351
ENSG00000133961,NUMB,0.161806052990497,0.109839489312915
ENSG00000049249,TNFRSF9,-0.23025546062525,0.381496932722478
ENSG00000135931,ARMC9,0.234617999863967,-0.08972845327992
ENSG00000129355,CDKN2D,-0.395474114051469,-0.501361962062985
ENSG00000140543,DET1,-0.205996820473257,-0.0391750980120024
ENSG00000214827,MTCP1,-0.309410010427751,0.244927952140746
ENSG00000166197,NOLC1,-0.051950811023823,-0.172465650589435
ENSG00000233237,LINC00472,0.427120911221654,0.210243520527582
ENSG00000119185,ITGB1BP1,-0.098253874836128,-0.121237081440218
ENSG00000269113,TRABD2B,-0.415577243044723,0.421746474346391
ENSG00000100749,VRK1,-0.09169101867674,-0.218933482906639
ENSG00000156858,PRR14,0.212416205974784,-0.006189943809964
ENSG00000115233,PSMD14,-0.062993449995193,-0.060053831009169
ENSG00000154040,CABYR,0.285983484019281,-0.540689860074119
ENSG00000112029,FBXO5,-0.148897048044388,-0.258500974892846
ENSG00000081923,ATP8B1,-0.118979344055947,0.151162881249958
ENSG00000110200,ANAPC15,-0.158896076202479,-0.348754769941019
ENSG00000178952,TUFM,-0.0493224109700671,0.0074489646749677
ENSG00000087152,ATXN7L3,-0.064588152339136,0.228928114014258
ENSG00000136048,DRAM1,-0.10330246315602,0.251664686192635
ENSG00000055917,PUM2,-0.060415713425314,0.131114372730667
ENSG00000173530,TNFRSF10D,0.20987792915897,0.0984448556897873
ENSG00000004766,VPS50,0.234103879966969,0.0827436114808654
ENSG00000154175,ABI3BP,-0.38197463037741,-0.275361827515059
ENSG00000108306,FBXL20,0.184933091689336,0.260835449257812
ENSG00000104964,TLE5,-0.055587382269545,-0.06010094321784
ENSG00000205060,SLC35B4,-0.0491143020117354,0.0300058670750979
ENSG00000270647,TAF15,0.173942735771375,0.0792002989873106
ENSG00000254206,NPIPB11,0.340633529483865,0.0680152425507451
ENSG00000196866,H2AC7,0.562134497421298,-1.19144504004675
ENSG00000197142,ACSL5,-0.129453557176412,-0.0211420611089573
ENSG00000196502,SULT1A1,0.409109170781777,0.172467322879606
ENSG00000196935,SRGAP1,0.161947143766461,0.253928496557898
ENSG00000069011,PITX1,-0.099841845903386,0.0801954738215919
ENSG00000129480,DTD2,0.258845349591813,0.0616969982707864
ENSG00000137168,PPIL1,-0.095493155381151,-0.085640851879389
ENSG00000169750,RAC3,0.540923478592305,-0.462816880136043
ENSG00000162520,SYNC,-0.317033122659081,0.514756367320365
ENSG00000166451,CENPN,-0.090881392419045,-0.364997861551432
ENSG00000112851,ERBIN,0.148213047355095,0.125523093650113
ENSG00000177674,AGTRAP,-0.094044524795883,-0.057829505913299
ENSG00000087470,DNM1L,0.15618378381515,-0.109833519912957
ENSG00000177917,ARL6IP6,-0.085565048043316,0.129516367871431
ENSG00000180229,HERC2P3,0.218255864708402,0.331461468382864
ENSG00000151240,DIP2C,0.199599065975308,0.14412833009785
ENSG00000162994,CLHC1,0.339651594406352,0.195111441301351
ENSG00000174130,TLR6,0.237990042308719,-0.074030020246046
ENSG00000077522,ACTN2,-0.279157594447018,0.599985907023396
ENSG00000138663,COPS4,0.24955516683353,-0.138001759019839
ENSG00000118960,HS1BP3,0.203751883180148,0.277360455639219
ENSG00000140511,HAPLN3,-0.207293694290594,-0.107946587029707
ENSG00000205572,SERF1A,NA,NA
ENSG00000149499,EML3,0.224336957496635,0.0123209655630753
ENSG00000173214,MFSD4B,0.203858961140274,0.0091694452378852
ENSG00000234498,RPL13AP20,-0.438921395552076,0.261708467704179
ENSG00000138246,DNAJC13,0.165709859348571,0.296098250817603
ENSG00000149761,NUDT22,0.255534391835858,0.0985433926073793
ENSG00000074410,CA12,-0.064485739662567,0.261373234594709
ENSG00000248643,RBM14-RBM4,-0.474632285826955,0.216103973354563
ENSG00000117479,SLC19A2,0.259043738503102,-0.123695328944106
ENSG00000161642,ZNF385A,0.238295511313881,0.0057257442907153
ENSG00000183597,TANGO2,-0.114872997168994,0.0993353989906905
ENSG00000158716,DUSP23,0.276229719371642,-0.27702345732491
ENSG00000100290,BIK,-0.439333146221908,0.005071506975422
ENSG00000072501,SMC1A,-0.0382888387451861,-0.130322705603253
ENSG00000010292,NCAPD2,0.152138343313536,-0.433801583331201
ENSG00000100567,PSMA3,0.223314952380858,-0.053094652440958
ENSG00000170653,ATF7,-0.05611920804293,0.188576896661366
ENSG00000131746,TNS4,-0.053879574256678,0.365635444379649
ENSG00000156113,KCNMA1,-0.222191915761352,-0.104568476694999
ENSG00000196793,ZNF239,-0.23181401881127,0.107000341500342
ENSG00000100479,POLE2,-0.205299277060357,-0.558163282980396
ENSG00000148798,INA,-0.074529529225743,-0.102724340737361
ENSG00000254911,SCARNA9,NA,NA
ENSG00000100796,PPP4R3A,0.171293212692701,0.0181164247666978
ENSG00000105643,ARRDC2,-0.138132419053187,0.344581561556515
ENSG00000215835,LOC284685,-0.400267714785761,0.0910384005211684
ENSG00000186575,NF2,-0.07766740243314,-0.190481466680526
ENSG00000169919,GUSB,-0.080597511611065,0.0072968625009007
ENSG00000065911,MTHFD2,-0.054822214634797,0.0553269145695675
ENSG00000234420,ZNF37BP,0.258658296051519,0.0043873380759759
ENSG00000196747,H2AC13,-0.133752370918511,-0.339902999029107
ENSG00000162735,PEX19,0.169728935943068,-0.044587418304581
ENSG00000206053,JPT2,-0.048777728162189,-0.196880589091628
ENSG00000140395,WDR61,-0.090568567069738,0.0217298114353682
ENSG00000181481,RNF135,-0.109388578420961,0.186045762479888
ENSG00000183323,CCDC125,0.286602362899982,0.0303645648416258
ENSG00000167088,SNRPD1,-0.121072214462682,-0.117580602854469
ENSG00000142002,DPP9,-0.062377836345354,-0.077906128094169
ENSG00000049541,RFC2,-0.141162704368057,-0.239900968902528
ENSG00000246985,SOCS2-AS1,-0.355660918569062,0.127157277164009
ENSG00000188878,FBF1,0.277577928130298,0.130120572840095
ENSG00000013288,MAN2B2,-0.082764123295218,0.0118150669563516
ENSG00000142599,RERE,0.197243692553243,0.058593180675722
ENSG00000187630,DHRS4L2,0.271252809739106,-0.266281641896753
ENSG00000167216,KATNAL2,0.340255452304251,-0.056527810934424
ENSG00000073331,ALPK1,0.205094187232969,0.0319571252468483
ENSG00000049860,HEXB,0.173415889402115,0.125877910983714
ENSG00000188916,INSYN2A,-0.383727433345224,-0.092706814373089
ENSG00000169203,NPIPB12,0.27413744017559,0.0268990313615427
ENSG00000174442,ZWILCH,0.2056164158499,-0.597960370111988
ENSG00000289161,LOC100310756,-0.207046310505146,0.0556791179171088
ENSG00000240682,ISY1,-0.159523790764127,0.0041484914589377
ENSG00000241935,HOGA1,0.545189331868761,0.205107789605958
ENSG00000112473,SLC39A7,-0.053594665277493,-0.069899757119264
ENSG00000148180,GSN,-0.072481526471989,0.232195629095012
ENSG00000152942,RAD17,0.25311480315465,0.14718310467453
ENSG00000042753,AP2S1,-0.077954412149813,0.0534820717076247
ENSG00000129562,DAD1,0.204979063786841,-0.157073646640002
ENSG00000004455,AK2,0.148618926708695,-0.0471435722327351
ENSG00000160352,ZNF714,0.291951865677785,-0.322115986499817
ENSG00000175787,ZNF169,0.362976453865643,-0.088657822749602
ENSG00000205765,RIMOC1,0.178361185091579,-0.0236559856095201
ENSG00000124155,PIGT,-0.055573552389962,0.0274447103378921
ENSG00000143924,EML4,0.152399897155271,0.129386397607437
ENSG00000148219,ASTN2,0.354798135053801,0.152854161372745
ENSG00000169884,WNT10B,0.644093558844332,-0.118465389788364
ENSG00000214944,ARHGEF28,0.154918797944983,0.361503753748217
ENSG00000072364,AFF4,0.13638124832847,0.208978689505924
ENSG00000124602,UNC5CL,-0.299637355836723,0.249998490547807
ENSG00000146409,SLC18B1,0.307434964126975,0.034193614289263
ENSG00000231890,DARS1-AS1,-0.398936072513863,0.327099908784778
ENSG00000090989,EXOC1,0.215851758760399,0.0221044752581999
ENSG00000174891,RSRC1,0.189318354149844,0.101602343630073
ENSG00000173020,GRK2,-0.064164575754645,-0.0444188485220998
ENSG00000243479,MNX1-AS1,0.612248278301333,-0.241981957551367
ENSG00000142864,SERBP1,-0.0419650333964514,-0.077928524878538
ENSG00000115275,MOGS,0.161026863525722,-0.161236431234468
ENSG00000214595,EML6,0.418771426746342,0.112254212178681
ENSG00000146038,DCDC2,0.336803557160561,0.36100198847846
ENSG00000153989,NUS1,-0.084013155757937,0.10220369917101
ENSG00000143612,C1orf43,-0.0455977805788691,0.0928313951407559
ENSG00000170836,PPM1D,0.221409395238947,0.17446665314435
ENSG00000109846,CRYAB,-0.468085103568013,0.0878030679778503
ENSG00000167085,PHB1,-0.091914077086929,0.10300617913906
ENSG00000213638,ADAT3,-0.487851163551317,0.480299848090115
ENSG00000092295,TGM1,-0.544196777568327,0.24427568703215
ENSG00000149380,P4HA3,-0.065622830519926,0.420008919374555
ENSG00000175564,UCP3,0.390577428312871,0.0096408685063877
ENSG00000165169,DYNLT3,-0.174816277449897,0.245490329855814
ENSG00000137764,MAP2K5,0.230836129235236,0.0496945080017679
ENSG00000213380,COG8,-0.071508874067546,0.0598794580815825
ENSG00000065613,SLK,0.14694366836801,0.122342912190135
ENSG00000136052,SLC41A2,-0.081174698897161,0.182835303750844
ENSG00000176994,SMCR8,-0.050509045538634,0.166880090037015
ENSG00000185813,PCYT2,-0.126025771592721,-0.306637410709096
ENSG00000106526,ACTR3C,0.576863172451572,-0.509650682885061
ENSG00000260804,LINC01963,-0.209101542255493,0.202715671733172
ENSG00000136104,RNASEH2B,-0.132571409707235,0.0838072741197969
ENSG00000171302,CANT1,-0.057775532822255,0.0137218545742222
ENSG00000116117,PARD3B,-0.161854004787595,0.26660101407011
ENSG00000228716,DHFR,-0.105251311855756,-0.370198865277041
ENSG00000242485,MRPL20,0.254380192698426,0.0063162931962319
ENSG00000096063,SRPK1,0.161624119484582,-0.163892196974036
ENSG00000112378,PERP,-0.077822182267397,0.110657115227935
ENSG00000185885,IFITM1,0.141091652759078,0.0835437102994244
ENSG00000100968,NFATC4,0.405909054612286,0.335998162623957
ENSG00000107816,LZTS2,-0.081810260675736,0.0306473431695139
ENSG00000157500,APPL1,0.189379730018524,-0.124289303297279
ENSG00000144199,FAHD2B,0.362242755117345,-0.156059787654831
ENSG00000156026,MCU,0.166908321543835,0.0098497205278755
ENSG00000233608,TWIST2,0.307349093473962,0.0910095507857873
ENSG00000274226,TBC1D3H,0.633276778854175,0.0535442623266917
ENSG00000133019,CHRM3,-0.368237704171937,0.304381751973765
ENSG00000070081,NUCB2,0.214279272240388,0.0621660927032895
ENSG00000138078,PREPL,0.175245285937846,0.045877390483881
ENSG00000213185,FAM24B,-0.297614968138902,0.175481534546382
ENSG00000075275,CELSR1,-0.0379063837088761,0.105343483534594
ENSG00000048140,TSPAN17,0.177220572883085,0.0265491865654113
ENSG00000198860,TSEN15,-0.08810682539264,0.110581775247654
ENSG00000181524,RPL24P4,0.385933371574815,-0.575311529604838
ENSG00000151208,DLG5,-0.044193595574443,0.138752879495211
ENSG00000166321,NUDT13,0.585296396066258,0.35183330532548
ENSG00000104524,PYCR3,-0.114303661568453,0.012387519181604
ENSG00000204394,VARS1,-0.053422966710466,0.109888185249457
ENSG00000119041,GTF3C3,0.176946862656858,0.0097594551752184
ENSG00000164465,DCBLD1,-0.0469346642411057,0.266426736735054
ENSG00000168010,ATG16L2,0.355283212231364,0.532498065518313
ENSG00000161010,MRNIP,0.238598249020077,0.172583668969395
ENSG00000137218,FRS3,0.433695087487864,-0.074464623652784
ENSG00000103275,UBE2I,0.144037028164602,-0.110942991283881
ENSG00000166337,TAF10,-0.092393436049171,0.0428554472334583
ENSG00000164253,WDR41,0.196633865446857,0.0815057306322704
ENSG00000102241,HTATSF1,0.176614390997865,-0.259550830326439
ENSG00000095319,NUP188,-0.062514251276772,-0.12550473133979
ENSG00000198589,LRBA,0.146792179862822,0.211313583677774
ENSG00000103051,COG4,-0.069042295767194,0.0934944019809193
ENSG00000213719,CLIC1,-0.0489108596774576,-0.0417934711716044
ENSG00000186056,MATN1-AS1,-0.367666870639419,-0.074237959436621
ENSG00000157741,UBN2,0.169717391887015,0.112271520193006
ENSG00000203326,ZNF525,-0.304772525738429,-0.078594171339492
ENSG00000151773,CCDC122,0.413243929405441,-0.218070820343138
ENSG00000144278,GALNT13,-0.129475661901888,-0.25027491436804
ENSG00000214114,MYCBP,0.29789140371521,-0.382552904144069
ENSG00000167524,RSKR,0.287996570524983,0.0186042363960962
ENSG00000090674,MCOLN1,-0.181079785934181,0.158227452665655
ENSG00000084733,RAB10,-0.0357059578367942,0.137389266576389
ENSG00000143889,HNRNPLL,0.167747388314323,0.0428886035022734
ENSG00000135046,ANXA1,0.181269034754236,-0.206628354377607
ENSG00000146047,H2BC1,-0.281180540910578,-1.67440348700252
ENSG00000111203,ITFG2,-0.116037429506832,0.237431009471697
ENSG00000288811,FAM247A,NA,NA
ENSG00000070010,UFD1,-0.082116468473343,-0.082840632731753
ENSG00000137343,ATAT1,0.287284753734258,-0.12971912822009
ENSG00000051128,HOMER3,-0.152890985145736,0.188630871321748
ENSG00000175606,TMEM70,-0.122362812670523,-0.062930954153096
ENSG00000166478,ZNF143,-0.111206530605357,0.171146629902251
ENSG00000123143,PKN1,0.154799529541471,0.0674359151508205
ENSG00000115760,BIRC6,0.141127176284429,0.0752450149907088
ENSG00000117000,RLF,0.196123932902746,0.108481890822656
ENSG00000246273,SBF2-AS1,0.34967681079684,-0.102379987566217
ENSG00000163904,SENP2,0.192536961332881,-0.052187919436437
ENSG00000106638,TBL2,-0.077226259009212,-0.176863675485883
ENSG00000088256,GNA11,-0.0826135950538,-0.166255725795084
ENSG00000169914,OTUD3,0.2478686209864,-0.0244159630206463
ENSG00000005243,COPZ2,-0.300591324185562,-0.111191620304778
ENSG00000115380,EFEMP1,-0.094194676175122,-0.200108450105238
ENSG00000087303,NID2,-0.116542946885673,0.086516757274158
ENSG00000242294,STAG3L5P,0.235955652392218,0.498942402459084
ENSG00000185085,INTS5,-0.113398334190266,0.0226131662408614
ENSG00000135624,CCT7,-0.0467795247652942,-0.062800796405174
ENSG00000011566,MAP4K3,0.182237318252697,0.235840325386285
ENSG00000188933,USP32P1,0.797554692257327,0.304778317611142
ENSG00000165572,KBTBD6,-0.140960788144167,-0.060442867309568
ENSG00000157150,TIMP4,-0.128614170275667,-0.093368547113062
ENSG00000113163,CERT1,0.207359436336934,0.0304727750236275
ENSG00000149262,INTS4,-0.098696682217489,0.0735742066361617
ENSG00000230453,ANKRD18B,0.256006764925908,-0.0412415678486794
ENSG00000176244,ACBD7,0.630088638090036,-0.194098402891892
ENSG00000054523,KIF1B,0.169482962639523,0.0176778419443195
ENSG00000116962,NID1,-0.170857933003428,0.211753873445221
ENSG00000178950,GAK,-0.069372484442226,0.12696122754725
ENSG00000170412,GPRC5C,-0.108869953736424,0.106472164474677
ENSG00000012232,EXTL3,-0.151611061238228,0.171142182018359
ENSG00000246174,KCTD21-AS1,0.761411147812761,-0.721863679246123
ENSG00000145506,NKD2,-0.245240608641786,-0.08022052887348
ENSG00000140854,KATNB1,0.242681003077787,0.038758520004519
ENSG00000129696,TTI2,-0.141384480404183,0.09447310145608
ENSG00000124299,PEPD,-0.073923373721316,0.193604369126742
ENSG00000159658,EFCAB14,0.147000050222589,-0.106449090060879
ENSG00000111885,MAN1A1,-0.62789693522798,0.13633166805134
ENSG00000112659,CUL9,0.193229696123062,0.216992348197371
ENSG00000278709,NKILA,-0.189801873569498,0.0014057118488178
ENSG00000156253,RWDD2B,0.255691780471113,0.232947819329836
ENSG00000198830,HMGN2,0.173925275854804,-0.724504980957395
ENSG00000155463,OXA1L,0.152040759723866,0.0335318023998336
ENSG00000132436,FIGNL1,-0.133398119098684,-0.153594206489448
ENSG00000166004,CEP295,0.163486126350594,-0.193500006850068
ENSG00000186166,CENATAC,0.231733702516633,0.134738527733748
ENSG00000070778,PTPN21,-0.088402107881843,0.173581295306636
ENSG00000153790,C7orf31,0.412817352835278,0.0152368617299424
ENSG00000102096,PIM2,0.247541315154855,-0.308532172113514
ENSG00000128513,POT1,0.196840477321661,-0.0359118731245658
ENSG00000152270,PDE3B,0.26999310720788,-0.091691414126008
ENSG00000167549,CORO6,0.379927933840988,0.0647913372173554
ENSG00000256053,COA8,0.25294625094476,-0.153532290307068
ENSG00000152102,FAM168B,-0.054850692599374,0.134581197646008
ENSG00000138101,DTNB,0.247496285758085,-0.093287503889556
ENSG00000152332,UHMK1,-0.050487399528648,0.0148813134605793
ENSG00000099901,RANBP1,-0.091469600650454,-0.343942306142164
ENSG00000125037,EMC3,-0.076200874203284,-0.0171522063214213
ENSG00000110723,EXPH5,0.287555549808949,-0.557399776928175
ENSG00000125637,PSD4,-0.087064291566537,0.566528978591972
ENSG00000168175,MAPK1IP1L,-0.058376224957102,0.0656217443029588
ENSG00000149292,TTC12,0.368337640004209,0.0174087673973887
ENSG00000261221,ZNF865,-0.131596670767988,0.19076159896175
ENSG00000176153,GPX2,-0.069640899059086,0.250498554703866
ENSG00000070961,ATP2B1,-0.057350360501949,0.36299380902731
ENSG00000127152,BCL11B,-0.249847188248335,0.237080591679383
ENSG00000157014,TATDN2,-0.056041574283319,0.0318140778898434
ENSG00000177613,CSTF2T,-0.078760435380988,-0.062538464438838
ENSG00000204977,TRIM13,0.242227478317453,0.0925697752039828
ENSG00000086300,SNX10,0.41615160405692,-0.149393219328199
ENSG00000164418,GRIK2,-0.265168566702908,0.329821882510922
ENSG00000104881,PPP1R13L,-0.133449303352562,-7.46517414833975e-05
ENSG00000145555,MYO10,-0.0332141332420443,0.0878703622707956
ENSG00000184481,FOXO4,0.466516444831822,0.37127673633039
ENSG00000155111,CDK19,0.239173765688394,0.143133073842113
ENSG00000243147,MRPL33,0.272001671765732,-0.234860215564954
ENSG00000197256,KANK2,-0.072752808874976,-0.074036420648539
ENSG00000087502,ERGIC2,0.192363310349105,-0.169438851274839
ENSG00000184465,WDR27,0.191534301135329,0.312214705867182
ENSG00000249592,PCGF3-AS1,0.236095456108785,0.230837046589236
ENSG00000132792,CTNNBL1,-0.058719131054124,0.0371950017842753
ENSG00000072134,EPN2,0.157386540191265,-0.0139783488865391
ENSG00000186470,BTN3A2,-0.093080853894985,0.175871923734501
ENSG00000072133,RPS6KA6,0.30598406348758,0.252341750234414
ENSG00000106004,HOXA5,0.491219418441411,-0.090748323570202
ENSG00000261934,PCDHGA9,0.454489875196567,-0.110724408886922
ENSG00000131508,UBE2D2,0.16184724357452,-0.174999638662797
ENSG00000119878,CRIPT,0.216315662812676,0.116855679541417
ENSG00000124788,ATXN1,0.195074390081078,0.239136282615311
ENSG00000230257,NFE4,0.480289204308864,-0.293603068294829
ENSG00000105373,NOP53,-0.058970182376539,0.0722014045081697
ENSG00000249395,CASC9,0.297510777175776,-0.302913409164573
ENSG00000067048,DDX3Y,0.170618165492286,0.021394994819806
ENSG00000137193,PIM1,-0.139276780037931,-0.156334632349057
ENSG00000117010,ZNF684,0.531641332280281,-0.605976016650041
ENSG00000204967,PCDHA4,-0.171714207585576,0.522715280628198
ENSG00000127957,PMS2P3,0.279265570920034,0.0790459153806391
ENSG00000127920,GNG11,0.220289805628718,0.103479480524601
ENSG00000164054,SHISA5,-0.0409639417717086,0.0241953980945453
ENSG00000125901,MRPS26,-0.096952961109974,-0.119586025688709
ENSG00000153187,HNRNPU,0.132780569745071,-0.0461045048967981
ENSG00000065135,GNAI3,-0.068128973519784,0.0302883526303725
ENSG00000151025,GPR158,-0.453795075161828,0.0693337675698512
ENSG00000167130,DOLPP1,-0.139304989264565,-0.278784324490761
ENSG00000197756,RPL37A,0.152770315487521,-0.253596576767681
ENSG00000162946,DISC1,0.311062959382593,0.0523666791620882
ENSG00000023516,AKAP11,0.152313449693886,0.0177376254024421
ENSG00000165416,SUGT1,-0.097239783060821,-0.0084234946760683
ENSG00000156931,VPS8,0.210496986239878,0.355834039527823
ENSG00000171793,CTPS1,-0.090509082838587,0.123870330391023
ENSG00000164897,TMUB1,0.195966983033921,-0.152955166000425
ENSG00000010803,SCMH1,0.213087009669733,0.13654156987777
ENSG00000169436,COL22A1,-0.437634070914042,0.221493884804028
ENSG00000141682,PMAIP1,0.244241844133684,0.132985197199899
ENSG00000107957,SH3PXD2A,0.196541257668921,0.187443850123585
ENSG00000110321,EIF4G2,0.132818097366355,-0.071847591038818
ENSG00000159228,CBR1,-0.074036152379538,-0.212251471514448
ENSG00000187800,PEAR1,-0.186193294784668,-0.261005809397003
ENSG00000078967,UBE2D4,-0.158347462957332,0.0075071722539118
ENSG00000130024,PHF10,0.197053844744241,0.13934767470672
ENSG00000132676,DAP3,0.150317165239549,-0.0356973330588173
ENSG00000110218,PANX1,-0.109184965130514,-0.107972623976056
ENSG00000125835,SNRPB,-0.061272209610034,-0.117791755502398
ENSG00000108639,SYNGR2,-0.0389374877244474,0.0080450280239899
ENSG00000124275,MTRR,-0.082744585251142,0.212315471681995
ENSG00000125434,SLC25A35,0.331472694606874,0.0573169519173819
ENSG00000168306,ACOX2,-0.19674928957455,0.675280185900464
ENSG00000165480,SKA3,-0.137341642618146,-0.534253023906642
ENSG00000263874,LINC00672,0.692166099471377,0.357743087293898
ENSG00000196151,WDSUB1,0.336080122891576,0.209746577895853
ENSG00000119596,YLPM1,-0.058050842950432,0.0252324199945217
ENSG00000073605,GSDMB,0.308655429898934,0.34311521616963
ENSG00000163328,GPR155,0.494431520060848,0.0338146711679704
ENSG00000170017,ALCAM,-0.0413505552629603,0.203195195739275
ENSG00000161847,RAVER1,-0.07083575271485,-0.005954609342799
ENSG00000100109,TFIP11,-0.07962815455328,0.13461548921363
ENSG00000173039,RELA,-0.068273082047523,0.0250413114593973
ENSG00000159899,NPR2,0.288959794079492,0.412619155637274
ENSG00000108826,MRPL27,-0.101082378185961,-0.098124115364207
ENSG00000175265,GOLGA8A,0.220744369590003,0.392422012784883
ENSG00000171135,JAGN1,-0.080938263467723,0.155634003830529
ENSG00000196419,XRCC6,-0.050538123792762,-0.09821048210583
ENSG00000136235,GPNMB,0.677380628753333,-0.326990817704763
ENSG00000205268,PDE7A,0.196259061728528,0.0479595486689116
ENSG00000134198,TSPAN2,-0.525468093357123,0.669472070597404
ENSG00000036257,CUL3,0.155970873493687,-0.0116703101278398
ENSG00000134825,TMEM258,-0.079834372004699,-0.104762692256959
ENSG00000172530,BANP,-0.130873817133023,0.147050751863887
ENSG00000115526,CHST10,-0.128478220043941,-0.112387777994746
ENSG00000101190,TCFL5,0.298832953088704,-0.113955656712612
ENSG00000113083,LOX,-0.376945120282723,0.680313125272692
ENSG00000172828,CES3,0.343557192860212,0.522269237877063
ENSG00000127989,MTERF1,-0.139111823863,0.0984567567795431
ENSG00000265817,FSBP,0.265845015328232,0.254350813205013
ENSG00000099800,TIMM13,-0.127713954428223,-0.0275315884271109
ENSG00000196262,PPIA,-0.066021089128363,-0.185707635211622
ENSG00000198467,TPM2,0.150564510457844,-0.280979761867664
ENSG00000272886,DCP1A,0.16724006251809,0.0624491786300125
ENSG00000173702,MUC13,-0.079781935248481,0.268484561977369
ENSG00000177058,SLC38A9,0.203568320288087,0.11196086875099
ENSG00000235173,HGH1,-0.093807723129563,-0.10624143626793
ENSG00000166979,EVA1C,0.165877117567865,0.271440379741448
ENSG00000179862,CITED4,0.356946950205527,0.446771707758978
ENSG00000078081,LAMP3,-0.077920381488975,-0.080741905340995
ENSG00000196507,TCEAL3,0.595936927120866,-0.557713441951641
ENSG00000163735,CXCL5,-0.0352030720061656,0.595801125583145
ENSG00000183011,NAA38,0.209577296308885,-0.136098675331278
ENSG00000022976,ZNF839,0.239738583959553,0.0214277291804265
ENSG00000174718,RESF1,0.143902305551396,0.0808946197276364
ENSG00000025800,KPNA6,0.139397335472346,-0.0263954381077242
ENSG00000164970,FAM219A,-0.09624737516194,-0.042878734956043
ENSG00000073350,LLGL2,0.176392428640258,0.172684785727469
ENSG00000161618,ALDH16A1,-0.102636907929219,-0.059448664089293
ENSG00000134243,SORT1,0.163613452313094,-0.0165799654842143
ENSG00000110925,CSRNP2,0.173035288894214,0.0928596567641296
ENSG00000170075,GPR37L1,0.572439242374778,-0.0179237309827943
ENSG00000158186,MRAS,0.265873954424269,0.0290048355369969
ENSG00000122862,SRGN,-0.088035344386686,-0.433261670681141
ENSG00000233077,LINC01271,0.455575456963397,0.354373316780169
ENSG00000180992,MRPL14,-0.109402795226877,0.119079510289969
ENSG00000104889,RNASEH2A,-0.120856507247373,-0.288204009199192
ENSG00000158169,FANCC,-0.143798743031997,-0.230528256739173
ENSG00000184898,RBM43,-0.141861235274147,0.0471833737121558
ENSG00000120616,EPC1,-0.068579499548157,0.305275409091808
ENSG00000226562,CYP4F26P,0.425291549024393,0.203865826779794
ENSG00000143337,TOR1AIP1,0.164026291984628,-0.0273555607090487
ENSG00000184207,PGP,-0.121878752048591,-0.117805100401695
ENSG00000206195,DUXAP8,0.152873562611998,0.0280792681386872
ENSG00000165905,LARGE2,0.507955411742821,-0.148177343417344
ENSG00000179918,SEPHS2,0.195429804184646,0.0632115238294089
ENSG00000197191,CYSRT1,-0.462571286228873,-0.136011898542492
ENSG00000177732,SOX12,0.153903857202675,-0.016322075265786
ENSG00000114331,ACAP2,0.204080830503567,-0.0193663310711931
ENSG00000104067,TJP1,-0.0420455032553437,0.0766946814967471
ENSG00000166387,PPFIBP2,0.198467312354542,0.181380825259495
ENSG00000101544,ADNP2,-0.057424138820697,0.159738416055802
ENSG00000254166,PCAT2,-0.079018737979175,0.36755451153191
ENSG00000080298,RFX3,0.215123259491365,0.017950812445309
ENSG00000104472,CHRAC1,-0.138538738482067,-0.0196181393970943
ENSG00000076706,MCAM,0.298119455134279,0.131844794338606
ENSG00000116857,TMEM9,-0.100156875668773,0.0711152791019532
ENSG00000171608,PIK3CD,0.277440464680427,0.109497442147696
ENSG00000148634,HERC4,0.16599953107337,0.0492706397754045
ENSG00000065675,PRKCQ,0.2933398034992,-0.177899100859421
ENSG00000135446,CDK4,0.187252910300664,-0.111968470450439
ENSG00000128581,IFT22,0.225822901255421,-0.121739734197138
ENSG00000061676,NCKAP1,0.150765996597108,0.0503086858942646
ENSG00000226419,SLC16A1-AS1,0.241334766607228,0.0988844228084018
ENSG00000183475,ASB7,0.19443982606193,0.05460647865444
ENSG00000196787,H2AC11,-0.109926837771162,-0.398733916641959
ENSG00000187778,MCRS1,-0.079984403973421,-0.0399021647559043
ENSG00000224189,HAGLR,0.608249112195885,-0.140272387967762
ENSG00000122299,ZC3H7A,0.182474776504094,0.185447178373322
ENSG00000156050,FAM161B,0.417164669607135,-0.011602537769238
ENSG00000198610,AKR1C4,0.655235479755021,0.174906100782196
ENSG00000124786,SLC35B3,-0.152186711278051,0.287769863495115
ENSG00000121454,LHX4,0.422089531768392,-0.48071870561751
ENSG00000275700,AATF,-0.0458365011693365,-0.072542462775193
ENSG00000144559,TAMM41,0.237839998463706,-0.075178617522753
ENSG00000163539,CLASP2,0.152987252564811,-0.093860975353442
ENSG00000107796,ACTA2,0.280591806723302,0.499431583153144
ENSG00000132359,RAP1GAP2,-0.082481495905847,0.210440353448171
ENSG00000181029,TRAPPC5,-0.167730072140052,0.0985152484425329
ENSG00000137513,NARS2,0.220226247230039,0.108501659669136
ENSG00000136883,KIF12,0.498448664542275,0.18411646363534
ENSG00000100941,PNN,0.166908522433213,-0.114662361694117
ENSG00000116698,SMG7,-0.051500958513984,0.0581983654535409
ENSG00000106789,CORO2A,0.247462557260398,0.0781835374179443
ENSG00000237330,RNF223,-0.524055187934626,-0.248774514475433
ENSG00000185344,ATP6V0A2,-0.061241134557301,-0.071058543274917
ENSG00000125657,TNFSF9,0.348515140246084,0.436156064464426
ENSG00000111711,GOLT1B,-0.098489039374465,0.146838548724312
ENSG00000132406,TMEM128,-0.229349708247071,0.430374092503557
ENSG00000185787,MORF4L1,0.143887040870651,-0.121511295159159
ENSG00000020181,ADGRA2,0.424401173566168,0.150657102444279
ENSG00000171097,KYAT1,0.334673868082988,0.0444030838906923
ENSG00000104863,LIN7B,0.618882424465996,-0.443177889257031
ENSG00000136156,ITM2B,-0.061376370497756,-0.0054244059016479
ENSG00000102054,RBBP7,-0.068767285933218,-0.080217067326878
ENSG00000124214,STAU1,0.143969717882032,-0.0304698470789585
ENSG00000197635,DPP4,-0.201511074205265,0.0361774797092223
ENSG00000144057,ST6GAL2,0.187720128651066,0.156444788912914
ENSG00000196954,CASP4,-0.099963593733209,0.0346054787675271
ENSG00000128585,MKLN1,0.142286519950481,0.281005774053135
ENSG00000138069,RAB1A,-0.059958834254375,0.231793458956195
ENSG00000158717,RNF166,0.248132892652874,0.180956447943317
ENSG00000099203,TMED1,-0.173895312603278,-0.3133498196067
ENSG00000164053,ATRIP,NA,NA
ENSG00000023909,GCLM,-0.087706847744316,-0.32361340961636
ENSG00000198223,CSF2RA,-0.2206418298708,0.323755385505919
ENSG00000146433,TMEM181,0.186571532493684,0.147975647205306
ENSG00000117592,PRDX6,-0.053203619793357,-0.0222618153560373
ENSG00000185504,FAAP100,-0.086084664277275,0.13420978119922
ENSG00000185000,DGAT1,-0.10204497089748,0.236454524766022
ENSG00000100084,HIRA,-0.066769353553125,0.120327391408722
ENSG00000138794,CASP6,0.29719348131494,-0.299355228853801
ENSG00000215440,NPEPL1,-0.094281635802788,0.155761671776071
ENSG00000012124,CD22,-0.564226463820211,0.778805364849182
ENSG00000147454,SLC25A37,-0.055027444575441,0.0084744425512411
ENSG00000213246,SUPT4H1,-0.078760738589697,0.0819446755748439
ENSG00000185222,TCEAL9,0.350543567353531,-0.285862275133755
ENSG00000139182,CLSTN3,0.165589073323461,0.396773225773348
ENSG00000196712,NF1,0.126743506587982,0.208477889088572
ENSG00000170629,DPY19L2P2,0.423546256218644,-0.084171986054604
ENSG00000285816,POLA2,0.92261217074185,-0.066933568968312
ENSG00000136930,PSMB7,-0.094935216306452,-0.0045536296204867
ENSG00000128881,TTBK2,0.185107836524863,0.0942027086876224
ENSG00000130312,MRPL34,0.259574118206023,-0.056644984405774
ENSG00000198780,FAM169A,0.219192805641098,-0.149181012837216
ENSG00000131115,ZNF227,-0.110026138078866,0.233480626672439
ENSG00000136193,SCRN1,0.13641412151979,0.0113849427781419
ENSG00000183785,TUBA8,0.623709492385025,-0.453366716432322
ENSG00000174943,KCTD13,-0.086420450201591,0.0846266661581474
ENSG00000186409,CCDC30,0.462586305704437,0.0948294296852853
ENSG00000123700,KCNJ2,0.335812165304512,0.771618358608273
ENSG00000168172,HOOK3,0.172753201130242,0.0405675591235494
ENSG00000148120,AOPEP,-0.05030038832609,-0.0411083715379427
ENSG00000070718,AP3M2,0.194365240317425,-0.153146665197761
ENSG00000105866,SP4,-0.143821264972821,-0.110678091920605
ENSG00000136213,CHST12,0.245618986969945,0.166759550964223
ENSG00000181143,MUC16,-0.106985957236771,0.362916306446547
ENSG00000147180,ZNF711,0.434799972115633,0.218419957333927
ENSG00000100767,PAPLN,0.301109832621705,0.412468468422024
ENSG00000168439,STIP1,-0.0346809041996623,-0.340441173926904
ENSG00000170291,ELP5,-0.107001851991199,-0.051426239836567
ENSG00000243989,ACY1,-0.180554870523562,0.129305952515232
ENSG00000187522,HSPA14,0.252080275853901,-0.158868494776447
ENSG00000244165,P2RY11,-0.541615154478963,1.77660166903019
ENSG00000014216,CAPN1,-0.032101752949634,0.146515434870964
ENSG00000130119,GNL3L,-0.0470537491093564,-0.00085502582938099
ENSG00000123552,USP45,0.238748883719188,-0.0377299879328161
ENSG00000187391,MAGI2,0.64582884926285,0.0765964101489853
ENSG00000154065,ANKRD29,0.298945667542485,0.271501090327679
ENSG00000139218,SCAF11,0.140130229610579,-0.0063533870284406
ENSG00000270580,PKD1P6-NPIPP1,0.348454266980164,-0.0177585282820676
ENSG00000169105,CHST14,0.26210298039672,-0.162155112774229
ENSG00000109819,PPARGC1A,0.231330117564305,0.497552686215036
ENSG00000213904,LIPE-AS1,NA,NA
ENSG00000181852,RNF41,0.182295528780258,-0.095593662580603
ENSG00000097007,ABL1,0.136184386640686,0.133796607316259
ENSG00000103351,CLUAP1,0.241760213892799,0.0563898308238225
ENSG00000139719,VPS33A,0.179585976196006,-0.08284114027113
ENSG00000181619,GPR135,-0.09621624730191,0.335811752491206
ENSG00000125863,MKKS,0.162952899994166,0.115710247966324
ENSG00000180764,PIPSL,-0.594227409311951,0.253335276483389
ENSG00000100949,RABGGTA,-0.131731405373476,0.167440242825608
ENSG00000105255,FSD1,0.44115254757741,0.43353027913399
ENSG00000284981,UPK3BL2,-0.176395923476332,0.393327966618652
ENSG00000063127,SLC6A16,0.307037564226247,0.294226498738538
ENSG00000107882,SUFU,0.197142733775232,-0.079476873675547
ENSG00000086712,TXLNG,0.18245811083309,0.0070358083427739
ENSG00000129347,KRI1,-0.128668065726912,0.0032409116206138
ENSG00000048392,RRM2B,0.173482959038817,0.413467482542344
ENSG00000105402,NAPA,-0.029958776314784,0.175199842492715
ENSG00000176248,ANAPC2,-0.094120219898418,0.212814137967016
ENSG00000255150,EID3,-0.110465150494795,-0.0220418389300011
ENSG00000175970,UNC119B,-0.08901933567597,0.0699008079473964
ENSG00000037965,HOXC8,0.368020035973894,-0.25430974531267
ENSG00000011451,WIZ,-0.071359624880572,0.103358157341725
ENSG00000100592,DAAM1,0.207286605578201,0.0719625079760567
ENSG00000176903,PNMA1,-0.078236735906129,0.0303490393074671
ENSG00000068971,PPP2R5B,0.220022395347292,0.287782547048436
ENSG00000116560,SFPQ,-0.0442795305521558,-0.071829400996049
ENSG00000196459,TRAPPC2,0.310332260623458,-0.258436150134939
ENSG00000213741,RPS29,0.69554881408777,-0.726162804903044
ENSG00000137571,SLCO5A1,-0.312256428644175,-0.159386297516612
ENSG00000157869,RAB28,0.306321938800036,-0.088363425064962
ENSG00000121774,KHDRBS1,-0.0484379452595911,-0.059361821174508
ENSG00000169435,RASSF6,0.303771069369279,0.125374053477716
ENSG00000076826,CAMSAP3,0.251973601166313,-0.192518503511484
ENSG00000116209,TMEM59,-0.083623410766947,0.205804358811527
ENSG00000177675,CD163L1,-0.293925561735092,0.146866573744674
ENSG00000236675,MTX1P1,0.380073143685033,-0.257210760108605
ENSG00000172932,ANKRD13D,0.19200650440673,0.0901923798513423
ENSG00000252010,SCARNA5,0.354332197602562,-0.638060408022701
ENSG00000111907,TPD52L1,0.16960100517368,0.0936054622792737
ENSG00000160172,FAM86C2P,0.321643720557851,0.0536766762799563
ENSG00000111913,RIPOR2,-0.445989861235444,0.542499346531109
ENSG00000165264,NDUFB6,0.257204226712952,-0.0362034504013361
ENSG00000136933,RABEPK,-0.129450542061367,-0.119528167416292
ENSG00000225224,RPS27AP12,0.635156868731374,-0.167350918005198
ENSG00000111678,C12orf57,-0.060825594170508,0.0805965316456668
ENSG00000162976,SLC66A3,-0.177297335792728,-0.08531772663818
ENSG00000071794,HLTF,0.163981932099311,-0.15348157601499
ENSG00000166762,CATSPER2,0.481331315119969,0.0718116478184702
ENSG00000104687,GSR,-0.0424802083512044,-0.271598290409427
ENSG00000267288,LOC105371795,0.432509930830471,0.825362363189881
ENSG00000103168,TAF1C,0.195259638828586,0.185736812137715
ENSG00000109743,BST1,-0.198797722929083,0.0781547965275611
ENSG00000103549,RNF40,-0.0425189159907078,0.0445142686903332
ENSG00000277224,H2BC7,0.345428085277499,-0.496601504498569
ENSG00000100490,CDKL1,-0.182741203908166,-0.173782922190342
ENSG00000204852,TCTN1,0.206490264011362,0.191815891900481
ENSG00000103363,ELOB,-0.32010468672605,-0.0436469889878908
ENSG00000187266,EPOR,0.395367900999052,-0.31805496970034
ENSG00000100162,CENPM,-0.174804851257653,-0.33166573369339
ENSG00000149150,SLC43A1,0.396353939857611,0.0922670408492473
ENSG00000106399,RPA3,0.235575857144227,-0.443056879939526
ENSG00000173812,EIF1,-0.057701887569005,0.0875825436343999
ENSG00000141198,TOM1L1,0.182373620490968,0.0240325243913452
ENSG00000253873,PCDHGA11,-0.351241693758526,0.247014770801906
ENSG00000130717,UCK1,-0.153231905829806,0.0343166832224358
ENSG00000124422,USP22,-0.0327196081667519,0.0496565155695136
ENSG00000225206,MIR137HG,-0.366619387834064,0.590136048320057
ENSG00000112561,TFEB,-0.15755273264704,0.207329150573751
ENSG00000239697,TNFSF12,0.397906391787945,-0.194378077728489
ENSG00000204634,TBC1D8,0.141346868364234,0.252214366463466
ENSG00000186205,MTARC1,-0.222561768669972,-0.079626018625208
ENSG00000178694,NSUN3,-0.151969764386125,0.0420271578843612
ENSG00000171055,FEZ2,0.160263808822129,0.0813517136811536
ENSG00000095203,EPB41L4B,0.227562494710201,0.0650278284788452
ENSG00000148834,GSTO1,-0.071446488585784,-0.0338191931408961
ENSG00000143442,POGZ,-0.0349109231867619,0.149558936021471
ENSG00000106344,RBM28,-0.0472233625195482,0.104768536531299
ENSG00000162241,SLC25A45,-0.179065015300935,0.197132030411051
ENSG00000178053,MLF1,0.415735327133315,-0.178540504424529
ENSG00000124444,ZNF576,-0.139820759166302,0.126334446957737
ENSG00000165724,ZMYND19,0.220637630185718,-0.329264133456735
ENSG00000132554,RGS22,-0.311339213289518,-0.0378283564864085
ENSG00000123933,MXD4,0.183876456997338,-0.0126177884509033
ENSG00000071859,FAM50A,-0.065076973612925,0.0200249872352199
ENSG00000124549,BTN2A3P,-0.310590043607162,0.284583054981477
ENSG00000119632,IFI27L2,0.402301830259273,-0.275322207234847
ENSG00000228474,OST4,0.175421794842706,-0.595681910685727
ENSG00000173011,TADA2B,-0.109876174285118,0.0762959191719213
ENSG00000140455,USP3,0.153422842492957,0.0222838318651806
ENSG00000142751,GPN2,-0.108227139806955,0.0801044224944293
ENSG00000145494,NDUFS6,0.286105872530861,-0.223699728869045
ENSG00000166140,ZFYVE19,0.211147519272481,0.0264998424369138
ENSG00000064102,INTS13,0.20971270833765,-0.317568132882873
ENSG00000136243,NUP42,0.225842432868156,0.089877838819944
ENSG00000168090,COPS6,-0.066473120656274,-0.00806686025894859
ENSG00000232373,MTCYBP3,0.553221856601074,-0.237608959217217
ENSG00000168765,GSTM4,0.303430714040456,-0.073567428379764
ENSG00000157181,ODR4,0.179378306747613,-0.059628116837998
ENSG00000175592,FOSL1,-0.16319200999703,-0.085152844826214
ENSG00000197728,RPS26,-0.333404054260192,0.0198264692842437
ENSG00000140379,BCL2A1,-0.232041136670531,0.0674826185232341
ENSG00000173153,ESRRA,-0.077103817531791,0.0786277714246303
ENSG00000108821,COL1A1,-0.136766461403472,-0.0361407090950874
ENSG00000245556,SCAMP1-AS1,-0.144483012482966,0.195279694162158
ENSG00000096717,SIRT1,0.208396390668071,0.149062124805374
ENSG00000160447,PKN3,0.242888443697455,-0.0482983240079509
ENSG00000101115,SALL4,0.295602147421817,0.156416179568904
ENSG00000101546,RBFA,0.199361076894221,-0.129587364890426
ENSG00000080200,CRYBG3,0.146663860816114,-0.059136781868726
ENSG00000142230,SAE1,-0.058089244092226,-0.127788340672561
ENSG00000198324,PHETA1,-0.212714961628117,0.247706416996045
ENSG00000164180,TMEM161B,0.19452784085144,-0.0286413111374077
ENSG00000114948,ADAM23,-0.154567615830227,0.0887088918005067
ENSG00000135457,TFCP2,-0.075318111024745,-0.07682505572539
ENSG00000100478,AP4S1,0.265238645151655,-0.329903118573124
ENSG00000160221,GATD3,0.254081403593685,0.123502448992924
ENSG00000129646,QRICH2,0.369328171913124,0.178560516984167
ENSG00000118518,RNF146,-0.154978272932043,0.343113565127099
ENSG00000174282,ZBTB4,0.144296325167968,0.109961015202552
ENSG00000157870,PRXL2B,0.256275010891567,-0.443997978978104
ENSG00000144021,CIAO1,-0.05110598410949,-0.0035116414796803
ENSG00000134759,ELP2,0.173257652496443,0.0750541511248172
ENSG00000256061,DNAAF4,0.457407665036093,-0.01518050420552
ENSG00000170275,CRTAP,-0.0287204342274687,-0.0339236125913774
ENSG00000106541,AGR2,0.185837504979098,0.18526945930377
ENSG00000161267,BDH1,0.396406071528807,-0.182799320000041
ENSG00000124256,ZBP1,-0.244321074962323,0.276194493818995
ENSG00000075340,ADD2,0.158766660828746,-0.386956608339367
ENSG00000266976,LOC102724908,-0.175614086282157,0.194673625713106
ENSG00000184752,NDUFA12,-0.104180034716458,-0.0253591628738928
ENSG00000146530,VWDE,0.237244034562103,0.0433737115932194
ENSG00000163617,CCDC191,0.390915854319786,-0.0175571832737521
ENSG00000119321,FKBP15,-0.0491183020425136,-0.0140865844106564
ENSG00000088888,MAVS,0.133690285533672,-0.0331695115381532
ENSG00000104613,INTS10,0.18464285497503,-0.0144890927878179
ENSG00000174780,SRP72,0.17246834292962,-0.0334650839699249
ENSG00000080546,SESN1,0.309267638665189,0.178628346256269
ENSG00000140983,RHOT2,-0.075374690674117,0.235643519683283
ENSG00000123066,MED13L,0.127171366979527,0.259814980186754
ENSG00000153310,CYRIB,0.159371418307854,-0.0251008353408105
ENSG00000116761,CTH,0.478256322367143,0.311414855139333
ENSG00000177738,ANXA2R-OT1,-0.160208074718884,0.027240572256234
ENSG00000163634,THOC7,0.227029686549318,-0.343268141078145
ENSG00000164010,ERMAP,-0.155907901246758,0.361911786825768
ENSG00000267532,MIR497HG,0.597439703738484,-0.458049892680719
ENSG00000178252,WDR6,-0.0381760979096866,0.131977831451153
ENSG00000185745,IFIT1,-0.0420363918015629,0.135538778905358
ENSG00000205913,SRRM2-AS1,-0.351598041299696,0.605510624910525
ENSG00000164938,TP53INP1,0.222124639139632,0.265577691405897
ENSG00000113312,TTC1,0.152724981985516,-0.06799535069665
ENSG00000216937,CCDC7,0.333455394334189,-0.336977587815429
ENSG00000145107,TM4SF19,-0.252294147116523,0.283039573220051
ENSG00000189367,KIAA0408,-0.828198856217498,0.16576573729557
ENSG00000251791,SCARNA6,0.530626677989999,-0.491525335433507
ENSG00000188827,SLX4,-0.075810169628937,0.046420755350821
ENSG00000101901,ALG13,0.173461977649962,0.16322194250358
ENSG00000137161,CNPY3,-0.093943233993286,0.031961551085865
ENSG00000115290,GRB14,0.218928888350197,0.140922984828671
ENSG00000099875,MKNK2,0.136584571067682,-0.0194906588469726
ENSG00000204590,GNL1,0.198321176216134,-0.018709462817015
ENSG00000179886,TIGD5,-0.101597115629451,0.21116189737062
ENSG00000167468,GPX4,-0.054453744711164,0.122399655124825
ENSG00000136813,ECPAS,-0.0379462422983738,0.00382923028789
ENSG00000130208,APOC1,0.327136460237134,-0.0119491354862624
ENSG00000135870,RC3H1,-0.0373662452413015,0.0200128635895105
ENSG00000150779,TIMM8B,0.24473049856179,-0.36558359932796
ENSG00000004059,ARF5,-0.107157078774522,0.121179394386623
ENSG00000132688,NES,-0.180991786098719,-0.302733658987294
ENSG00000249855,EEF1A1P19,-0.465171241915016,0.112935830469601
ENSG00000205436,EXOC3L4,0.536671587015439,0.776591688244563
ENSG00000183401,CCDC159,0.396997660050104,0.467063327561796
ENSG00000149311,ATM,0.146095794798424,0.0542678316707551
ENSG00000105726,ATP13A1,-0.067943047801431,0.165946016206716
ENSG00000163930,BAP1,0.160773877340583,-0.0141461326019895
ENSG00000151151,IPMK,0.234473363661418,0.256782376190754
ENSG00000115194,SLC30A3,0.546280791704352,-0.0050098282192745
ENSG00000233901,LINC01503,0.373547305036468,-0.097700054966304
ENSG00000010361,FUZ,0.305732842871623,0.142202749604536
ENSG00000119335,SET,0.137636536952502,-0.175082411977039
ENSG00000225975,ZNF567-DT,0.337186518039514,0.077682773839001
ENSG00000182923,CEP63,0.230461447484506,0.0359460558239888
ENSG00000197345,MRPL21,0.204417805255517,-0.153154278118665
ENSG00000055483,USP36,-0.0427026067466754,0.218860939186668
ENSG00000197483,ZNF628,-0.213427170404638,0.352444068122052
ENSG00000225697,SLC26A6,-0.08595240437622,0.25101297966808
ENSG00000146242,TPBG,-0.074941509506867,0.179797978924722
ENSG00000108671,PSMD11,-0.0352237691295605,-0.084071906519086
ENSG00000196227,FAM217B,-0.145214799736856,-0.0242467226679085
ENSG00000253846,PCDHGA10,-0.399782991760941,0.139253744656281
ENSG00000080815,PSEN1,-0.0483469358578839,0.143433736893424
ENSG00000198015,MRPL42,-0.066800234024594,0.0089424356525506
ENSG00000013374,NUB1,-0.050995006398293,0.066317069590824
ENSG00000136807,CDK9,-0.057501395994621,0.194953641792092
ENSG00000018189,RUFY3,0.216328581794314,-0.125135823613405
ENSG00000278540,ACACA,0.13297083608799,0.00827840880157681
ENSG00000071242,RPS6KA2,-0.22938421724541,0.0383372588333641
ENSG00000166128,RAB8B,0.189910994938417,0.11421673401581
ENSG00000196396,PTPN1,-0.065929125806615,-0.0446549530042345
ENSG00000104324,CPQ,-0.273330645958456,0.0661393126899196
ENSG00000140598,EFL1,0.162085928321559,0.0111880010199501
ENSG00000204580,DDR1,-0.0490756219910469,0.0320039878578045
ENSG00000204116,CHIC1,-0.125689270531031,0.253959437640743
ENSG00000167182,SP2,-0.107571170918394,-0.056424247540747
ENSG00000177700,POLR2L,0.161846108459029,-0.132334777340698
ENSG00000141391,PRELID3A,-0.327835567212939,0.365692059791822
ENSG00000153814,JAZF1,0.340071742213931,-0.0119889133140267
ENSG00000104671,DCTN6,-0.103348974276314,0.0149124586259408
ENSG00000113407,TARS1,0.152805549911619,-0.0212456215432947
ENSG00000125970,RALY,-0.062980911791615,-0.141803453952173
ENSG00000143067,ZNF697,-0.111375423000745,0.245917510788117
ENSG00000110090,CPT1A,-0.0489420462167555,-0.289358737735482
ENSG00000032389,EIPR1,-0.08968252235149,0.0805649355710725
ENSG00000270882,H4C14,-0.222850808743855,-0.335005166318197
ENSG00000143653,SCCPDH,-0.081672199877081,0.0483105890749166
ENSG00000165804,ZNF219,-0.071826694548608,0.405566417396417
ENSG00000159199,ATP5MC1,-0.061380472201046,0.0903139788042056
ENSG00000099821,POLRMT,-0.064102076545943,0.142259053157111
ENSG00000165661,QSOX2,-0.063238027944769,0.0872932349840747
ENSG00000117054,ACADM,0.196651357510748,-0.081577487827055
ENSG00000157764,BRAF,0.146649307462711,0.141449482374339
ENSG00000131788,PIAS3,0.179063337786235,-0.125800209721617
ENSG00000273611,ZNHIT3,0.235776138284388,-0.09549805525586
ENSG00000204130,RUFY2,0.202407904312021,-0.137927789146098
ENSG00000167394,ZNF668,-0.133094510593041,0.120702112151493
ENSG00000050393,MCUR1,-0.116707452376597,-0.076058337505367
ENSG00000124207,CSE1L,0.148781424640384,-0.270303434578864
ENSG00000120063,GNA13,-0.056905335029982,0.0540058080161381
ENSG00000205918,PDPK2P,-0.305539432122623,-0.237216112245573
ENSG00000145911,N4BP3,-0.382056430327875,0.168255819307629
ENSG00000198788,MUC2,-0.350639831771606,1.7377373811475
ENSG00000130725,UBE2M,-0.0437536166354218,0.0227211669206797
ENSG00000122958,VPS26A,0.166722827647138,-0.0081555011327424
ENSG00000233493,TMEM238,-0.616375721211144,0.865039697588337
ENSG00000162924,REL,0.150876888247482,-0.0288096534593731
ENSG00000166839,ANKDD1A,0.537133217708794,0.35546736592848
ENSG00000107736,CDH23,0.359775377051317,0.0213541101481477
ENSG00000011376,LARS2,-0.055334913042683,-0.0408831933011161
ENSG00000132664,POLR3F,-0.122977239412157,0.0741510201523381
ENSG00000100823,APEX1,-0.0374496419492191,-0.0075590497402706
ENSG00000119048,UBE2B,0.178411935712448,0.0730002420871528
ENSG00000135999,EPC2,-0.103087047570732,0.116425086502877
ENSG00000134297,PLEKHA8P1,-0.238663487564256,-0.17100793091468
ENSG00000063245,EPN1,-0.0427561891773463,0.0768864496726753
ENSG00000163947,ARHGEF3,0.222184653027519,0.167706238623395
ENSG00000177076,ACER2,0.340127991030698,0.216266739249073
ENSG00000103528,SYT17,0.212439870966264,-0.00905228199663249
ENSG00000119537,KDSR,0.166590929925317,-0.0077871375921281
ENSG00000167674,HDGFL2,0.210622911027602,-0.087118191292139
ENSG00000179456,ZBTB18,-0.098662106469459,-0.170505032430217
ENSG00000005889,ZFX,-0.063486044613649,0.0440078415869833
ENSG00000186815,TPCN1,-0.060742134501143,0.199816081181245
ENSG00000119977,TCTN3,0.161728622365177,-0.115457300498746
ENSG00000171873,ADRA1D,0.427635022984724,-0.045333517288795
ENSG00000168724,DNAJC21,0.180702546688349,-0.237484722040903
ENSG00000129353,SLC44A2,-0.095305155075556,0.142954498438479
ENSG00000132294,EFR3A,-0.062260073823397,0.0108710168211022
ENSG00000140939,NOL3,-0.111583166212104,-0.088892940684999
ENSG00000146247,PHIP,0.150340473261918,-0.0274221366309208
ENSG00000154917,RAB6B,0.406189489183268,0.213452437019166
ENSG00000153234,NR4A2,0.242315337288209,0.562454084087522
ENSG00000182087,TMEM259,-0.0496322047765348,0.233950931598511
ENSG00000031823,RANBP3,-0.071517496038446,0.0190401011265675
ENSG00000134202,GSTM3,0.394037573592024,-0.0097384044799616
ENSG00000174808,BTC,-0.174266709929897,-0.155288811222861
ENSG00000141258,SGSM2,0.171486886274145,0.365107026038444
ENSG00000146374,RSPO3,-0.0366159532058002,0.0443535667797928
ENSG00000152256,PDK1,-0.074382350485516,0.131111340378344
ENSG00000243753,HLA-L,0.574278366483351,-0.226955352836347
ENSG00000137200,CMTR1,-0.056112306775638,0.11534778504024
ENSG00000103196,CRISPLD2,-0.335124478040863,-0.321055641379127
ENSG00000162512,SDC3,-0.098597035433405,0.0724699236768964
ENSG00000241852,C8orf58,0.256231672580683,-0.083985584570645
ENSG00000196693,ZNF33B,-0.12061193185624,0.31001173704986
ENSG00000007047,MARK4,0.213410302105124,0.0439087050983381
ENSG00000198832,SELENOM,-0.13704272864491,0.0333580932086571
ENSG00000011143,MKS1,0.242965788102561,-0.0309171502675721
ENSG00000171227,TMEM37,0.327454688004124,0.316813755855959
ENSG00000184492,FOXD4L1,-0.366669522541889,0.715884127947243
ENSG00000158773,USF1,-0.054067859048529,-0.105330170913815
ENSG00000140471,LINS1,0.227502195373861,-0.0061603066181313
ENSG00000173653,RCE1,-0.10458158564726,0.108324291568139
ENSG00000231852,CYP21A2,-0.59726077696277,-0.60581044318363
ENSG00000028310,BRD9,-0.069950989771291,0.196664471029402
ENSG00000018610,STEEP1,-0.124348125631577,0.176275976691725
ENSG00000172164,SNTB1,-0.185873908640549,0.354084330426604
ENSG00000150403,TMCO3,-0.091883404836756,0.0552001981415714
ENSG00000116874,WARS2,-0.180701324526739,0.222574486065459
ENSG00000137691,CFAP300,0.456380921680399,0.0061957405867116
ENSG00000138073,PREB,-0.065287901194555,0.0884821126936905
ENSG00000147162,OGT,0.122524271683851,0.259088136537462
ENSG00000119682,AREL1,-0.0366289199830257,0.195471588330024
ENSG00000147082,CCNB3,0.574452219024513,-0.0217108382950442
ENSG00000100603,SNW1,0.176521010908031,-0.0456755472017706
ENSG00000247077,PGAM5,-0.058158283772477,-0.182025810358924
ENSG00000214736,TOMM6,-0.079697123112546,-0.468593302910819
ENSG00000203760,CENPW,-0.215137732498337,-0.230368099773664
ENSG00000138442,WDR12,0.176847325320655,-0.095910750369559
ENSG00000099377,HSD3B7,-0.107089918247999,0.212863958071265
ENSG00000213619,NDUFS3,0.220789857173943,-0.0126720353799426
ENSG00000121691,CAT,0.162049358032753,-0.069173708001199
ENSG00000116106,EPHA4,-0.254223221298864,0.815386593258154
ENSG00000080822,CLDND1,-0.064295527674588,0.0144166097680287
ENSG00000168286,THAP11,-0.106273820288691,-0.00109135825566409
ENSG00000132122,SPATA6,0.414419185523074,0.149519150055165
ENSG00000136932,TRMO,-0.192556826106079,0.312090067838692
ENSG00000155229,MMS19,0.151351517697065,0.093865158595206
ENSG00000077458,FAM76B,-0.137153381257002,-0.071295077074651
ENSG00000214113,LYRM4,0.238129324378357,-0.053694999198
ENSG00000063241,ISOC2,0.19556807536296,-0.175953070845331
ENSG00000278705,H4C2,-0.108687126962423,-0.166661522855003
ENSG00000127366,TAS2R5,-0.401624377883077,0.420937301640636
ENSG00000125743,SNRPD2,-0.455522229045827,0.178241336657859
ENSG00000237765,FAM200B,-0.212160519682425,-0.174067252808033
ENSG00000014138,POLA2,-0.575861862551001,-0.504224324296982
ENSG00000116459,ATP5PB,-0.104987584372323,0.177599298296671
ENSG00000077150,NFKB2,-0.0469489185756733,0.31397351814522
ENSG00000257923,CUX1,0.13854667846168,0.349133451396817
ENSG00000085999,RAD54L,-0.113430523113374,-0.124948317159845
ENSG00000154639,CXADR,0.200117249929464,0.107326414668186
ENSG00000214135,SDHAP4,0.254571698190321,0.00326443455761431
ENSG00000100836,PABPN1,-0.058862303217565,0.152046081652427
ENSG00000141378,PTRH2,-0.05384660857454,0.0372907678201565
ENSG00000163818,LZTFL1,0.294899885162617,-0.065895090813321
ENSG00000124074,ENKD1,0.346928496575774,0.0954084260417886
ENSG00000198951,NAGA,-0.105847079204532,-0.213694977486735
ENSG00000166450,PRTG,0.209430388897962,-0.0266822939143838
ENSG00000136630,HLX,-0.301894995823577,-0.263602748583781
ENSG00000133193,FAM104A,-0.072300025485029,0.0600380859248821
ENSG00000166402,TUB,0.185875481116579,-0.284676776799324
ENSG00000006747,SCIN,-0.353694853162649,-0.179855104426765
ENSG00000186130,ZBTB6,-0.134955049493834,0.213094777719258
ENSG00000165813,CCDC186,0.215473195171882,0.213981083956926
ENSG00000056050,HPF1,0.232793667929974,-0.279983525918477
ENSG00000103274,NUBP1,-0.105738543342815,-0.31830670692639
ENSG00000243749,TMEM35B,-0.330726029795125,-0.291153499298746
ENSG00000163867,ZMYM6,-0.182595280895794,-0.086303217626759
ENSG00000189319,FAM53B,-0.073867348538747,-0.125023861265076
ENSG00000108561,C1QBP,-0.094439065677206,0.0601428455499373
ENSG00000134283,PPHLN1,0.154439250075363,0.0036178964465779
ENSG00000187741,FANCA,-0.070646178884245,-0.22748577460219
ENSG00000204536,CCHCR1,0.263597670647611,-0.122493910073559
ENSG00000108788,MLX,-0.051019249534322,0.0707108362506458
ENSG00000135723,FHOD1,0.17427840193922,-0.259962076630863
ENSG00000215817,ZC3H11B,0.328794129782781,-0.292561142053464
ENSG00000166024,R3HCC1L,-0.110922033821818,0.136602231969095
ENSG00000177200,CHD9,0.135239565316265,0.0617800533055763
ENSG00000151655,ITIH2,-0.135307843459315,0.112107412584117
ENSG00000101751,POLI,0.221987109891182,0.177622028772045
ENSG00000156482,RPL30,0.317031975964724,-0.084776277793935
ENSG00000174804,FZD4,0.264780278842684,0.520806074897753
ENSG00000228203,GRASLND,0.559705813389005,-0.441616007303721
ENSG00000251474,RPL32P3,0.199938134470781,0.219767947417282
ENSG00000081913,PHLPP1,0.173284519237934,0.144285392534245
ENSG00000125868,DSTN,-0.050151368540082,-0.174347453582356
ENSG00000162804,SNED1,-0.347200457056857,0.48151874787067
ENSG00000148824,MTG1,-0.063289135087908,0.298174360116213
ENSG00000149182,ARFGAP2,-0.060959400993033,0.114789729186482
ENSG00000196943,NOP9,0.134331865451354,0.0324473553591027
ENSG00000127955,GNAI1,0.198677452527105,0.102097957971578
ENSG00000101911,PRPS2,-0.061183967664368,-0.222970624145344
ENSG00000165810,BTNL9,0.743028997581558,-0.0376203817710213
ENSG00000173598,NUDT4,-0.077951969057457,-0.061042413741673
ENSG00000228801,PCMTD1-DT,-0.173668642208203,0.277599678013197
ENSG00000273247,RAB33B-AS1,0.326225649857676,-0.00767872488512759
ENSG00000265241,RBM8A,-0.0665548216606,-0.021762427833828
ENSG00000270276,H4C15,-0.217260031909818,-0.340807311884624
ENSG00000133083,DCLK1,-0.323509549787754,0.641855119080491
ENSG00000122481,RWDD3,0.360490794746321,0.0196776423394208
ENSG00000164091,WDR82,-0.0383484067179293,0.00499984581232631
ENSG00000197948,FCHSD1,0.207077786313573,0.313596613656988
ENSG00000126653,NSRP1,0.213275720093927,-0.0288305290483902
ENSG00000151413,NUBPL,0.254055359293695,-0.186716939317798
ENSG00000089154,GCN1,-0.025955011928018,0.0602976629284175
ENSG00000168056,LTBP3,-0.0335252268749091,0.140009107151582
ENSG00000167985,SDHAF2,-0.075927741273898,-0.0200412481917897
ENSG00000140323,DISP2,0.463328578511382,-0.350566797040598
ENSG00000229222,KRT18P4,0.62911362304959,0.0088078228946105
ENSG00000242082,SLC5A4-AS1,0.358906221758746,0.124432159349342
ENSG00000180376,CCDC66,0.237513684542523,-0.069331535184806
ENSG00000158201,ABHD3,-0.145628663605181,0.0531799015223094
ENSG00000146733,PSPH,0.197690417673726,-0.0074401517895336
ENSG00000165886,UBTD1,0.264778140370765,-0.165306900395661
ENSG00000166908,PIP4K2C,-0.061737621704421,0.076872468626253
ENSG00000236088,COX10-DT,-0.113268794539201,0.127469880172197
ENSG00000110104,CCDC86,-0.060885020546168,-0.154942665754507
ENSG00000223959,AFG3L1P,-0.093658507540399,0.240824252072279
ENSG00000112514,CUTA,-0.066642931053792,0.0240046385420627
ENSG00000150457,LATS2,0.18537442423791,0.273951565238615
ENSG00000267680,ZNF224,0.176222913667232,0.169775119390487
ENSG00000184162,NR2C2AP,-0.168132938566257,-0.274527762193159
ENSG00000220472,RPS3P4,-0.334212449068091,-0.37913748678671
ENSG00000110955,ATP5F1B,-0.0485622021441916,0.103593769735324
ENSG00000140682,TGFB1I1,0.208706483616455,-0.154628563700066
ENSG00000136699,SMPD4,-0.051908706576788,-0.118926853943718
ENSG00000113645,WWC1,0.139687488438852,0.391890113844158
ENSG00000134490,TMEM241,0.264559404349323,0.13638025982897
ENSG00000183207,RUVBL2,-0.0394887890751515,-0.07126600436279
ENSG00000144395,CCDC150,0.273931160938561,-0.260433996861638
ENSG00000158321,AUTS2,-0.113546866373876,0.0340071612315095
ENSG00000180891,CUEDC1,-0.0318696680508798,0.253766926286819
ENSG00000197122,SRC,-0.0331244865554435,0.194555210215956
ENSG00000102910,LONP2,0.136089492192517,-0.068112895130772
ENSG00000126858,RHOT1,0.159775433218197,0.0530309370223744
ENSG00000140931,CMTM3,0.192147426624943,-0.0215699564328097
ENSG00000110107,PRPF19,-0.042212571819544,-0.142513435090186
ENSG00000152484,USP12,0.186249833788612,-0.092109575709751
ENSG00000122882,ECD,0.169481366059379,0.0376250140049599
ENSG00000164066,INTU,0.231038602289166,-0.0053363256405174
ENSG00000119139,TJP2,0.98631429390847,-0.278694712845205
ENSG00000123810,B9D2,-0.240182447526631,0.457237904302105
ENSG00000160439,RDH13,0.217161155963911,-0.051587706762274
ENSG00000012061,ERCC1,-0.059917322073546,0.0332023505650854
ENSG00000073536,NLE1,-0.09542131284495,0.0210418976557692
ENSG00000120837,NFYB,-0.101490355117654,-0.156786421179496
ENSG00000276410,H2BC3,0.235129696159054,-0.453355337489601
ENSG00000216895,RBM33-DT,0.351693391976881,-0.061607595797791
ENSG00000204514,ZNF814,0.255970508316464,0.0689543762925022
ENSG00000196247,ZNF107,0.202128257709064,-0.182309803199317
ENSG00000162076,FLYWCH2,0.236878856250137,-0.0408068028461314
ENSG00000122484,RPAP2,0.183538599601334,-0.0019179425923445
ENSG00000109466,KLHL2,-0.103806781265562,0.0095235853959653
ENSG00000197774,EME2,0.234206056663716,0.488435364626419
ENSG00000188636,RTL6,-0.05234144067762,0.032104985840634
ENSG00000261136,LOC105370941,0.580333612308803,-0.1675994641964
ENSG00000141551,CSNK1D,-0.0402773384755352,0.215548934982564
ENSG00000104321,TRPA1,-0.188444336278159,-0.455742657165354
ENSG00000077312,SNRPA,-0.048828845772617,-0.136571529329163
ENSG00000167900,TK1,-0.058180511305285,-0.421778737110863
ENSG00000108474,PIGL,0.260633625736358,0.0005679354665861
ENSG00000130347,RTN4IP1,0.309322003587455,0.0785125291358446
ENSG00000196422,PPP1R26,0.1762206842317,0.0021391570627656
ENSG00000136371,MTHFS,-0.109346637403279,0.0793279466432289
ENSG00000198863,RUNDC1,-0.056964099108007,0.0952869358399287
ENSG00000168883,USP39,0.143871873817783,-0.159186778335876
ENSG00000283293,RN7SK,0.332206947106236,-0.575716293483995
ENSG00000198792,TMEM184B,-0.051435761022611,0.084530937386906
ENSG00000110958,PTGES3,-0.0498321890639457,-0.281802846487165
ENSG00000146872,TLK2,0.141025909512081,0.025310020388272
ENSG00000159445,THEM4,0.193522232712733,0.00888809795272921
ENSG00000197265,GTF2E2,0.179849445943289,-0.255230971283415
ENSG00000175556,LONRF3,0.196043928078362,-0.0277130031399422
ENSG00000068028,RASSF1,-0.156798782020312,-0.248011620221643
ENSG00000103150,MLYCD,-0.094072547392823,0.0456389609824686
ENSG00000170161,FAM88B,-0.286367683349001,0.32815586851825
ENSG00000185379,RAD51D,-0.070223738465311,-0.0363846860579342
ENSG00000084693,AGBL5,0.18754163356504,0.0197084150962388
ENSG00000125652,ALKBH7,0.377522156534006,-0.0030719866009142
ENSG00000169682,SPNS1,-0.087929634683855,0.175260081886682
ENSG00000164294,GPX8,0.18493123660467,-0.199881368426274
ENSG00000111877,MCM9,-0.11361414503439,0.0379626177652796
ENSG00000137868,STRA6,-0.065182309195403,0.430285397164144
ENSG00000280191,LOC102724354,0.47551451753629,0.890729270828323
ENSG00000138095,LRPPRC,0.14474792020264,0.0901550974787079
ENSG00000176728,TTTY14,0.575517055650478,-0.446780698497466
ENSG00000071073,MGAT4A,0.302957736603138,0.169019486349341
ENSG00000087266,SH3BP2,-0.058736901542055,0.344966316708706
ENSG00000127080,IPPK,-0.130168833951766,0.0310337687256366
ENSG00000172732,MUS81,-0.065692183670994,-0.0232500311305578
ENSG00000137996,RTCA,-0.093153291163482,0.0117818212854315
ENSG00000167562,ZNF701,-0.33323981295525,-0.162037247486447
ENSG00000166411,IDH3A,0.14623271072653,-0.168385582313946
ENSG00000101574,METTL4,-0.145265247641905,0.14703437345256
ENSG00000205476,CCDC85C,-0.068785536952507,0.0086119019034377
ENSG00000151914,DST,0.120837148898875,0.157612694138129
ENSG00000120656,TAF12,0.221201891965662,-0.263853640445797
ENSG00000160051,IQCC,-0.296170393980661,0.139706703682566
ENSG00000023839,ABCC2,-0.0276558056078094,0.0732047181044143
ENSG00000174775,HRAS,-0.114356016215932,-0.129719252840107
ENSG00000079150,FKBP7,0.274989037436202,-0.013956536037206
ENSG00000238228,OR7E7P,-0.297784160893694,0.338363119177784
ENSG00000158234,FAIM,0.281796609088541,-0.295481035458633
ENSG00000166484,MAPK7,-0.08838321370832,-0.091107917831936
ENSG00000101224,CDC25B,0.114691575529616,0.0842056527533062
ENSG00000231312,MAP4K3-DT,0.385403743237961,0.191036813749777
ENSG00000125848,FLRT3,-0.072398741146588,0.487355490151266
ENSG00000074201,CLNS1A,0.144021537148153,-0.135679505418069
ENSG00000182208,MOB2,-0.124568272029781,0.144347600192177
ENSG00000139180,NDUFA9,-0.081286547258109,-0.0289734282439157
ENSG00000103811,CTSH,0.270589129088422,-0.0493495318395768
ENSG00000169714,CNBP,-0.0431411971338813,-0.0315434691426191
ENSG00000198954,KIFBP,-0.063290903193915,-0.084403546233531
ENSG00000163864,NMNAT3,0.494963078960788,0.292286403997028
ENSG00000164161,HHIP,0.281895311174564,0.531649452673411
ENSG00000112218,GPR63,-0.319304114418013,-0.354487220364941
ENSG00000147421,HMBOX1,0.179562597064229,-0.0040972900051704
ENSG00000115568,ZNF142,-0.0388207636269972,-0.0279312840584138
ENSG00000143375,CGN,-0.102701156399057,0.262628216444431
ENSG00000164880,INTS1,-0.0316396915196239,0.242144075919892
ENSG00000146677,RPL32P18,-0.218134817372103,0.0701592454254356
ENSG00000240344,PPIL3,0.222597025431813,-0.104204921204784
ENSG00000164048,ZNF589,-0.183050846115984,0.137714094622414
ENSG00000151835,SACS,-0.053408508758105,-0.168610854661019
ENSG00000227827,PKD1P2,-0.057655883270707,0.0265856019804855
ENSG00000132563,REEP2,0.456594360313463,-0.0059141130837774
ENSG00000184182,UBE2F,0.192368494549869,0.0663800884801028
ENSG00000017797,RALBP1,0.158207666456223,-0.142705718788011
ENSG00000185842,DNAH14,0.205292989511224,0.309216100660233
ENSG00000165632,TAF3,0.172039090027255,0.212774239610788
ENSG00000143409,MINDY1,0.225484743422009,-0.0450665808580276
ENSG00000151743,AMN1,0.311234327739996,0.252132734962907
ENSG00000255302,EID1,0.17770289168693,-0.0144663583812862
ENSG00000110400,NECTIN1,-0.08124129966687,-0.252199349164946
ENSG00000120800,UTP20,-0.056106469947412,-0.00856971313488319
ENSG00000116127,ALMS1,-0.0409180404473227,-0.072988228372743
ENSG00000230124,ACBD6,NA,NA
ENSG00000171488,LRRC8C,-0.101065381990855,-0.255702238872261
ENSG00000135972,MRPS9,0.208079004134218,0.0004021537998994
ENSG00000223764,LINC02593,0.432762925543282,0.511422200847389
ENSG00000106100,NOD1,-0.066842939152561,0.018524557662956
ENSG00000115648,MLPH,0.131191819888592,0.293059959787721
ENSG00000178381,ZFAND2A,-0.078937110014504,0.0864397046047735
ENSG00000180817,PPA1,-0.058011176093625,0.0597508444097483
ENSG00000107651,SEC23IP,0.147648124811681,0.0230385838503357
ENSG00000148925,BTBD10,-0.100022899122645,0.0659694501638791
ENSG00000160602,NEK8,-0.21073763142472,0.191358617697918
ENSG00000108883,EFTUD2,-0.0337398172467325,0.041206075973267
ENSG00000198755,RPL10A,-0.0386658897693221,-0.121281312548735
ENSG00000142453,CARM1,0.163220456248001,-0.084607257632875
ENSG00000110987,BCL7A,-0.113320191597244,-0.277352856760199
ENSG00000183762,KREMEN1,0.234425087480225,0.182691747470532
ENSG00000169299,PGM2,0.210782405680931,-0.288874728827143
ENSG00000137878,GCOM1,-0.268728922006629,0.174691115159995
ENSG00000130522,JUND,0.248258019706208,0.19858163427547
ENSG00000122912,SLC25A16,0.311950989489091,0.209100407603868
ENSG00000104375,STK3,0.182515967649085,-0.0082232971014524
ENSG00000175582,RAB6A,0.134735656126397,0.0058735372636204
ENSG00000163171,CDC42EP3,0.148106916485706,-0.104620991279721
ENSG00000145741,BTF3,0.124973885415266,-0.146851640688217
ENSG00000185158,LRRC37B,0.223119041692155,0.100346312586909
ENSG00000143878,RHOB,0.13332201848613,0.33539160898586
ENSG00000165458,INPPL1,0.149875975697196,0.150039519341145
ENSG00000184677,ZBTB40,-0.0426622017842419,0.160969690804419
ENSG00000108349,CASC3,-0.068084635783864,0.0538154345590506
ENSG00000124209,RAB22A,-0.060246301436284,0.201172544299487
ENSG00000132207,SLX1A,-0.565118245826358,-0.226894384120612
ENSG00000089289,IGBP1,0.200105074530472,0.0444144760714096
ENSG00000134698,AGO4,0.22536241391024,-0.066871600697367
ENSG00000108256,NUFIP2,0.123416523704766,-0.05498083740495
ENSG00000136169,SETDB2,0.273285068848445,-0.116800166300288
ENSG00000130748,TMEM160,0.333086677078971,-0.0226646537379423
ENSG00000162775,RBM15,-0.0495007004952751,-0.0414195252581241
ENSG00000147526,TACC1,0.127885418421265,-0.0093257904139122
ENSG00000134363,FST,0.339758377511212,0.497223994248057
ENSG00000274933,TBC1D3I,0.472729628526948,0.148935400358712
ENSG00000128564,VGF,-0.405497989777263,0.386972038225354
ENSG00000163956,LRPAP1,-0.063481945444884,0.125798032719718
ENSG00000110888,CAPRIN2,0.16502263170205,0.209237478229543
ENSG00000120992,LYPLA1,0.180266128484055,-0.076899423465486
ENSG00000013523,ANGEL1,0.195426811790798,-0.058081099603532
ENSG00000274605,PCCA-DT,0.426007036563165,-0.235832997936129
ENSG00000179195,ZNF664,0.128160595358251,0.0521047135673182
ENSG00000149091,DGKZ,-0.083577442549041,-0.0440855902438842
ENSG00000162736,NCSTN,-0.0438777327557236,0.0854998989690244
ENSG00000116863,ADPRS,-0.125063229494283,0.0671628506788816
ENSG00000186314,PRELID2,-0.122646525232304,-0.116297858552997
ENSG00000166750,SLFN5,-0.0284303809916601,0.0281344039923014
ENSG00000161526,SAP30BP,-0.054061585833341,0.196853602690465
ENSG00000130956,HABP4,-0.160494400205816,-0.0217438967027054
ENSG00000032742,IFT88,0.270792416230447,-0.147889670721635
ENSG00000104332,SFRP1,0.151325789086487,-0.0419641712171389
ENSG00000168461,RAB31,0.161988125457851,0.141837571889387
ENSG00000101346,POFUT1,-0.053040399280577,-0.083816743276283
ENSG00000169683,LRRC45,0.250288751780125,-0.159016794777396
ENSG00000186684,CYP27C1,-0.325904870872978,-0.0212457165979269
ENSG00000161082,CELF5,0.623486698391582,-0.092309088739295
ENSG00000141574,SECTM1,-0.148184452275262,-0.403172803949973
ENSG00000160999,SH2B2,0.330363741347826,-0.0041758489321799
ENSG00000130165,ELOF1,0.167563912792128,-0.107803648448833
ENSG00000092871,RFFL,-0.0433940315528611,0.116650977229282
ENSG00000275496,LOC102723360,NA,NA
ENSG00000141738,GRB7,0.211555027542627,-0.072953387277595
ENSG00000119912,IDE,0.143598031693619,0.0062539829102299
ENSG00000163694,RBM47,0.136139518870515,0.070876569246399
ENSG00000143569,UBAP2L,-0.052105865874533,-0.0083285107006948
ENSG00000125551,PLGLB2,0.463927953348344,0.448434420142917
ENSG00000105700,KXD1,0.200212984386553,-0.142710739125533
ENSG00000133142,TCEAL4,0.26101603303975,-0.247100915599107
ENSG00000170581,STAT2,-0.0371878930525989,0.332812906673056
ENSG00000213648,SULT1A4,1.53701913161945,-0.0170961134031724
ENSG00000115368,WDR75,0.148819127629338,-0.159836711642042
ENSG00000142530,GARIN5A,0.506891653666866,0.0619474822079102
ENSG00000106524,ANKMY2,0.193292216047903,-0.247911859502777
ENSG00000140992,PDPK1,-0.0488610199263789,-0.0107511829960312
ENSG00000263513,FAM72C,0.295224697865567,-0.682798346155615
ENSG00000135048,CEMIP2,-0.0226848190353544,0.212339075977723
ENSG00000151012,SLC7A11,-0.0229445430425783,0.0825571916370131
ENSG00000178498,DTX3,0.240220278439841,0.298952948534513
ENSG00000106069,CHN2,0.668423609279761,0.301389793951493
ENSG00000143845,ETNK2,0.415700745739452,-0.288917630295703
ENSG00000100302,RASD2,0.406958745402664,-0.085008822220158
ENSG00000050405,LIMA1,-0.071752634443205,0.272758873475926
ENSG00000135090,TAOK3,0.193161010129557,0.0523284903359747
ENSG00000110013,SIAE,0.191944802906585,-0.022375081906111
ENSG00000155329,ZCCHC10,-0.147280803006956,0.270477731302252
ENSG00000151458,ANKRD50,-0.053335151490324,0.117217829620339
ENSG00000137145,DENND4C,-0.0383025640458403,0.330345450648818
ENSG00000104537,ANXA13,0.310063229261502,0.51355017983949
ENSG00000110436,SLC1A2,0.458953421148371,1.12345241191407
ENSG00000186187,ZNRF1,0.185010872151764,0.0552228894021163
ENSG00000128298,BAIAP2L2,0.265054899227133,0.536367420546333
ENSG00000189136,UBE2Q2P1,0.292849073163084,0.144557536354363
ENSG00000140521,POLG,-0.0403886594763832,0.0531559108386516
ENSG00000113597,TRAPPC13,0.208514753940083,0.195611565320996
ENSG00000230291,RPL26P32,-0.263962496465251,0.430863019951312
ENSG00000188856,RPSAP47,0.328299602824451,-0.566902990709628
ENSG00000146263,MMS22L,-0.080846367284292,-0.304945399557038
ENSG00000204954,C12orf73,0.259852929484799,-0.162734110400568
ENSG00000166783,MARF1,-0.055261483301197,0.19012698001995
ENSG00000151304,SRFBP1,0.20200665832434,0.0464661506402016
ENSG00000170465,KRT6C,-0.489857853355958,-0.19451996485555
ENSG00000141002,TCF25,-0.0455772157846215,0.279193626299603
ENSG00000140451,PIF1,0.245388717461394,-0.595193254387735
ENSG00000075856,SART3,-0.0436769403910871,-0.075686635409242
ENSG00000204701,OR2J3,0.701491337071439,-1.31247411519972
ENSG00000196700,ZNF512B,0.161820923319576,0.195405783319222
ENSG00000118007,STAG1,-0.06253687518569,-0.208503779985415
ENSG00000125703,ATG4C,0.294642856522674,-0.089299777272726
ENSG00000170899,GSTA4,0.311803868846356,-0.0140599490443863
ENSG00000025796,SEC63,0.159999050650838,0.0952776004166534
ENSG00000162526,TSSK3,1.87200622914531,-1.18491056280933
ENSG00000100596,SPTLC2,-0.037914211664991,-0.0379008044912519
ENSG00000188687,SLC4A5,0.401700251287325,0.100882656464446
ENSG00000226763,SRRM5,0.513175531782568,-0.0260090997196669
ENSG00000114859,CLCN2,0.305839169701723,0.128714297248657
ENSG00000166851,PLK1,-0.081628182491049,-0.370754675495454
ENSG00000136002,ARHGEF4,-0.103655393817021,0.452474239949574
ENSG00000108861,DUSP3,-0.053460617258919,0.13303083851927
ENSG00000142687,KIAA0319L,-0.0398951436060339,0.276810758468663
ENSG00000198626,RYR2,-0.492740694474002,0.842263896462555
ENSG00000126775,ATG14,0.194944381467163,0.190280443290626
ENSG00000187742,SECISBP2,-0.063356008913408,0.285201078523945
ENSG00000112559,MDFI,-0.433840046532742,0.327945283715029
ENSG00000180198,RCC1,-0.0387844995832718,-0.231897945113264
ENSG00000047188,YTHDC2,0.170164653411003,0.014924789429323
ENSG00000136731,UGGT1,-0.0259356656109343,0.120301971593664
ENSG00000169018,FEM1B,-0.0272647825976738,0.0331411907498199
ENSG00000168280,KIF5C,0.574116659874654,-0.0338895336467239
ENSG00000035928,RFC1,0.154746739283414,-0.062938932649046
ENSG00000170085,SIMC1,0.184357139081527,-0.325216275877523
ENSG00000122126,OCRL,0.153821428055618,0.0622919636658792
ENSG00000001629,ANKIB1,0.129626984187034,0.0706390595797391
ENSG00000185442,FAM174B,-0.147992109184846,0.183495701246493
ENSG00000067992,PDK3,0.172723222276047,-0.0056553061532723
ENSG00000136521,NDUFB5,-0.119217445052081,0.246533798489458
ENSG00000130714,POMT1,0.203563003323909,0.204146204913085
ENSG00000173210,ABLIM3,-0.10954233294016,-0.255737028001603
ENSG00000205808,PLPP6,0.198688763768228,-0.059582695143446
ENSG00000148908,RGS10,0.305061900057174,-0.186445411813307
ENSG00000184924,PTRHD1,-0.106853719455697,-0.186480646700274
ENSG00000198729,PPP1R14C,-0.462627127278655,0.286145109685526
ENSG00000103326,CAPN15,-0.0440848492899592,-0.0378457247481643
ENSG00000008256,CYTH3,-0.093031197893297,0.198570241856538
ENSG00000158747,NBL1,NA,NA
ENSG00000101972,STAG2,0.142077242220219,0.0873720111182823
ENSG00000100151,PICK1,0.220085341729953,0.235528572122298
ENSG00000257093,DENND11,0.137850827672537,0.114851264318621
ENSG00000100376,FAM118A,0.236179299745969,-0.071295381763316
ENSG00000142089,IFITM3,0.146189895852597,-0.052052828721078
ENSG00000082068,WDR70,0.187579654331212,-0.0252178443770571
ENSG00000146757,ZNF92,0.196494025016388,-0.182556778062889
ENSG00000168026,TTC21A,0.374851874705533,0.224001253495534
ENSG00000136643,RPS6KC1,-0.050813897547469,0.156295849536505
ENSG00000162341,TPCN2,0.190244787808434,0.193973033247964
ENSG00000146676,PURB,-0.0489855545869916,0.0453644382266527
ENSG00000170464,DNAJC18,0.269163656814587,0.112932646735335
ENSG00000130758,MAP3K10,0.180160402983683,0.195392329503741
ENSG00000146066,HIGD2A,-0.057502637650265,0.0435087771798906
ENSG00000169740,ZNF32,0.271660075113206,-0.081856118933949
ENSG00000152784,PRDM8,-0.430991640716787,-0.279619882539222
ENSG00000118985,ELL2,0.137644210167231,0.146930719326293
ENSG00000147654,EBAG9,-0.109776020640525,0.152106918337501
ENSG00000142303,ADAMTS10,-0.073461462270877,0.400593851399432
ENSG00000169359,SLC33A1,-0.062491057280679,0.0442275649423529
ENSG00000182379,NXPH4,0.383528262344599,-0.498491150741056
ENSG00000047249,ATP6V1H,0.190170833389132,0.0896274863321953
ENSG00000115289,PCGF1,-0.091959939456454,0.127958696464487
ENSG00000204220,PFDN6,0.218138650805481,-0.180160201424958
ENSG00000165282,PIGO,-0.05022619335349,0.0774311995783122
ENSG00000178222,RNF212,0.236856807239186,0.178768763525211
ENSG00000158526,TSR2,-0.05693511452183,-0.083329974634496
ENSG00000165819,METTL3,-0.053098145446973,-0.088210841982783
ENSG00000139977,NAA30,-0.078748359870679,0.00147797942094961
ENSG00000133678,TMEM254,0.223874934091938,-0.176137403308502
ENSG00000160953,PWWP3A,-0.066544197696927,-0.058694384337224
ENSG00000174748,RPL15,-0.056044609074554,0.00405572208867101
ENSG00000118873,RAB3GAP2,0.14921732476337,0.083887849943604
ENSG00000251192,ZNF674,-0.193275346525836,0.436306227647552
ENSG00000128923,MINDY2,-0.065255608512196,0.117473480241174
ENSG00000153201,RANBP2,0.125204329977613,0.0014225129529026
ENSG00000143344,RGL1,0.235384350468161,0.305537994623714
ENSG00000129559,NEDD8,-0.0484343604414583,-0.167253756474226
ENSG00000176422,SPRYD4,0.193004576171263,0.212531785961552
ENSG00000114648,KLHL18,-0.070185001675659,0.102617444614835
ENSG00000242086,SDHAP2,0.158712197956405,0.181019039435335
ENSG00000129197,RPAIN,0.167646288186271,0.157439562604197
ENSG00000178966,RMI1,-0.101874914195206,-0.313439328339052
ENSG00000214562,NUTM2D,-0.248785207480863,0.141745468168326
ENSG00000100612,DHRS7,-0.094906644802984,0.125551652110272
ENSG00000136492,BRIP1,-0.08406548379951,-0.187126770445297
ENSG00000197557,TTC30A,0.237413535738052,-0.107998648852905
ENSG00000163568,AIM2,-0.26482850537056,-0.190803848162766
ENSG00000171612,SLC25A33,0.303809476857107,-0.13265088335763
ENSG00000106868,SUSD1,-0.0607468530359,0.11530162951639
ENSG00000137842,TMEM62,-0.056642117679821,0.0791886846592809
ENSG00000114541,FRMD4B,0.228686030082972,0.236600824359575
ENSG00000013503,POLR3B,-0.124855706320245,0.023264247003437
ENSG00000024048,UBR2,0.149066175825769,-0.0417063254442184
ENSG00000198791,CNOT7,0.150886982286267,0.0514395801320977
ENSG00000044459,CNTLN,0.182232630475605,-0.149022752398553
ENSG00000099991,CABIN1,0.143688300817614,0.170696928025401
ENSG00000161016,RPL8,-0.031323431921798,-0.089692214543486
ENSG00000107611,CUBN,0.487201621988711,-0.137809385070935
ENSG00000212124,TAS2R19,-0.362475088642621,0.443861677579487
ENSG00000123545,NDUFAF4,0.231434248241474,-0.158887377022534
ENSG00000164953,TMEM67,0.230477781623081,0.181997078523666
ENSG00000141934,PLPP2,-0.053547011782454,0.12995304006483
ENSG00000166002,SMCO4,0.357761364873438,-0.080442291019511
ENSG00000163950,SLBP,-0.06848297516606,-0.319123032230657
ENSG00000076924,XAB2,-0.053248972517455,0.0241501942294877
ENSG00000145569,OTULINL,-0.31083503215433,-0.378472366240641
ENSG00000158987,RAPGEF6,0.15218136221822,0.089494536507863
ENSG00000179397,CATSPERE,-0.385222597527098,0.709524002280805
ENSG00000197798,FAM118B,0.263570077319507,-0.0788084432267
ENSG00000171223,JUNB,-0.0468723805162742,0.0276652698965627
ENSG00000116039,ATP6V1B1,0.541570152681369,0.281171392881678
ENSG00000129474,AJUBA,-0.062812371361834,0.151104200349837
ENSG00000113742,CPEB4,0.147499309933046,0.641708303205384
ENSG00000124164,VAPB,-0.054527617021758,-0.0132311793599742
ENSG00000003509,NDUFAF7,0.180028914668681,-0.0234936861949641
ENSG00000273749,CYFIP1,-0.0430819746919076,0.140707568265201
ENSG00000164889,SLC4A2,-0.0320363059054858,0.290585968521949
ENSG00000064787,BCAS1,0.511202241174876,0.234836175836359
ENSG00000117408,IPO13,-0.071296444682994,0.295558117568389
ENSG00000115317,HTRA2,0.200162448650852,-0.146899180800831
ENSG00000164077,MON1A,-0.177678795252886,0.0769409538969508
ENSG00000288701,PRRC2B,-0.0213636890505225,0.0756005358043609
ENSG00000171169,NAIF1,-0.133769131897474,0.0562810973563075
ENSG00000135336,ORC3,0.176383970771406,-0.243810135385357
ENSG00000123349,PFDN5,-0.09786377090832,0.0218682125528433
ENSG00000128340,RAC2,-0.15900713275881,-0.419278789083902
ENSG00000132182,NUP210,-0.0262831732037576,0.0621558405631322
ENSG00000198131,ZNF544,0.180295320123544,0.131436411410949
ENSG00000136877,FPGS,-0.054403593887713,0.0751129509752049
ENSG00000108433,GOSR2,-0.0328415527889119,0.117790572001948
ENSG00000122778,KIAA1549,-0.0432176856446878,0.0565270171086511
ENSG00000183605,SFXN4,0.212782150592099,-0.168677744490111
ENSG00000166226,CCT2,-0.0395585915782477,-0.146000249318663
ENSG00000231270,COBLP1,0.539212744300414,-0.722566885276334
ENSG00000138459,SLC35A5,-0.082320630109988,-0.0028852224301277
ENSG00000176749,CDK5R1,-0.216172630191159,-0.0288919304521143
ENSG00000074054,CLASP1,0.129117304894959,-0.0228446673400139
ENSG00000122557,HERPUD2,-0.077579329282718,0.103328417774271
ENSG00000168488,ATXN2L,0.126504861912037,0.0847421357666264
ENSG00000143434,SEMA6C,0.368136571083752,0.468310742666378
ENSG00000189362,NEMP2,-0.119511920001091,0.165124134666797
ENSG00000198740,ZNF652,-0.0410422316610267,0.0288137795985373
ENSG00000059377,TBXAS1,-0.145826263983076,-0.123606147844123
ENSG00000100209,HSCB,0.335510059580287,0.233146754132441
ENSG00000066777,ARFGEF1,0.133310186106123,0.0741989123259401
ENSG00000233006,MIR3936HG,0.200772340098102,0.123282346849515
ENSG00000143771,CNIH4,-0.0420482520352633,-0.0795921364533
ENSG00000248008,NRAV,-0.097294074785937,0.177027057206411
ENSG00000065923,SLC9A7,-0.0418717764275185,-0.098181392635346
ENSG00000146731,CCT6A,-0.0438216480932724,-0.163049847828804
ENSG00000173456,RNF26,-0.054509002280374,-0.200613716744327
ENSG00000107281,NPDC1,0.182930175374126,0.076493487146478
ENSG00000137133,HINT2,0.224191089892779,-0.125945339636971
ENSG00000196865,NHLRC2,-0.055852896344829,-0.0278240857221578
ENSG00000105419,MEIS3,0.187209159446843,0.278842131978225
ENSG00000214922,HLA-F-AS1,-0.223399238977991,-0.12365425051635
ENSG00000249915,PDCD6,0.159179891965827,0.0148449599578952
ENSG00000137731,FXYD2,-0.137560782024688,0.275577091385316
ENSG00000134285,FKBP11,0.165016827548672,0.0991314769096785
ENSG00000147027,TMEM47,-0.101450492040292,0.308597053262329
ENSG00000102003,SYP,-0.461812835955956,0.591478391655514
ENSG00000117362,APH1A,-0.0454414375646134,-0.099022510154554
ENSG00000136040,PLXNC1,-0.14028908839184,0.583967656215508
ENSG00000204406,MBD5,0.167522569415265,0.0179785695597369
ENSG00000189091,SF3B3,-0.0251150861738639,-0.0317099903198638
ENSG00000157326,DHRS4,0.224678190936731,-0.222779694236725
ENSG00000196411,EPHB4,0.144269992974423,0.0059221384329048
ENSG00000092421,SEMA6A,-0.462703212669163,-0.054571722751166
ENSG00000204965,PCDHA5,-0.198585977196649,0.192073966630487
ENSG00000133067,LGR6,-0.126355841603343,0.487212777562198
ENSG00000168538,TRAPPC11,0.159740202229363,-0.0156565944152394
ENSG00000101474,APMAP,-0.0403018061760339,-0.0379073193852666
ENSG00000137185,ZSCAN9,-0.111608153238407,0.0781996802982029
ENSG00000175105,ZNF654,0.197742394439933,0.0900322467792515
ENSG00000164597,COG5,0.160734029001905,0.127336887520951
ENSG00000230650,LOC442041,0.293965235309072,0.164768885477434
ENSG00000025434,NR1H3,0.239156293276621,0.172903790697823
ENSG00000274750,H3C6,0.261590596929304,0.185457768507533
ENSG00000169057,MECP2,-0.03497274304624,0.0862979098237238
ENSG00000090932,DLL3,0.306809753626072,-0.24858837723817
ENSG00000186716,BCR,-0.064608603574317,0.0263572259960897
ENSG00000173681,BCLAF3,0.215223955527128,0.258316168282915
ENSG00000271816,BMS1P4,0.418585592530199,-0.108541368336246
ENSG00000137601,NEK1,0.200665928992066,-0.109243596502546
ENSG00000115183,TANC1,0.142683109693506,0.170063326588759
ENSG00000205309,NT5M,-0.234187084486599,0.20080001729679
ENSG00000112237,CCNC,0.191747172494443,0.0118559187084309
ENSG00000089234,BRAP,-0.061041318467587,0.0875686970653564
ENSG00000204120,GIGYF2,0.140947119630498,0.0668018087695691
ENSG00000163762,TM4SF18,-0.069703116209443,0.0325911887124092
ENSG00000189431,RASSF10,0.203425074243666,0.490272150874176
ENSG00000114391,RPL24,-0.056697700798502,-0.0184138144693521
ENSG00000179029,TMEM107,0.262027623278535,-0.323837487707197
ENSG00000227403,LINC01806,-0.281686056808744,0.184565289720532
ENSG00000013016,EHD3,0.187885319442441,0.195285515261587
ENSG00000104365,IKBKB,0.147059322296616,0.138979278554167
ENSG00000254634,SMG1P6,0.242851193658997,-0.184133877742644
ENSG00000153044,CENPH,0.266226959090574,-0.557638141582851
ENSG00000140995,DEF8,-0.053113217395622,0.155487780162388
ENSG00000065183,WDR3,-0.083039685594022,-0.110459907058032
ENSG00000285043,LOC112694756,-0.093282185452685,-0.050821654842651
ENSG00000213920,MDP1,-0.330476874075267,0.461178046747437
ENSG00000112715,VEGFA,-0.0283996909859716,-0.0053873733290199
ENSG00000131470,PSMC3IP,-0.181725856075932,-0.23218490529061
ENSG00000217236,SP9,-0.154203890116662,-0.207753042303368
ENSG00000002330,BAD,0.199471282414728,-0.089749175303577
ENSG00000124564,SLC17A3,0.343783810740947,0.755956508189187
ENSG00000155265,GOLGA7B,-0.177139667471943,-0.0473785068211738
ENSG00000128422,KRT17,-0.406276834287271,-0.068122282379821
ENSG00000145431,PDGFC,0.264698562525509,0.239694555105344
ENSG00000183291,SELENOF,-0.065571972909701,0.107686387342827
ENSG00000146223,RPL7L1,-0.0478783411023044,0.0668393773821564
ENSG00000085978,ATG16L1,-0.0430805929684672,-0.0334569846429125
ENSG00000108669,CYTH1,-0.0415054581309558,0.00667207824417811
ENSG00000245937,SLC12A2-DT,0.163559802181384,0.107079016353601
ENSG00000116017,ARID3A,0.206550505296936,0.101027175495348
ENSG00000147174,GCNA,0.415167126931537,0.321850656723468
ENSG00000265491,RNF115,-0.052683708097604,0.0907444273319965
ENSG00000156042,CFAP70,0.562567943041795,0.345802972008839
ENSG00000101040,ZMYND8,0.1383040916522,0.664455791629259
ENSG00000153896,ZNF599,0.483357027894352,-0.722430494147772
ENSG00000104447,TRPS1,-0.117878755727909,-0.201575679670748
ENSG00000259583,ALDH1A3-AS1,-0.17566487693342,0.202075040990481
ENSG00000270800,RPS10-NUDT3,-0.911672504563983,0.766127227728645
ENSG00000135631,RAB11FIP5,-0.0305669891381685,-0.12658936180369
ENSG00000147592,LACTB2,-0.084745706801606,0.104547399975561
ENSG00000125285,SOX21,-0.282089931145407,-0.040905947497386
ENSG00000197102,DYNC1H1,-0.0151458015272803,0.0940946486011238
ENSG00000008277,ADAM22,0.313750595275283,-0.268054797322372
ENSG00000175768,TOMM5,0.151727359713043,-0.236581693770258
ENSG00000148331,ASB6,-0.061389246640614,-0.0097636952186957
ENSG00000008300,CELSR3,0.174419878686206,0.268448833657688
ENSG00000141985,SH3GL1,-0.073198512317955,-0.0022127855336605
ENSG00000103152,MPG,0.182077466307714,-0.129889654631661
ENSG00000090316,MAEA,-0.063909551354371,-0.102823771549745
ENSG00000182013,PNMA8A,0.215409530115341,-0.0477642262434797
ENSG00000101367,MAPRE1,-0.0356938775654377,-0.126358639431272
ENSG00000185453,ZSWIM9,-0.135076305766775,0.0792527673013258
ENSG00000138031,ADCY3,-0.0381250668613236,-0.156657468625986
ENSG00000197771,MCMBP,-0.0489318762785352,-0.173738362088367
ENSG00000197757,HOXC6,0.302381814544428,0.0695938075134124
ENSG00000146701,MDH2,-0.02827614577601,0.0522924600316385
ENSG00000220205,VAMP2,0.185245887040773,0.141963122408435
ENSG00000242125,SNHG3,0.134904458459459,-0.092446507854463
ENSG00000099139,PCSK5,-0.189404488959098,0.116130241360283
ENSG00000229739,PDC-AS1,0.450039474027955,0.225746794806304
ENSG00000167994,RAB3IL1,0.317525123997847,0.0792782727749764
ENSG00000116774,OLFML3,-0.271509959017383,-0.139315092094436
ENSG00000143702,CEP170,NA,NA
ENSG00000168385,SEPTIN2,0.12498178623474,-0.014611607209404
ENSG00000115947,ORC4,0.172543170232834,-0.036862798070563
ENSG00000154760,SLFN13,-0.073751888851406,-0.240633328360343
ENSG00000156110,ADK,0.173910067922916,-0.079282614379446
ENSG00000166685,COG1,0.165560640619141,-0.0154293003472345
ENSG00000108679,LGALS3BP,-0.019035092426889,0.231378451568324
ENSG00000221869,CEBPD,-0.071177207489403,0.0406677567663611
ENSG00000174151,CYB561D1,-0.147066310512826,-0.088507260665848
ENSG00000145354,CISD2,-0.099946340122927,0.0410164601667648
ENSG00000074603,DPP8,0.138335876366331,0.0900713614889382
ENSG00000137720,C11orf1,0.305087363004118,-0.295510951480684
ENSG00000152926,ZNF117,NA,NA
ENSG00000198542,ITGBL1,-0.280375916120891,-0.192453440188919
ENSG00000143033,MTF2,0.180532076548905,-0.0315636183073295
ENSG00000183208,GDPGP1,0.22634812053176,-0.110981857015043
ENSG00000117143,UAP1,-0.097226467549613,-0.258350694504942
ENSG00000005421,PON1,0.367352453894297,0.807927625937119
ENSG00000122545,SEPTIN7,0.141971231904216,-0.0492060703955371
ENSG00000141349,G6PC3,-0.062094514595657,-0.076365502345624
ENSG00000186222,BLOC1S4,-0.173807132378115,-0.127312639316671
ENSG00000180758,GPR157,0.181731522430984,0.0813183764437252
ENSG00000145545,SRD5A1,-0.076801352751191,-0.0205710683942725
ENSG00000143995,MEIS1,-0.166933005819166,-0.130765142142432
ENSG00000127325,BEST3,-0.389677592134321,-0.062968140229608
ENSG00000116809,ZBTB17,-0.097411265088771,0.272067342056499
ENSG00000163734,CXCL3,0.224858626296814,0.169870942594285
ENSG00000165312,OTUD1,0.299036793998885,0.310962784542587
ENSG00000165644,COMTD1,-0.13863697386302,0.239629340895845
ENSG00000116990,MYCL,0.501666617322911,-0.319004934053369
ENSG00000169957,ZNF768,0.157630879470027,0.005150712259924
ENSG00000243811,APOBEC3D,0.510637127293379,0.141494755126176
ENSG00000112308,C6orf62,-0.0359568950206012,-0.0358275022513727
ENSG00000161791,FMNL3,-0.152689918259724,-0.384401486733691
ENSG00000163320,CGGBP1,-0.031340380559462,0.203169702433323
ENSG00000184117,NIPSNAP1,0.144631006266434,0.0675303522545756
ENSG00000183530,PRR14L,-0.0272333820612905,0.0771580091450811
ENSG00000114933,INO80D,-0.0343369509212644,0.182353233974962
ENSG00000139437,TCHP,-0.087200482170769,-0.079951136287411
ENSG00000072071,ADGRL1,0.185091351989404,0.486972053615371
ENSG00000134644,PUM1,-0.0284769466925945,0.13637952956018
ENSG00000106123,EPHB6,0.491309633068222,-0.22049590781803
ENSG00000005001,PRSS22,-0.213357951579274,0.405593854171102
ENSG00000204576,PRR3,0.202722387958574,-0.150808899925815
ENSG00000204070,SYS1,-0.080875483972544,0.162961303487897
ENSG00000231887,PRH1,0.311944192935881,-0.052630254805522
ENSG00000179922,ZNF784,-0.183483667059618,0.0753549972003366
ENSG00000100299,ARSA,-0.058481846562943,0.193324095206999
ENSG00000197021,EOLA2,-0.095893876843423,0.0185169058883539
ENSG00000183506,PI4KAP2,0.212688001879565,0.0701834752015165
ENSG00000060971,ACAA1,-0.070364433840614,0.036656249958734
ENSG00000151461,UPF2,0.151354738240259,0.0841853185103182
ENSG00000214193,SH3D21,0.272506932473739,0.108441263782087
ENSG00000081377,CDC14B,0.18892900072314,-0.0011812109893818
ENSG00000065000,AP3D1,-0.0302067247604958,0.0938210052194078
ENSG00000080839,RBL1,-0.092312151429824,-0.230491116316415
ENSG00000168216,LMBRD1,-0.10039170469894,0.152414639206298
ENSG00000099330,OCEL1,0.32732938548061,0.0895592029333719
ENSG00000280543,ASAP1-IT2,0.350461501511459,0.0781580998446861
ENSG00000186010,NDUFA13,-0.07595104626152,-0.052157543523516
ENSG00000125733,TRIP10,0.146050323226533,0.0990473358914582
ENSG00000105427,CNFN,0.548753437938501,-0.636367352949912
ENSG00000204356,NELFE,0.160795446376431,-0.155042568208484
ENSG00000135617,PRADC1,-0.232489231668565,-0.160391099126789
ENSG00000139289,PHLDA1,-0.0266844396918612,0.271315741528037
ENSG00000171466,ZNF562,0.156668101382335,-0.0226452242499178
ENSG00000112893,MAN2A1,-0.053011707267835,-0.259886014686524
ENSG00000182872,RBM10,-0.0330600764924669,0.016691291162586
ENSG00000156709,AIFM1,0.149240805835036,0.0024430037837199
ENSG00000091651,ORC6,-0.09273968485998,-0.130046977516229
ENSG00000117481,NSUN4,-0.082604130549937,0.14133776783433
ENSG00000167657,DAPK3,-0.067071766797729,0.111463680002291
ENSG00000169598,DFFB,-0.229542832845582,0.0481907797683329
ENSG00000096093,EFHC1,0.207468667760583,0.113773833823566
ENSG00000100346,CACNA1I,-0.17947366876018,0.272787372696501
ENSG00000132603,NIP7,-0.061185576398678,-0.0159748353431485
ENSG00000148690,FRA10AC1,0.229798320369428,-0.037341604743341
ENSG00000152404,CWF19L2,-0.148516128938546,0.19747853030448
ENSG00000236039,LINC02889,-0.174320582424423,0.592363301333795
ENSG00000170270,GON7,0.36793113366096,-0.355189518953092
ENSG00000101452,DHX35,-0.093587598695326,0.124127117998674
ENSG00000182973,CNOT10,0.15915830907965,-0.157274311705728
ENSG00000249459,ZNF286B,0.342904962253967,-0.335281729568377
ENSG00000186868,MAPT,0.494685905260084,0.0622033210466709
ENSG00000047634,SCML1,0.2170936027216,0.10475695189911
ENSG00000188976,NOC2L,-0.0305861343422141,-0.064094579848177
ENSG00000119688,ABCD4,0.159735680375943,0.248313626926663
ENSG00000168264,IRF2BP2,-0.0395233902645129,0.323499058962942
ENSG00000239521,CASTOR3,0.187350069163608,0.40073284960112
ENSG00000121274,TENT4B,-0.076654763141619,0.060522874140631
ENSG00000124228,DDX27,0.14843817084614,-0.0187465990109501
ENSG00000170006,TMEM154,-0.179191458817902,-0.340009546570872
ENSG00000076604,TRAF4,0.133511758102682,0.173415129854736
ENSG00000213533,STIMATE,-0.11123881799274,-0.158737164548805
ENSG00000266338,NBPF15,0.181893468945033,0.220152992174623
ENSG00000171700,RGS19,0.269629117711699,0.0416133253641214
ENSG00000126067,PSMB2,-0.0269643616064803,-0.223673277868919
ENSG00000103647,CORO2B,-0.410742967566527,-0.112721215521872
ENSG00000103740,ACSBG1,0.457545466766131,-0.0063013566698649
ENSG00000186767,SPIN4,-0.127813699427572,-0.35140821753991
ENSG00000171720,HDAC3,0.151349899332255,-0.056304531545452
ENSG00000169230,PRELID1,-0.0480713828509334,-0.115042800302667
ENSG00000065534,MYLK,-0.053860501956142,-0.092242653326778
ENSG00000221886,ZBED8,-0.219635143651356,0.177016883250123
ENSG00000135317,SNX14,0.173210704973481,0.0800151759081838
ENSG00000105996,HOXA2,0.418479264254505,-0.103129712888504
ENSG00000185829,ARL17A,0.176192583513238,0.106471562654181
ENSG00000177410,ZFAS1,0.146540904295839,-0.0298593461451775
ENSG00000106028,SSBP1,-0.089827376195919,0.0556664001796275
ENSG00000125630,POLR1B,-0.0439007587611661,0.021496146041682
ENSG00000168036,CTNNB1,-0.0361217253744089,0.0172293995222459
ENSG00000168769,TET2,-0.051284652579322,0.143003439948283
ENSG00000162174,ASRGL1,0.295043287379152,-0.208510575054151
ENSG00000106397,PLOD3,-0.0348845773343505,-0.069796429115212
ENSG00000205777,GAGE1,-0.372547103761246,-0.492876599110311
ENSG00000054598,FOXC1,-0.097593916091613,0.0110957215950158
ENSG00000177683,THAP5,-0.10218290879898,0.149850008283067
ENSG00000111843,TMEM14C,-0.068765613142916,-0.119577888214107
ENSG00000110514,MADD,0.136095882294278,0.0498031755282891
ENSG00000276077,LOC102724951,-0.145406826889197,-0.066051323180762
ENSG00000011198,ABHD5,-0.128741294337972,-0.0402595861147641
ENSG00000114120,SLC25A36,0.16827023927837,0.0794076679457105
ENSG00000125735,TNFSF14,0.260187460220901,0.391317120738439
ENSG00000167196,FBXO22,0.146717764753893,0.173620338196609
ENSG00000197172,MAGEA6,-0.083581634461652,-0.103751890129721
ENSG00000100350,FOXRED2,-0.05012787930915,-0.097542203441405
ENSG00000102007,PLP2,-0.176321488655096,-0.230838378905887
ENSG00000250571,GLI4,-0.129837630796348,0.541675233623692
ENSG00000132967,HMGB1P5,0.226466213880781,-0.446179307232305
ENSG00000138641,HERC3,-0.107893294017327,0.17444980369132
ENSG00000105520,PLPPR2,0.248932014068953,0.303017970069752
ENSG00000105321,CCDC9,-0.086450683244653,0.0090733106109468
ENSG00000113851,CRBN,0.198101182807636,0.018342417872554
ENSG00000078304,PPP2R5C,0.162184843659516,0.0778393940801884
ENSG00000075336,TIMM21,-0.126312828400792,0.0259986695006692
ENSG00000168246,UBTD2,0.168588256727079,-0.09395621741527
ENSG00000075426,FOSL2,0.11681247731339,0.197279340904005
ENSG00000164989,CCDC171,0.298615656934953,-0.176015618436693
ENSG00000205763,RP9P,-0.222931357294301,-0.0157473602228821
ENSG00000176731,RBIS,0.170333930726249,-0.163628395027491
ENSG00000101266,CSNK2A1,0.118333131595003,0.0017323607832674
ENSG00000184988,TMEM106A,-0.212202844672962,0.0804695405561453
ENSG00000173933,RBM4,0.143602736057609,0.0417178650938615
ENSG00000029725,RABEP1,0.14213197910013,0.157897851534004
ENSG00000171202,TMEM126A,0.224091663536735,-0.064523454294129
ENSG00000184731,FAM110C,0.451438895480514,-0.375332345289977
ENSG00000135821,GLUL,0.161290340620296,0.102117707469953
ENSG00000115425,PECR,0.199589990260231,0.264192642503671
ENSG00000164081,TEX264,-0.055568980007739,-0.013524909950864
ENSG00000166200,COPS2,0.152280901451684,0.0172785328387037
ENSG00000117407,ARTN,-0.397700291952397,0.36052909561644
ENSG00000101407,TTI1,-0.0340691151804221,-0.058436430120364
ENSG00000185070,FLRT2,-0.243236890513723,0.251706209872612
ENSG00000084073,ZMPSTE24,0.144334186836319,-0.067232464545345
ENSG00000141564,RPTOR,-0.0280675133103996,0.11674931775824
ENSG00000152684,PELO,-0.0473251668397746,-0.063095500280695
ENSG00000181191,PJA1,0.190909214002801,0.0463722992756841
ENSG00000134590,RTL8C,-0.081097707037958,-0.0111017272603426
ENSG00000185163,DDX51,-0.074293826043715,0.0515346101610809
ENSG00000135940,COX5B,-0.0488055753789527,-0.0230871498363701
ENSG00000148737,TCF7L2,0.176272609473594,0.161677232290347
ENSG00000154380,ENAH,-0.025472355028486,0.0679702521358201
ENSG00000267123,SCAT1,-0.458652604147086,-0.229357520035777
ENSG00000197006,METTL9,0.140492328647399,0.0150679589489201
ENSG00000115128,SF3B6,0.204808499388387,0.0005678872955712
ENSG00000265808,SEC22B,-0.060959610961308,0.130322365650118
ENSG00000100056,ESS2,-0.092747364955884,0.068802879225796
ENSG00000180287,PLD5,-0.108794269067522,0.316052716075176
ENSG00000164211,STARD4,-0.075137117146355,0.0667827769015288
ENSG00000109536,FRG1,0.251190252103768,-0.315817395326064
ENSG00000180346,TIGD2,0.206820451027083,0.0253918735790102
ENSG00000014914,MTMR11,0.168425445566691,0.192778355848334
ENSG00000126821,SGPP1,-0.079245277444552,0.119356928850483
ENSG00000197217,ENTPD4,0.138115155113529,0.192606854231456
ENSG00000106261,ZKSCAN1,0.123128310384836,0.140059580793937
ENSG00000220323,H2BC19P,-0.098717748475238,0.245756814039947
ENSG00000166173,LARP6,0.177469875888065,0.251619857771068
ENSG00000223802,CERS1,0.478133878037652,-0.13024500572934
ENSG00000102103,PQBP1,-0.057070035487865,-0.151341873969451
ENSG00000264006,AKR1C8,0.396519012847896,0.115775638053287
ENSG00000149231,CCDC82,0.161127496659386,0.00279100725119311
ENSG00000175874,CREG2,-0.241859221235429,-0.202961135409537
ENSG00000004139,SARM1,-0.071349567670288,0.69047666126897
ENSG00000196275,GTF2IRD2,-0.187497797178978,0.36161823985847
ENSG00000130940,CASZ1,0.221952545767898,0.16782035689994
ENSG00000174007,CEP19,0.390628096752593,-0.356115458498405
ENSG00000135441,BLOC1S1,0.208928297212461,-0.246375738580021
ENSG00000197885,NKIRAS1,0.223677002225075,-0.063856514527623
ENSG00000172922,RNASEH2C,-0.077263804177635,0.0794124440205307
ENSG00000254221,PCDHGB1,0.241630798196051,-0.38410715005853
ENSG00000214765,SEPTIN7P2,-0.119199959343991,0.171226285474429
ENSG00000238795,SCARNA12,0.56480315119495,-0.708043990246207
ENSG00000176463,SLCO3A1,-0.0363107356091685,-0.105712459228226
ENSG00000131773,KHDRBS3,-0.397763649348442,-0.091496941805088
ENSG00000165185,KIAA1958,0.179721829725864,-0.126222326797912
ENSG00000019995,ZRANB1,0.165949140911552,0.0204288442582252
ENSG00000142046,TMEM91,0.350592578040679,0.290700952040617
ENSG00000101189,MRGBP,-0.07964539841998,-0.05410226061979
ENSG00000167861,HID1,0.176011980919809,0.269765989139328
ENSG00000113971,NPHP3,0.203188358757948,-0.136250446007256
ENSG00000159200,RCAN1,0.202421518476418,0.381740785525076
ENSG00000235437,LINC01278,0.206120691296099,0.0382429549434041
ENSG00000082515,MRPL22,0.187479774765016,0.0356825457929919
ENSG00000170881,RNF139,-0.094201561026482,0.0758339929297357
ENSG00000183808,RBM12B,-0.0402439545265599,-0.12193305618399
ENSG00000164080,RAD54L2,-0.0389321999982458,0.0419729962036184
ENSG00000088340,FER1L4,0.197859323803803,0.2316115755373
ENSG00000197442,MAP3K5,-0.130294175206205,0.13418135943866
ENSG00000110080,ST3GAL4,-0.066004842134045,0.213812504745862
ENSG00000003249,DBNDD1,0.161646386277963,0.0189141287388505
ENSG00000213347,MXD3,0.267948645412003,-0.523717243630161
ENSG00000237289,CKMT1B,0.342189595730834,0.318186919890326
ENSG00000124313,IQSEC2,0.173590911814403,0.249002774750591
ENSG00000047849,MAP4,-0.0326608539711203,-0.051920915113025
ENSG00000151729,SLC25A4,-0.105637791527761,-0.117961806044441
ENSG00000183161,FANCF,-0.11451596625181,0.141718998389722
ENSG00000176087,SLC35A4,-0.0289811407398521,-0.0141070190946603
ENSG00000096070,BRPF3,-0.062119226839947,0.0248604882794327
ENSG00000173480,ZNF417,-0.067919785750996,0.112725841939223
ENSG00000185186,LINC00313,0.311802290428246,1.11512751891979
ENSG00000108654,DDX5,-0.0120193326026414,0.128646207658231
ENSG00000268043,NBPF12,0.142002316910493,0.120835850078019
ENSG00000176894,PXMP2,-0.18717624702529,-0.053883887103959
ENSG00000184110,EIF3C,-0.0410334805346443,0.0017118125839642
ENSG00000135018,UBQLN1,-0.0231256730314241,-0.052307342127578
ENSG00000042317,SPATA7,0.243567419872945,0.0579544654312741
ENSG00000176340,COX8A,0.131225747117209,-0.192140831593825
ENSG00000100983,GSS,-0.0477263471503044,0.166036801736242
ENSG00000125753,VASP,0.127078426076304,0.0707301172915105
ENSG00000198929,NOS1AP,0.329345157271478,-0.291778483057261
ENSG00000079387,SENP1,-0.0435882565767999,-0.103973472273014
ENSG00000119900,OGFRL1,-0.064131689436016,0.171883913197112
ENSG00000197841,ZNF181,0.22739719294928,0.0862343976193719
ENSG00000148672,GLUD1,-0.0301866607509793,-0.0219090181238745
ENSG00000083520,DIS3,0.153506116332138,0.0119693203183531
ENSG00000163349,HIPK1,-0.0317184555926209,0.0232901691770414
ENSG00000152939,MARVELD2,-0.125291948031576,-0.095286401826677
ENSG00000167595,PROSER3,0.182951689333162,0.012829978547591
ENSG00000112335,SNX3,0.137037710761641,-0.242784115785827
ENSG00000238266,LINC00707,-0.143973554821544,-0.39826391266988
ENSG00000185104,FAF1,-0.060470255945963,0.104284885111477
ENSG00000163462,TRIM46,0.258549684755872,-0.0258459128706762
ENSG00000135205,CCDC146,0.319336461017567,0.704440840187743
ENSG00000152520,PAN3,0.160127047132083,0.0981251432375827
ENSG00000198938,COX3,0.229341877340301,-0.3530370467135
ENSG00000087302,RTRAF,0.144477579127768,-0.079756948404992
ENSG00000168806,LCMT2,-0.131992701268026,0.246303259176172
ENSG00000240065,PSMB9,-0.0386808855133864,-0.090632207345407
ENSG00000105483,CARD8,0.162050328805605,0.0676722739156475
ENSG00000163607,GTPBP8,-0.099958429816586,-0.062067914521214
ENSG00000152782,PANK1,-0.119050157631762,-0.0362162444261856
ENSG00000107537,PHYH,0.207492091940003,0.200843583641503
ENSG00000204366,ZBTB12,-0.177838853102887,0.205858323094147
ENSG00000130695,CEP85,-0.068811006142631,-0.276544304390121
ENSG00000185475,TMEM179B,-0.071407833973277,0.0128807903869548
ENSG00000173545,ZNF622,-0.077162989655351,-0.055944174943499
ENSG00000100410,PHF5A,-0.099608739347122,-0.249122821567639
ENSG00000130338,TULP4,0.132904251935542,0.024058826237421
ENSG00000274026,FAM27E3,0.534369308774259,-0.320133696589997
ENSG00000101335,MYL9,-0.256747945343432,-0.560440930942156
ENSG00000143493,INTS7,-0.0457879776347211,-0.039488995426715
ENSG00000146576,INTS15,-0.077820693950281,0.100571075778
ENSG00000160298,C21orf58,0.201028692188832,-0.423444874109134
ENSG00000169100,SLC25A6,-0.045232621115975,-0.0410812420918272
ENSG00000015676,NUDCD3,-0.0261982673401426,0.0969675518210249
ENSG00000162704,ARPC5,-0.0341555550362494,-0.0338617520373539
ENSG00000257315,ZBED6,-0.231467939834214,-0.0129696740055012
ENSG00000206535,LNP1,0.444873905760334,-0.689509455637856
ENSG00000181588,MEX3D,-0.099586549568649,-0.184314391359348
ENSG00000174669,SLC29A2,0.253503445802133,-0.0018281730058492
ENSG00000182108,DEXI,0.173318328984202,-0.157721570117012
ENSG00000179148,ALOXE3,-0.290530268803486,-0.163391892982651
ENSG00000162522,KIAA1522,-0.0347030022037097,0.0078009539417443
ENSG00000134709,HOOK1,0.2901613256312,-0.148430922606722
ENSG00000095739,BAMBI,-0.066179730654783,0.048608217139677
ENSG00000214078,CPNE1,0.13650891267372,0.168278825959335
ENSG00000176978,DPP7,-0.054933932227723,0.0765412012194369
ENSG00000148426,PROSER2,-0.10854134207477,0.0282121448941003
ENSG00000116871,MAP7D1,-0.0251347687702026,-0.079202469751284
ENSG00000109586,GALNT7,0.135577673950459,0.0841331137335262
ENSG00000106415,GLCCI1,-0.20710385679,0.275229578411262
ENSG00000144485,HES6,-0.261096330372332,-0.055120532145662
ENSG00000168569,TMEM223,0.219777131574205,-0.18922171627389
ENSG00000133818,RRAS2,-0.083848838603572,0.0358855514400036
ENSG00000109854,HTATIP2,-0.050984454464915,0.0789124656624923
ENSG00000117528,ABCD3,0.171496894177396,0.108317018513333
ENSG00000130724,CHMP2A,-0.050933913295697,0.0124881134637238
ENSG00000198517,MAFK,-0.0393255255235652,0.673350688172343
ENSG00000171160,MORN4,0.269103508437254,0.227345011216441
ENSG00000174547,MRPL11,-0.063487063853353,-0.137237011626172
ENSG00000188917,TRMT2B,-0.065793943236765,-0.00848259871898679
ENSG00000140319,SRP14,0.157626890504076,-0.247885772088898
ENSG00000234545,FAM133B,0.243886354192058,0.109092348592048
ENSG00000010244,ZNF207,-0.0336170987340031,0.001779200888513
ENSG00000198142,SOWAHC,-0.091700717692854,-0.0428864268151038
ENSG00000071054,MAP4K4,-0.0206353234542658,0.0783988471900879
ENSG00000124098,FAM210B,0.237473217718098,-0.056220968197288
ENSG00000164024,METAP1,-0.057171203884011,-0.0257662628489309
ENSG00000108813,DLX4,0.359082625021987,0.114119062254717
ENSG00000158864,NDUFS2,-0.0494628438059821,0.162961778178879
ENSG00000119899,SLC17A5,0.202650302258207,0.186508403303522
ENSG00000127774,EMC6,-0.077559793608837,0.0453714001480882
ENSG00000051108,HERPUD1,-0.0345246294711004,0.246938015069692
ENSG00000111860,CEP85L,0.263338695911741,-0.135090754440388
ENSG00000128849,CGNL1,-0.255715507967799,0.308560421059574
ENSG00000178409,BEND3,-0.09135636524758,-0.278710394246564
ENSG00000248483,POU5F2,-0.212758487013425,0.369368199624641
ENSG00000277053,GTF2IP1,0.17644332570776,0.181017573419243
ENSG00000135535,CD164,-0.0299917279339609,0.006613955116046
ENSG00000121067,SPOP,-0.072192786511953,0.238330006006433
ENSG00000008283,CYB561,0.156282338213793,-0.0351193678029566
ENSG00000109736,MFSD10,-0.052507043103889,0.15214067691043
ENSG00000129493,HEATR5A,-0.0439076829469681,0.297345432827123
ENSG00000099795,NDUFB7,-0.103588871973418,-0.109096075786408
ENSG00000006740,ARHGAP44,0.328520597151546,-0.00055638048638229
ENSG00000143324,XPR1,-0.0251507218995375,0.193083890817672
ENSG00000149476,TKFC,-0.053864648122929,0.30569090759413
ENSG00000173726,TOMM20,-0.0291776374203737,-0.072901694793524
ENSG00000135835,KIAA1614,0.21112923046106,0.539072249877029
ENSG00000173207,CKS1B,0.148623905795722,-0.557265583705149
ENSG00000173295,FAM86B3P,0.337825825592579,0.559674345054359
ENSG00000244187,TMEM141,-0.102126932432869,0.0232361816104879
ENSG00000146350,TBC1D32,0.289177510069671,0.0952405837855482
ENSG00000214900,LINC01599,NA,NA
ENSG00000151376,ME3,-0.090406514198932,0.135174772418896
ENSG00000089335,ZNF302,0.178477711075559,0.0499838920685706
ENSG00000154945,ANKRD40,-0.0409063333159855,0.0389318507809229
ENSG00000131791,PRKAB2,-0.057476270148445,0.121622675448502
ENSG00000116337,AMPD2,0.154978809097202,0.28287982592693
ENSG00000134330,IAH1,-0.059813245074121,0.0972547224027141
ENSG00000118894,EEF2KMT,-0.091937833843211,-0.086969259741632
ENSG00000109270,LAMTOR3,-0.112845955359865,0.261756272338296
ENSG00000099942,CRKL,-0.033955093843315,0.0430123269685185
ENSG00000072840,EVC,-0.0491356896578421,0.0118171907284782
ENSG00000130731,METTL26,0.195302770619487,-0.0098965101430274
ENSG00000114923,SLC4A3,0.349977137430302,0.309264574976496
ENSG00000116151,MORN1,0.231700897498004,0.118224232919292
ENSG00000164749,HNF4G,-0.154890142383418,0.337467594990859
ENSG00000171204,TMEM126B,0.192119042771529,0.150758285267432
ENSG00000069702,TGFBR3,-0.092189366150781,0.443528399056413
ENSG00000106701,FSD1L,0.25297975482586,0.0865619793311741
ENSG00000094914,AAAS,0.161035416730918,0.0372705340332801
ENSG00000278129,ZNF8,0.14789044752652,0.0681226172124434
ENSG00000115738,ID2,0.201447996144529,0.210330264339059
ENSG00000185839,AK2P1,0.557787694536581,-0.056330359517478
ENSG00000228889,UBAC2-AS1,0.428788322254666,-0.252112510342857
ENSG00000165175,MID1IP1,-0.0471369630107263,-0.093126881173406
ENSG00000149089,APIP,0.209633472642093,-0.126901217445545
ENSG00000268621,IGFL2-AS1,0.23085528194845,1.50019499982344
ENSG00000120093,HOXB3,0.205770630141837,0.0624507337253321
ENSG00000226210,WASH8P,-0.126341383854574,0.152959184777468
ENSG00000053371,AKR7A2,-0.092511219594729,0.109484803977867
ENSG00000146425,DYNLT1,-0.082428213859429,0.0109239114262585
ENSG00000168273,SMIM4,0.316898392068165,-0.238724949503371
ENSG00000099904,ZDHHC8,0.169164514210396,0.155234967874084
ENSG00000120913,PDLIM2,-0.101805851657327,0.188805032678415
ENSG00000100038,TOP3B,0.167029847969027,0.106172225603636
ENSG00000103994,ZNF106,-0.0321964884323717,-0.0112760027996127
ENSG00000264343,NOTCH2NLA,-0.161393965946326,0.14096851257893
ENSG00000156687,UNC5D,-0.145634960698671,0.55955892052906
ENSG00000109881,CCDC34,0.293283916424665,-0.324598214605675
ENSG00000138604,GLCE,0.158612221375948,0.090706406821942
ENSG00000112531,QKI,-0.0424038029469629,0.0183969322831665
ENSG00000135451,TROAP,0.195729659570176,-0.504885001064698
ENSG00000184307,ZDHHC23,0.230805956069232,-0.0106021281175723
ENSG00000179431,FJX1,-0.141503754001067,-0.2209909227235
ENSG00000245060,LINC00847,0.237906542486483,-0.239417319573474
ENSG00000134899,ERCC5,-0.102162561144864,-0.222563769440674
ENSG00000168395,ING5,-0.093475046938658,0.149116222644044
ENSG00000134982,APC,0.145703822575148,0.200398637861543
ENSG00000155660,PDIA4,-0.0245453333333611,0.0596438994256108
ENSG00000132356,PRKAA1,0.140090681417935,0.124584237681565
ENSG00000256594,LOC374443,-0.157153692426437,0.21722822199741
ENSG00000149428,HYOU1,-0.023684675308704,0.094642547072306
ENSG00000250548,LINC01303,-0.320253813464923,0.0975843270248615
ENSG00000283709,FAM238C,0.392928513051478,0.607064605588204
ENSG00000106330,MOSPD3,-0.217347619233414,0.362575119880572
ENSG00000164620,RELL2,0.325956782792689,0.420298923567474
ENSG00000176371,ZSCAN2,0.19319318035328,-0.161253824934516
ENSG00000162694,EXTL2,0.229239129737033,0.281955345980522
ENSG00000157540,DYRK1A,-0.0277551142426676,0.147941796991257
ENSG00000287263,FLJ32255,-0.134271314652865,-0.0306794005191765
ENSG00000164073,MFSD8,0.192627462715662,0.0025173107342447
ENSG00000184164,CRELD2,-0.098827138198246,0.0176519542936792
ENSG00000175147,TMEM51-AS1,0.318476293233852,0.459163917125683
ENSG00000250312,ZNF718,-0.156678434269532,-0.506431613421699
ENSG00000114744,COMMD2,0.17739732090046,0.0188754919778376
ENSG00000137628,DDX60,-0.0262851122189394,0.091231068467344
ENSG00000125482,TTF1,-0.110102046860665,-0.088607617243596
ENSG00000170264,FAM161A,0.230251687156191,-0.27960544446105
ENSG00000100099,HPS4,-0.056714261005545,0.155595210457078
ENSG00000143622,RIT1,-0.081470739273668,0.128990235941896
ENSG00000197747,S100A10,-0.0229320526672919,-0.325523034312979
ENSG00000132823,OSER1,-0.102212291322812,-0.107046001858957
ENSG00000242147,LINC02677,NA,NA
ENSG00000168159,RNF187,0.131164152787647,0.123336282385374
ENSG00000152767,FARP1,-0.0494900698018495,0.0269443714464551
ENSG00000160753,RUSC1,-0.063114273872981,-0.121593498848324
ENSG00000221955,SLC12A8,-0.254106576005074,-0.535859281682568
ENSG00000130021,PUDP,-0.06130323994358,0.115771851975705
ENSG00000172757,CFL1,-0.0270660512959465,-0.323251025886235
ENSG00000214652,ZNF727,-0.210193519794791,-0.245621802261304
ENSG00000108588,CCDC47,-0.0327105220066428,-0.06250779579331
ENSG00000196268,ZNF493,-0.310065341758273,-0.387818346585816
ENSG00000128536,CDHR3,0.272839186609737,0.11741926420246
ENSG00000144730,IL17RD,0.31084906208134,-0.359021808410662
ENSG00000132485,ZRANB2,0.143467011431098,-0.0328194058852468
ENSG00000108578,BLMH,0.173116339302488,-0.304052856182669
ENSG00000171148,TADA3,-0.0385898020215075,0.0964394393106216
ENSG00000117614,SYF2,0.222626264665655,0.0638241059792904
ENSG00000147251,DOCK11,0.195763726878566,0.130866638843813
ENSG00000105821,DNAJC2,0.164279893438907,-0.088309069945104
ENSG00000168438,CDC40,0.181651557020024,0.0009900322462365
ENSG00000147813,NAPRT,-0.089995067515821,0.220465114754969
ENSG00000267368,UPK3BL1,0.587688446023504,0.13392838925749
ENSG00000213780,GTF2H4,0.27316815522191,-0.27857925307991
ENSG00000127328,RAB3IP,0.166739608687027,0.198393920833231
ENSG00000223482,NUTM2A-AS1,0.147147623381855,0.0401707085543523
ENSG00000101160,CTSZ,-0.0272912835731881,-0.101343848846246
ENSG00000149474,KAT14,-0.060370760196146,0.160595783628134
ENSG00000151693,ASAP2,-0.0412635607124238,-0.084152158783047
ENSG00000241878,PISD,0.155395414257843,0.29185383698895
ENSG00000166987,MBD6,0.200170865117316,0.152507782510725
ENSG00000111052,LIN7A,0.54345570732626,0.210405706019874
ENSG00000128050,PAICS,-0.0308823185423683,-0.195297433342945
ENSG00000122952,ZWINT,-0.077856410165145,-0.368379030024619
ENSG00000197879,MYO1C,-0.0160839338881108,0.0570258005351539
ENSG00000198496,NBR2,0.26857208293936,0.0925554923286246
ENSG00000167733,HSD11B1L,0.514071509078046,0.0042672776617644
ENSG00000150782,IL18,-0.105340213289102,0.250032163944694
ENSG00000156136,DCK,-0.106879807318439,-0.393257487203661
ENSG00000100726,TELO2,-0.082623400717254,-0.0198933414680802
ENSG00000162368,CMPK1,0.132967917523199,0.0182326981510572
ENSG00000198563,DDX39B,-0.0207863023315667,0.250038092060522
ENSG00000157778,PSMG3,-0.099333842488939,0.226956971671035
ENSG00000204272,NBDY,0.218331197494716,-0.0349469962330068
ENSG00000068724,TTC7A,-0.0214753174980064,0.173036130044902
ENSG00000129028,THAP10,0.241143723643172,-0.12216536784172
ENSG00000072121,ZFYVE26,-0.0305521440064841,0.17133924751017
ENSG00000128408,RIBC2,-0.308625742327535,-0.375629237755522
ENSG00000010438,PRSS3,-0.200497951174997,0.593009110046493
ENSG00000125967,NECAB3,0.195072349638733,0.233674583410777
ENSG00000162817,C1orf115,0.21758615602532,0.273235351398951
ENSG00000259153,MAP3K9-DT,0.282976018402964,-0.192795182095697
ENSG00000107614,TRDMT1,0.25617170222051,0.0185321317658354
ENSG00000151503,NCAPD3,-0.0363004856613159,-0.269379742926101
ENSG00000187605,TET3,-0.0264960292277198,0.105027708760672
ENSG00000184588,PDE4B,0.130365625485305,0.361608594735812
ENSG00000188647,PTAR1,-0.0430871775530021,0.110346775060274
ENSG00000006757,PNPLA4,-0.17479146414557,0.0747990419665314
ENSG00000142765,SYTL1,-0.239262450678057,0.20338174584434
ENSG00000237424,FOXD2-AS1,-0.211989084568327,-0.0214139722860047
ENSG00000249476,LOC285638,0.427902084370223,-0.112821552549971
ENSG00000275111,ZNF2,-0.161558606847076,0.140655506938682
ENSG00000106780,MEGF9,-0.032816870968119,0.105455378264168
ENSG00000170619,COMMD5,-0.07655539937053,0.00608148636406011
ENSG00000225032,LOC102723566,-0.296264052664689,0.451266713054481
ENSG00000156860,FBRS,0.139406612915138,-0.059629438947581
ENSG00000197860,SGTB,0.197942742034543,0.0670447950514819
ENSG00000117632,STMN1,0.15149185042496,-0.429300382072357
ENSG00000188846,RPL14,0.156775509413394,-0.273771322172128
ENSG00000258388,PPT2-EGFL8,0.566258097756523,-0.23047899988227
ENSG00000105518,TMEM205,-0.060817026176486,0.278785866805435
ENSG00000157212,PAXIP1,-0.066606414046083,0.0139438869295986
ENSG00000187676,B3GLCT,-0.131944916912082,0.0863403930892863
ENSG00000221914,PPP2R2A,-0.0254151028103459,0.0811851675203343
ENSG00000111802,TDP2,-0.060706741512907,-0.159360519369192
ENSG00000134900,TPP2,0.147359457457993,-0.001706559798137
ENSG00000135316,SYNCRIP,-0.0351387648349312,-0.136294570825512
ENSG00000230844,ZNF674-AS1,0.330021353031338,-0.254210851940294
ENSG00000140022,STON2,-0.055646255539461,0.0685355197278834
ENSG00000147804,SLC39A4,-0.080986656836524,0.0424721891647155
ENSG00000111335,OAS2,0.1131008475498,-0.0186961661543609
ENSG00000073712,FERMT2,0.148570787477005,-0.086514358906676
ENSG00000023902,PLEKHO1,0.318185378067005,-0.700738943502488
ENSG00000163660,CCNL1,0.131338352334403,0.214933532288672
ENSG00000124787,RPP40,0.295341782542669,-0.210291585012433
ENSG00000117751,PPP1R8,-0.064834929110651,-0.14899440786311
ENSG00000118655,DCLRE1B,-0.11215816681968,-0.422060810758609
ENSG00000173237,C11orf86,0.210216554961844,0.646954830566946
ENSG00000172965,MIR4435-2HG,0.151423045004013,0.0679443096713997
ENSG00000134986,NREP,0.171948064150281,0.0488113651413281
ENSG00000273032,DGCR5,-0.140153123745838,0.189404937205749
ENSG00000117425,PTCH2,0.492069043783555,0.584163854837892
ENSG00000176407,KCMF1,-0.051533624732241,0.0301388565228797
ENSG00000145833,DDX46,0.144676550094836,0.0097659291720732
ENSG00000162129,CLPB,-0.0410339565168475,-0.066401056816409
ENSG00000115464,USP34,0.114430586123286,0.207391589946473
ENSG00000131408,NR1H2,-0.0336273122073297,0.106542998699692
ENSG00000087095,NLK,0.173465517267196,0.0421785638242813
ENSG00000147669,POLR2K,0.15589567039447,-0.24846327255568
ENSG00000205189,ZBTB10,0.194698995109872,0.0912135072075331
ENSG00000164975,SNAPC3,0.156024512621322,0.0486969303745113
ENSG00000185215,TNFAIP2,0.111019055512219,0.301172523913267
ENSG00000141127,PRPSAP2,0.173303902653471,-0.0044325724186763
ENSG00000167118,URM1,-0.056217980279171,-0.0237313337749653
ENSG00000081692,JMJD4,-0.07986508958487,-0.0442045914852688
ENSG00000179598,PLD6,-0.250725145926228,0.518703798924779
ENSG00000163898,LIPH,-0.081636093849475,0.215208385441292
ENSG00000133065,SLC41A1,0.150150105736171,-0.0321926490865069
ENSG00000145723,GIN1,-0.212001031583254,0.422120855382211
ENSG00000275778,PRH1-PRR4,-0.247108439336402,0.222422904915749
ENSG00000101236,RNF24,-0.0308221427466834,0.0300807241784654
ENSG00000012817,KDM5D,0.176881621606896,0.328183218479983
ENSG00000205581,HMGN1,0.126372010780551,-0.124082504219597
ENSG00000161980,POLR3K,-0.100719190877269,-0.221408977436368
ENSG00000183722,LHFPL6,-0.434437981248418,0.0214305961419548
ENSG00000128915,ICE2,0.144047965182194,-0.086098505276587
ENSG00000164818,DNAAF5,-0.0435316924917403,-0.0080190196392683
ENSG00000161653,NAGS,-0.459639601622754,-0.311121630647397
ENSG00000158156,XKR8,-0.163993287982412,-0.0122001185206307
ENSG00000166266,CUL5,0.171826743703798,0.0003095439169571
ENSG00000277925,TERC,0.162078070349969,-0.101348309517572
ENSG00000227471,AKR1B15,-0.0405538963046864,-0.260534144510233
ENSG00000167487,KLHL26,-0.141393757257276,0.0049391812908081
ENSG00000206561,COLQ,0.315218644064385,0.689738921292925
ENSG00000085514,PILRA,0.443569733113818,0.836679440719548
ENSG00000142185,TRPM2,-0.170733007762915,-0.075630272818901
ENSG00000179091,CYC1,0.147795236557897,-0.179060423974148
ENSG00000116205,TCEANC2,0.225365941451051,-0.29376720007451
ENSG00000119616,FCF1,0.143651243770106,-0.18671703375448
ENSG00000082497,SERTAD4,-0.165902895068948,-0.130205491952976
ENSG00000240891,PLCXD2,0.174716200951738,-0.050824673296648
ENSG00000159905,ZNF221,0.316715993201465,-0.0176721528982765
ENSG00000184634,MED12,0.141163792824133,0.279179222339746
ENSG00000120509,PDZD11,0.157481795419618,-0.298060820652441
ENSG00000068697,LAPTM4A,-0.0233900081632631,0.0023743248674447
ENSG00000163923,RPL39L,0.294449833666483,-0.650447757348535
ENSG00000077942,FBLN1,-0.054805921351157,-0.065854894204178
ENSG00000160752,FDPS,-0.033229037541658,-0.350593682098409
ENSG00000110711,AIP,-0.079223325322889,0.123398670793701
ENSG00000008869,HEATR5B,-0.0481828969702294,0.391897861247905
ENSG00000114054,PCCB,-0.061453849216886,0.0315732394216435
ENSG00000219438,TAFA5,0.375163866729028,0.111069659671155
ENSG00000167881,SRP68,-0.0246683228400865,-0.0471288560438293
ENSG00000159352,PSMD4,-0.051662088651293,0.0039817639463808
ENSG00000235552,RPL6P27,0.221752826805748,-0.214544161564768
ENSG00000212232,SNORD17,0.256218161819141,-0.45741162108312
ENSG00000164144,ARFIP1,0.163480441763886,-0.0390907740216589
ENSG00000253738,OTUD6B-AS1,0.238198329778236,-0.160771710569971
ENSG00000213762,ZNF134,0.163265720284879,-0.0055489907082788
ENSG00000006555,TTC22,-0.345219384319138,-0.329969588657975
ENSG00000170915,PAQR8,0.511039480796525,0.534492256352177
ENSG00000118961,LDAH,0.174874334927027,0.0535573397996669
ENSG00000166963,MAP1A,0.308173733468146,-0.294419115782477
ENSG00000162813,BPNT1,0.202687772712614,-0.0329691574941193
ENSG00000102098,SCML2,0.189212412205005,-0.237155878013571
ENSG00000224597,SVIL-AS1,-0.0393595893464692,-0.0058194712725189
ENSG00000100241,SBF1,-0.0208302673438138,0.0687632733772117
ENSG00000170889,RPS9,-0.0319301293078754,-0.068218905678735
ENSG00000160785,SLC25A44,-0.0442090665323097,0.0094080932955104
ENSG00000139405,RITA1,0.183271110406181,-0.023104555410302
ENSG00000134049,IER3IP1,0.206636784712907,-0.361123080104795
ENSG00000187764,SEMA4D,0.161076320725969,0.0251495985301475
ENSG00000197070,ARRDC1,0.177966908250774,0.163237371943088
ENSG00000110756,HPS5,-0.060352154565486,0.119924726639557
ENSG00000118596,SLC16A7,0.299025299457725,0.128968455490474
ENSG00000121864,ZNF639,0.188963790915846,-0.0351914373428356
ENSG00000120675,DNAJC15,0.308376527111711,0.313439824801457
ENSG00000167770,OTUB1,-0.0355734947108518,0.0075963884344657
ENSG00000112379,ARFGEF3,0.156259038328518,0.147465539094631
ENSG00000267796,LIN37,-0.097518098717612,0.333017994338382
ENSG00000123352,SPATS2,0.127203242350756,0.111456477251205
ENSG00000164182,NDUFAF2,0.251081876587252,-0.228267180649127
ENSG00000185219,ZNF445,-0.0445597374262132,0.115609429295494
ENSG00000148110,MFSD14B,-0.0377679938292939,-0.105048597108111
ENSG00000002834,LASP1,0.109741234044094,-0.128756446019776
ENSG00000171992,SYNPO,0.138640696219116,0.350637329476556
ENSG00000026652,AGPAT4,0.193569453743805,0.118184674151507
ENSG00000188343,CIBAR1,0.281235277695863,-0.219993968913993
ENSG00000165030,NFIL3,0.161477570008322,0.2963958993412
ENSG00000124216,SNAI1,-0.119926766298127,-0.222089678915926
ENSG00000170442,KRT86,-0.076497309714257,-0.08960701756386
ENSG00000196116,TDRD7,-0.0303431078382603,0.0136397747248681
ENSG00000178988,MRFAP1L1,-0.061891813831335,-0.050162229250434
ENSG00000146021,KLHL3,-0.206939928446182,0.158454895633216
ENSG00000285278,TFAP2A-AS2,-0.399967332706572,0.467468474418791
ENSG00000109452,INPP4B,-0.0395022983685349,0.209347345066209
ENSG00000119401,TRIM32,-0.057526152680286,0.170423302369609
ENSG00000110651,CD81,-0.0275231997388861,-0.057638176012846
ENSG00000183943,PRKX,0.167119881209301,-0.097552269144121
ENSG00000111057,KRT18,-0.0196707690994968,0.243861055624333
ENSG00000232626,LOC100420423,0.555740935565662,-0.22729699374603
ENSG00000166037,CEP57,0.167857382096914,0.00102332955346261
ENSG00000148082,SHC3,-0.229339153230319,0.224293063752308
ENSG00000144231,POLR2D,-0.0292771638581201,-0.103330774036397
ENSG00000105281,SLC1A5,-0.0155057867056229,-0.059926813987185
ENSG00000100075,SLC25A1,-0.050814074822053,-0.205843462454468
ENSG00000185838,GNB1L,0.280835214204883,-0.0221462977543763
ENSG00000178605,GTPBP6,-0.07839193949978,0.0219339404394362
ENSG00000172172,MRPL13,0.188696254411043,-0.091321551234023
ENSG00000146233,CYP39A1,0.499407828650218,0.259499404924808
ENSG00000185220,PGBD2,-0.153559502642844,0.501023305397811
ENSG00000184226,PCDH9,0.142317591490172,-0.183618791493092
ENSG00000132912,DCTN4,-0.0316217219202572,0.0234930965659205
ENSG00000136944,LMX1B,0.293072927046369,-0.312404056151243
ENSG00000139350,NEDD1,-0.053211564938759,-0.0250222408912093
ENSG00000104154,SLC30A4,0.239664416322761,-0.128671578919712
ENSG00000156675,RAB11FIP1,-0.0370097008210595,-0.0360460689135711
ENSG00000086065,CHMP5,0.131926214419644,0.0433192515586921
ENSG00000173258,ZNF483,0.224283423492584,-0.0410125700870644
ENSG00000177606,JUN,-0.080657517930031,0.0979185504996576
ENSG00000133398,MED10,-0.080140887616379,0.0694798937442035
ENSG00000112667,DNPH1,-0.129305056907678,0.113019038401743
ENSG00000115520,COQ10B,0.16993030789868,0.196143811614285
ENSG00000115944,COX7A2L,0.142626771089223,-0.124540528614595
ENSG00000272391,POM121C,-0.0339140130741429,0.0893723108642821
ENSG00000204568,MRPS18B,-0.0476365150527444,-0.0102938604135153
ENSG00000102893,PHKB,0.145433675460621,0.127490251925483
ENSG00000156603,MED19,0.199420557037912,-0.306259615154828
ENSG00000171103,TRMT61B,-0.105974594704936,0.0272931716491129
ENSG00000102967,DHODH,-0.131442222867983,0.0539321220803676
ENSG00000240857,RDH14,0.175806456537493,-0.139856583290021
ENSG00000273344,PAXIP1-DT,0.378004381071573,-0.195514772078059
ENSG00000100918,REC8,0.202186424455755,0.579391478830955
ENSG00000111229,ARPC3,-0.0341595556792727,0.0042791582073683
ENSG00000089916,GPATCH2L,0.126324441934325,0.028107910961733
ENSG00000118564,FBXL5,-0.0405319295489647,0.054352826487344
ENSG00000088356,PDRG1,-0.083702914989008,-0.061835598444791
ENSG00000179218,CALR,-0.0262668529029173,-0.242280082191348
ENSG00000138160,KIF11,0.167908459021671,-0.492273350143666
ENSG00000153064,BANK1,-0.228516231192179,0.0452754907540326
ENSG00000163257,DCAF16,-0.067157551598337,-0.12890088465826
ENSG00000151502,VPS26B,-0.053230933196537,0.0352471239428141
ENSG00000174365,SNHG11,-0.170030798394076,0.202566141065626
ENSG00000184900,SUMO3,-0.0322947318043057,-0.167876570413328
ENSG00000197016,ZNF470,0.247489378407134,0.045890485343961
ENSG00000156711,MAPK13,-0.131234963154613,0.301065348644524
ENSG00000186594,MIR22HG,-0.064961668752622,0.366961406242619
ENSG00000112130,RNF8,0.184720332898376,-0.208748585087999
ENSG00000152464,RPP38,0.189750058242715,-0.080661965138459
ENSG00000107854,TNKS2,0.126393152861929,0.164714740295096
ENSG00000203737,GPR52,-0.318402870233422,0.508554468421339
ENSG00000163872,YEATS2,-0.0382146118406395,0.0436896850352546
ENSG00000056277,ZNF280C,-0.052064888557504,0.0823770968021442
ENSG00000178397,FAM220A,0.21442181219905,-0.083140386092661
ENSG00000256436,TAS2R31,0.37244992415654,-0.183149381411361
ENSG00000162688,AGL,0.159481368972928,0.159598803910768
ENSG00000204179,PTPN20,0.26339881646587,-0.057247642051077
ENSG00000177854,TMEM187,-0.198279203310502,0.372746907157257
ENSG00000082212,ME2,0.136055511016445,-0.074894714757766
ENSG00000198915,RASGEF1A,0.338687860003517,0.255321885125583
ENSG00000122565,CBX3,0.137791309700642,-0.262957680817445
ENSG00000265681,RPL17,0.130007815465221,-0.29051346456271
ENSG00000152234,ATP5F1A,-0.0432214646949301,0.0645148060573096
ENSG00000234284,ZNF879,0.381091079100381,0.0974476044220455
ENSG00000160256,SLX9,-0.096815617508242,-0.0013933142614493
ENSG00000145817,YIPF5,-0.0420383305617036,0.0163575899664228
ENSG00000099385,BCL7C,-0.137452347496374,-0.257028086465973
ENSG00000109065,NAT9,-0.065691481135189,0.0252300692861875
ENSG00000037042,TUBG2,0.189316357583682,0.0965029371751045
ENSG00000035687,ADSS2,-0.0368577692583073,-0.101991855546472
ENSG00000112312,GMNN,-0.069281610069063,-0.519291906607786
ENSG00000138430,OLA1,0.135291933447218,-0.183537495019929
ENSG00000178935,ZNF552,-0.111353916441714,-0.200220135608772
ENSG00000198677,TTC37,0.137757707295194,0.14358023897319
ENSG00000002016,RAD52,0.201848988203068,0.182434287373483
ENSG00000270231,NBPF8,0.162569758431976,0.0554480229961478
ENSG00000141376,BCAS3,0.171203817774227,0.195454976981328
ENSG00000115946,PNO1,-0.059432526147073,-0.09031616966792
ENSG00000072864,NDE1,0.174696058721449,-0.261344389961356
ENSG00000105662,CRTC1,-0.105229861744723,0.237088178656015
ENSG00000168779,SHOX2,0.276854887027932,-0.263918752980291
ENSG00000163900,TMEM41A,0.178137211323016,-0.145077186599998
ENSG00000160007,ARHGAP35,0.113269923221829,0.0348322160315857
ENSG00000107521,HPS1,-0.059519399019686,0.236996634795697
ENSG00000169231,THBS3,0.211320851070253,0.649862385486768
ENSG00000126460,PRRG2,0.4255604985984,-0.0420175462602719
ENSG00000158122,PRXL2C,-0.129272298360619,0.110797377458177
ENSG00000242114,MTFP1,-0.132230195506114,-0.081789918835835
ENSG00000247315,ZCCHC3,-0.050410611514298,0.0349175778475418
ENSG00000166143,PPP1R14D,0.363697523137569,0.532711683267067
ENSG00000165233,CARD19,-0.082003579218423,0.052219489668607
ENSG00000136816,TOR1B,-0.0447088328588643,0.00429123061946091
ENSG00000240875,LINC00886,-0.154043008134515,0.106723761645283
ENSG00000221890,NPTXR,-0.060436545443785,0.0333009750798846
ENSG00000174292,TNK1,0.303329112295551,0.0922035886346017
ENSG00000089050,RBBP9,0.168348099956954,-0.114004678745571
ENSG00000168763,CNNM3,-0.06006482409836,-0.020077212702672
ENSG00000183246,RIMBP3C,-0.401486031965396,-0.091402991713505
ENSG00000132963,POMP,-0.0352021363421755,-0.12283701372177
ENSG00000174428,GTF2IRD2B,-0.122050452623297,0.313391637196014
ENSG00000106462,EZH2,-0.0458030695954974,-0.180449803715608
ENSG00000138771,SHROOM3,0.126157617141055,0.24533955895436
ENSG00000171606,ZNF274,0.155460529580424,0.0852446431544384
ENSG00000106785,TRIM14,-0.0348135054900704,-0.0251192020571428
ENSG00000170786,SDR16C5,-0.270649320159045,0.22635407208179
ENSG00000140937,CDH11,-0.080156916727765,0.010977524298789
ENSG00000186871,ERCC6L,-0.080723914743055,-0.609331989678429
ENSG00000176473,WDR25,-0.102011681005053,0.0959794581044542
ENSG00000120925,RNF170,0.173650780252104,0.145095366362767
ENSG00000146574,CCZ1B,0.139763340898081,-0.14505525437468
ENSG00000106692,FKTN,0.153556854060714,-0.116612598161153
ENSG00000261188,TFIP11-DT,0.503458255028579,-0.315641409552815
ENSG00000171970,ZNF57,-0.229986442598403,-0.153150351063741
ENSG00000120690,ELF1,-0.0434040099804598,0.185760458501562
ENSG00000170345,FOS,0.241982321210134,0.602846870893552
ENSG00000140688,RUSF1,-0.0321338431442886,0.187155981625261
ENSG00000124541,RRP36,-0.057715935755457,-0.080294858764996
ENSG00000105767,CADM4,-0.110449656315108,0.269274599495643
ENSG00000166770,ZNF667-AS1,-0.322625033175237,0.153995983325575
ENSG00000145780,FEM1C,-0.051254492202387,-0.021010374061548
ENSG00000123427,EEF1AKMT3,-0.104125906341289,-0.0152601605210981
ENSG00000112992,NNT,-0.060690105425807,0.222702741075798
ENSG00000102763,VWA8,0.159318165812915,0.0664570462998204
ENSG00000157429,ZNF19,-0.176731977100815,0.23128972229373
ENSG00000189223,PAX8-AS1,0.222761043413692,1.18742973491457
ENSG00000147687,TATDN1,0.194235423421554,0.0446281759595124
ENSG00000215252,GOLGA8B,0.136039379119296,0.313240495272398
ENSG00000185608,MRPL40,0.196254094431387,-0.234499404635115
ENSG00000104320,NBN,-0.0301640570654778,0.0095832130836532
ENSG00000144048,DUSP11,0.180824307533197,-0.055649862051796
ENSG00000166897,ELFN2,-0.092333768726613,0.156536531431407
ENSG00000108010,GLRX3,0.140956544123812,-0.087161784560248
ENSG00000105053,VRK3,0.140571944115584,0.0118055268652035
ENSG00000167183,PRR15L,-0.26965491826797,-0.106559492970029
ENSG00000151617,EDNRA,-0.305236681851611,-0.0189479271900995
ENSG00000156853,ZNF689,-0.076612243872823,0.160491505391779
ENSG00000267107,PCAT19,0.486900350557904,-0.431063627489075
ENSG00000131019,ULBP3,-0.162998790929186,-0.00073763736200159
ENSG00000136149,RPL13AP25,0.403099112368641,-0.282447640759184
ENSG00000124172,ATP5F1E,0.19958309865763,-0.252720194337988
ENSG00000171604,CXXC5,-0.071832699617477,-0.179356039091782
ENSG00000157693,TMEM268,-0.072647193186091,0.241510927198866
ENSG00000108590,MED31,-0.105788623986534,-0.097333594348766
ENSG00000169891,REPS2,0.418142074494199,0.33107879702991
ENSG00000123178,SPRYD7,0.242551492972157,-0.418648593885624
ENSG00000214783,POLR2J4,0.289762492069766,0.438357059445866
ENSG00000172845,SP3,-0.0308372090393794,0.104998149951225
ENSG00000172339,ALG14,0.309104463254271,-0.07557185626074
ENSG00000079277,MKNK1,-0.06153273000547,0.225844160823291
ENSG00000155324,GRAMD2B,-0.162358336712896,0.0527308007008513
ENSG00000198909,MAP3K3,0.163103398623053,-0.30662853746703
ENSG00000173226,IQCB1,0.160087439259466,-0.0495798622685723
ENSG00000109084,TMEM97,0.128428528595453,-0.323325829624741
ENSG00000055044,NOP58,0.145103577535063,-0.0031485994430929
ENSG00000102524,TNFSF13B,-0.176245819139031,-0.121413247588048
ENSG00000164181,ELOVL7,-0.066290535100931,-0.0292453003162853
ENSG00000232860,SMG7-AS1,-0.389723767264917,0.242929648387148
ENSG00000133056,PIK3C2B,0.122939272389082,0.0610609958568638
ENSG00000104299,INTS9,-0.054416822201673,0.0421468142221484
ENSG00000100403,ZC3H7B,-0.0192794505450897,-0.052405621486227
ENSG00000135740,SLC9A5,0.310838934636802,0.281964855805373
ENSG00000271605,MILR1,-0.180249907424406,0.471345514233955
ENSG00000076344,RGS11,0.442154084361252,0.409311617652173
ENSG00000143303,METTL25B,0.165697040091827,0.203719576335404
ENSG00000130477,UNC13A,-0.172404523254072,0.431532973837418
ENSG00000163374,YY1AP1,0.125210029693285,-0.0125853223628971
ENSG00000013561,RNF14,-0.0464050220735679,0.087775170223014
ENSG00000171163,ZNF692,0.18878932118759,0.262744996497316
ENSG00000050426,LETMD1,0.14215210141313,-0.060603655367584
ENSG00000072163,LIMS2,-0.2722565458465,0.162454560571712
ENSG00000267296,CEBPA-DT,0.514068333679898,-0.192824365448514
ENSG00000169592,INO80E,0.159803823543234,-0.174938253354739
ENSG00000111665,CDCA3,0.163996951267973,-0.68079469990284
ENSG00000184792,OSBP2,-0.202158335508194,0.354062916822306
ENSG00000071655,MBD3,-0.0362588151754585,-0.0346979899036982
ENSG00000167625,ZNF526,-0.0443675513604518,-0.130430555417569
ENSG00000214954,LRRC69,0.38384051252679,-0.143449508539109
ENSG00000236104,ZBTB22,-0.130152558542813,0.185904362254706
ENSG00000206418,RAB12,0.163727540119241,-0.194127048904938
ENSG00000144747,TMF1,0.154062877154208,0.0605661038869388
ENSG00000158711,ELK4,-0.0226260976162783,0.0850570257118301
ENSG00000102109,PCSK1N,-0.116364608872845,0.0165105669784865
ENSG00000254986,DPP3,-0.0361060775675414,-0.0526540938165
ENSG00000159885,ZNF222,0.292793859402659,0.125598824421915
ENSG00000123219,CENPK,0.182816248010033,-0.296159369294443
ENSG00000247271,ZBED5-AS1,-0.118491759901413,0.337640609329829
ENSG00000178809,TRIM73,0.360302054067289,0.459238141903586
ENSG00000226833,LOC100505774,NA,NA
ENSG00000088930,XRN2,-0.0162960536220116,0.0313885629083956
ENSG00000273597,LOC100420114,0.460545024655643,0.61340402707527
ENSG00000163527,STT3B,-0.0191422289014734,0.0405543404149244
ENSG00000155816,FMN2,-0.169436893112092,-0.299854029124045
ENSG00000178761,FAM219B,-0.075884313381108,0.0891865673461712
ENSG00000255468,B4GAT1-DT,0.533218000355875,-0.078019477878223
ENSG00000182405,PGBD4,-0.141039702108513,0.327125634386781
ENSG00000137965,IFI44,-0.0146477787399221,0.131892844392207
ENSG00000164104,HMGB2,0.164907108570133,-0.830526713323229
ENSG00000183580,FBXL7,0.284156169620042,-0.232606297793269
ENSG00000116704,SLC35D1,-0.054790178092931,0.0934190208355558
ENSG00000153982,GDPD1,0.383000239624906,0.36080301691093
ENSG00000213214,ARHGEF35,0.381140130281754,-0.512616028464511
ENSG00000135945,REV1,-0.05058391576441,0.0689813427675052
ENSG00000099338,CATSPERG,0.32207428509176,-0.0177127663769802
ENSG00000186687,LYRM7,0.232026525989877,-0.396567364836076
ENSG00000105717,PBX4,0.50190895543579,-0.458191644663266
ENSG00000104853,CLPTM1,-0.0119364940084912,-0.0376057485487345
ENSG00000105429,MEGF8,-0.0196697405462882,0.309904570498676
ENSG00000204438,GPANK1,-0.102710624846502,0.0268243380286812
ENSG00000246922,UBAP1L,0.204024363415184,0.389403124603269
ENSG00000137075,RNF38,-0.0423434622689887,-0.067847720845076
ENSG00000173327,MAP3K11,0.127225503085463,-0.0179074343780473
ENSG00000002586,CD99,-0.0355211947585379,-0.0194935356612251
ENSG00000274523,RCC1L,-0.0443260048149689,-0.06710843398279
ENSG00000197958,RPL12,-0.0189424090800864,-0.109610586246497
ENSG00000176101,SSNA1,-0.054037641400534,-0.126942209988486
ENSG00000187608,ISG15,-0.0218224141533557,-0.0084493113614516
ENSG00000172893,DHCR7,-0.0348312622972,-0.440552854968379
ENSG00000141458,NPC1,0.1227553278407,0.121129081940648
ENSG00000100226,GTPBP1,-0.0434124164735082,0.0587803339261445
ENSG00000213160,KLHL23,NA,NA
ENSG00000179295,PTPN11,0.113184689509539,0.110303675673707
ENSG00000085415,SEH1L,-0.056042424510453,-0.090284642236824
ENSG00000158604,TMED4,-0.0360303680072508,0.0953073653857366
ENSG00000147862,NFIB,0.131670409190211,0.0689941808937869
ENSG00000176597,B3GNT5,-0.055401676752172,0.0957785646385355
ENSG00000060656,PTPRU,-0.058149021480723,0.279404026498212
ENSG00000165699,TSC1,-0.0356491481437804,0.366118679466104
ENSG00000142657,PGD,-0.0070518581403111,-0.048622108361675
ENSG00000130684,ZNF337,0.152017655305016,0.0314039754742188
ENSG00000100422,CERK,0.183109254964244,0.0214865885047035
ENSG00000006576,PHTF2,0.201288423549632,-0.163193653384968
ENSG00000181061,HIGD1A,-0.062286262042905,-0.0142651445221554
ENSG00000178896,EXOSC4,-0.053974826209685,-0.096343221118649
ENSG00000179743,SPEN-AS1,0.441362232948154,0.0288679921924403
ENSG00000139517,LNX2,-0.097663484472056,-0.0361388603589004
ENSG00000233098,LOC339260,NA,NA
ENSG00000126562,WNK4,0.331471686176881,0.390491651460418
ENSG00000143624,INTS3,0.119927362970454,0.0423632318652591
ENSG00000125995,ROMO1,0.228431725529294,-0.302312006446415
ENSG00000181104,F2R,-0.076233555745697,-0.0120245062809007
ENSG00000149054,ZNF215,-0.352203754485732,-0.102375564574205
ENSG00000011638,LDAF1,0.243293980307646,0.043998916611114
ENSG00000184014,DENND5A,-0.0226580859693799,0.0424066932814498
ENSG00000198453,ZNF568,-0.316205463709617,0.01547658417412
ENSG00000179292,TMEM151A,0.415687765234209,-0.121068077966217
ENSG00000243335,KCTD7,-0.103887633802292,0.0869339948985384
ENSG00000261599,HERC2P8,-0.242625139099775,0.177137351942492
ENSG00000203650,LINC01285,0.247825186301606,-0.139782149512407
ENSG00000286219,NOTCH2NLC,0.175568100020418,-0.164556542576164
ENSG00000153015,CWC27,0.19018575003824,0.0451178834219666
ENSG00000149927,DOC2A,0.309474527954276,0.541238861580529
ENSG00000064655,EYA2,-0.165214048203399,0.378278121309715
ENSG00000198668,CALM1,-0.0226755050822634,-0.211579406983283
ENSG00000123444,KBTBD4,-0.105560114196827,0.0370536016158135
ENSG00000147642,SYBU,0.189054418906893,0.0248123925031221
ENSG00000196417,ZNF765,0.163378076259209,0.0220313848800397
ENSG00000134690,CDCA8,-0.057632851464133,-0.56983852675426
ENSG00000197713,RPE,0.128085986420337,0.0722469643347611
ENSG00000103356,EARS2,-0.0458587570510211,0.0146556918630519
ENSG00000100335,MIEF1,-0.056739299785034,0.0463589333020635
ENSG00000167173,C15orf39,-0.0335216006198762,-0.0040990082619483
ENSG00000245498,MSANTD2-AS1,0.328980861906649,0.214970904388097
ENSG00000136840,ST6GALNAC4,0.199273806451678,0.0830947313662754
ENSG00000196418,ZNF124,0.187897870971308,-0.271946131171707
ENSG00000183196,CHST6,0.463450498051083,0.450449394686254
ENSG00000112159,MDN1,-0.0337396695319724,0.152717201094983
ENSG00000143486,EIF2D,-0.0465225527721535,0.0808707285894802
ENSG00000122008,POLK,0.144241152617587,0.040015555708638
ENSG00000205583,STAG3L1,0.207890979062317,0.27424850423933
ENSG00000149136,SSRP1,-0.0179296618830638,-0.203640997374515
ENSG00000162664,ZNF326,-0.062784208344351,0.0213987940943368
ENSG00000167632,TRAPPC9,0.139954582639391,0.277574269051138
ENSG00000171241,SHCBP1,-0.05426023363901,-0.469688296149426
ENSG00000135486,HNRNPA1,0.121372200866265,-0.296249031839747
ENSG00000182489,XKRX,-0.289443962169335,0.160428432908808
ENSG00000007866,TEAD3,0.23060029485022,-0.0426135697731884
ENSG00000103343,ZNF174,0.189302276828741,-0.054388167956888
ENSG00000173442,EHBP1L1,0.137493321732151,0.0197934186960858
ENSG00000092203,TOX4,-0.0303082798892285,0.0489309795950481
ENSG00000166441,RPL27A,-0.0237105484150134,-0.103875963054828
ENSG00000143256,PFDN2,0.221661321265328,-0.0312898223606604
ENSG00000180354,MTURN,0.279355138351401,0.0842705717726474
ENSG00000198356,GET3,-0.0453280078735048,0.100784732426868
ENSG00000102081,FMR1,-0.0227060575667863,0.149939069795496
ENSG00000129691,ASH2L,-0.05257445829402,-0.078895099203014
ENSG00000072041,SLC6A15,0.216539103355817,0.174741081545627
ENSG00000157349,DDX19B,-0.082260964119054,0.271378924610454
ENSG00000226328,NUP50-DT,0.226016512471922,0.595850724349367
ENSG00000159433,STARD9,0.176778328037997,-0.097005306182937
ENSG00000188706,ZDHHC9,-0.0253562653572598,0.0247418389516913
ENSG00000126456,IRF3,0.129020786608443,-0.0353809948592595
ENSG00000121104,FAM117A,0.375491794343152,0.275184246526727
ENSG00000198763,ND2,0.228418958154087,-0.384373265807516
ENSG00000130813,SHFL,-0.0331525248759714,0.249297372366683
ENSG00000066379,POLR1H,0.240560819285924,-0.123963003043259
ENSG00000156304,SCAF4,0.13911674202364,-0.0422946503255521
ENSG00000178202,POGLUT3,-0.071190126445409,-0.296196048208775
ENSG00000172500,FIBP,-0.0374289959326653,-0.065332854983198
ENSG00000122406,RPL5,-0.0367850611678457,-0.084907051576674
ENSG00000253159,PCDHGA12,-0.19862094574318,-0.64026254934409
ENSG00000275052,PPP4R3B,0.119679565505308,-0.00080321736896309
ENSG00000180423,HARBI1,-0.157981263781598,0.0010716979687287
ENSG00000151239,TWF1,-0.0298088327629159,0.0403941250926863
ENSG00000116001,TIA1,-0.052694534145406,0.222138902535773
ENSG00000182685,BRICD5,0.369873393232114,-0.431377563470134
ENSG00000119801,YPEL5,0.147204874452103,0.328575677560913
ENSG00000166046,TCP11L2,0.236968917450283,0.720697417577903
ENSG00000162572,SCNN1D,0.353411939543145,0.516160872701787
ENSG00000216819,TUBB2BP1,0.463121103058306,-0.742647780679062
ENSG00000204843,DCTN1,-0.0173358406937018,0.0788220592635679
ENSG00000256188,TAS2R30,0.264104746948083,0.0476726619568643
ENSG00000151466,SCLT1,0.183437607238367,-0.118144297831069
ENSG00000176842,IRX5,-0.254190511219281,-0.567678161149423
ENSG00000132824,SERINC3,-0.0182340712013472,0.219234491245313
ENSG00000172780,RAB43,-0.0497490921583597,0.0024010628969026
ENSG00000136159,NUDT15,-0.080907611421096,-0.0149966180498314
ENSG00000130713,EXOSC2,-0.0352499653833303,-0.053347529426867
ENSG00000180228,PRKRA,0.155129359434289,0.134432303296189
ENSG00000113924,HGD,0.140666506082577,0.326771813893704
ENSG00000107771,CCSER2,-0.0487895567712976,0.161813918260053
ENSG00000255529,POLR2M,0.134607126378432,0.0380656259406837
ENSG00000042832,TG,-0.400155904992555,0.760053685123912
ENSG00000134152,KATNBL1,0.165377957927084,-0.114946974228586
ENSG00000150316,CWC15,0.223205236821785,-0.232389502777205
ENSG00000196139,AKR1C3,0.131955556926442,-0.0312135741654233
ENSG00000174483,BBS1,0.219884332688692,0.228625631665677
ENSG00000189171,S100A13,-0.070829484665036,-0.213556389952948
ENSG00000166233,ARIH1,0.117545160035914,0.16003859921274
ENSG00000189144,ZNF573,-0.206576074177027,0.0375490400188816
ENSG00000111450,STX2,0.166665970690861,0.1435167101771
ENSG00000196876,SCN8A,0.1608265511351,-0.14596729532459
ENSG00000168876,ANKRD49,-0.143178385128191,0.0472293009055698
ENSG00000131899,LLGL1,0.15232277826337,-0.0049134522456357
ENSG00000143801,PSEN2,-0.053057802477593,0.28194218293834
ENSG00000180626,ZNF594,0.204796452114455,0.0974832354524618
ENSG00000116138,DNAJC16,0.147245865885576,0.0983305690391816
ENSG00000172053,QARS1,-0.035237160550774,0.0934124791597177
ENSG00000148450,MSRB2,-0.091769907755576,0.250640272030193
ENSG00000154719,MRPL39,0.198898527061489,-0.122214218699623
ENSG00000125457,MIF4GD,0.202017503739936,-0.061451035140331
ENSG00000070367,EXOC5,0.135089168467925,-0.0167036998876126
ENSG00000153574,RPIA,-0.12356984587576,-0.0332746170092028
ENSG00000168970,JMJD7-PLA2G4B,0.274646291085009,0.222688830912255
ENSG00000187860,CCDC157,0.403046236234693,0.326871423103385
ENSG00000167972,ABCA3,-0.0493170076129821,0.119559663640284
ENSG00000153037,SRP19,0.162838387089778,0.0661935507787742
ENSG00000105472,CLEC11A,-0.370429738657034,-0.346184460315127
ENSG00000122417,ODF2L,0.199945016961604,-0.0260538963329869
ENSG00000237506,RPSAP15,-0.134860189673767,0.0421934917486787
ENSG00000126749,EMG1,0.143563103384791,-0.172991521564729
ENSG00000170955,CAVIN3,-0.146887736389162,-0.39470930877787
ENSG00000276045,ORAI1,-0.063368506477032,-0.0297639062585306
ENSG00000066044,ELAVL1,0.124975608827248,-0.08574341285959
ENSG00000179583,CIITA,-0.315497936158515,-0.424968513113562
ENSG00000162961,DPY30,0.179250844105252,-0.134363021954101
ENSG00000174903,RAB1B,-0.0337246908628144,-0.093056978324602
ENSG00000085832,EPS15,0.128772002379607,0.0563324816054561
ENSG00000160563,MED27,-0.136743634388048,-0.0315509750448837
ENSG00000155980,KIF5A,0.507938850215832,0.274147672548338
ENSG00000130544,ZNF557,-0.098420011901814,0.172988988212482
ENSG00000150787,PTS,-0.122270304598369,0.0211178001040803
ENSG00000136603,SKIL,0.130907863928893,0.117339534763816
ENSG00000213030,CGB8,-0.358790605011924,-1.37952869598255
ENSG00000136044,APPL2,0.161841288612698,0.221167298550527
ENSG00000149243,KLHL35,-0.263692211056176,0.187750296786087
ENSG00000121406,ZNF549,-0.122752522993377,0.201290063430356
ENSG00000261373,VPS9D1-AS1,0.18628450019346,-0.0283917386735185
ENSG00000198876,DCAF12,0.137542100317373,0.0283444838365678
ENSG00000213967,ZNF726,0.410075154466607,-1.00108187811826
ENSG00000242028,HYPK,0.189938823441828,0.0056181758487017
ENSG00000132600,PRMT7,-0.053933585640717,0.11296450529199
ENSG00000067141,NEO1,0.129330389634724,0.128896362333774
ENSG00000116062,MSH6,-0.0336909663489535,-0.152295055679402
ENSG00000162695,SLC30A7,-0.04476619933312,0.08305149717362
ENSG00000173548,SNX33,-0.0308526378001953,0.30375748570109
ENSG00000239887,C1orf226,-0.142849467707422,0.0232760520492512
ENSG00000116668,SWT1,0.266484587520667,0.0516455929414982
ENSG00000281183,NPTN-IT1,0.228182187565155,0.215961039681496
ENSG00000026103,FAS,0.179401949900378,0.100539456260622
ENSG00000138621,PPCDC,-0.11011069786175,0.268882966522649
ENSG00000053372,MRTO4,-0.0438774650473132,-0.247482690616857
ENSG00000126561,STAT5A,-0.106284964296759,0.0486471192182696
ENSG00000064932,SBNO2,-0.0200299896271737,0.301401645461543
ENSG00000123094,RASSF8,-0.086752884859179,-0.0128346288253921
ENSG00000020256,ZFP64,0.15315977781853,-0.062524883929498
ENSG00000165688,PMPCA,-0.0449154712753126,-0.00089198863835129
ENSG00000117505,DR1,-0.0355217624802179,0.0475857649517525
ENSG00000171766,GATM,0.246802812449582,0.0037139107232114
ENSG00000187231,SESTD1,0.130863901934005,0.252382195046349
ENSG00000119705,SLIRP,0.171733216667706,-0.249451375799416
ENSG00000040608,RTN4R,-0.243631546007347,-0.181142152019821
ENSG00000090686,USP48,0.142771739604224,0.0166677289895179
ENSG00000196715,VKORC1L1,-0.0406033785557047,-0.127173291185377
ENSG00000184100,BRD7P2,0.436818793378644,-0.185595027579694
ENSG00000225663,MCRIP1,-0.069127060170033,-0.38706211126732
ENSG00000186496,ZNF396,0.445793055765828,0.278635974677464
ENSG00000131652,THOC6,0.163731028952991,0.0883169954665191
ENSG00000188211,NCR3LG1,0.160454850350418,0.0737858737380912
ENSG00000163743,RCHY1,-0.101042138247061,0.0295587788749912
ENSG00000068784,SRBD1,0.166748191123452,0.0384585747726725
ENSG00000151779,NBAS,0.139824618214981,0.0716372735176339
ENSG00000181817,LSM10,0.19518696641352,-0.178248775168471
ENSG00000196371,FUT4,-0.14429380390278,0.170045411609931
ENSG00000138613,APH1B,0.17161806027147,0.114505447281862
ENSG00000273079,GRIN2B,-0.0464120570035971,0.145468174503994
ENSG00000111786,SRSF9,-0.0490394467090088,0.14420263188812
ENSG00000260917,LOC103344931,0.224942152383524,0.120036782760315
ENSG00000138107,ACTR1A,0.118211723812484,0.00144681572676651
ENSG00000244731,C4A,NA,NA
ENSG00000182504,CEP97,-0.061979673043563,-0.227445988130376
ENSG00000150477,KIAA1328,0.236828044241154,-0.0413285837100034
ENSG00000167258,CDK12,-0.0095439607704116,0.151034844585416
ENSG00000156298,TSPAN7,-0.102328744795199,-0.356871663770231
ENSG00000037241,RPL26L1,-0.080474931651894,-0.15507842066272
ENSG00000129292,PHF20L1,0.130559480645467,0.0787632050857321
ENSG00000261556,SMG1P7,0.242658173476244,0.307961748313498
ENSG00000165006,UBAP1,0.139613902729221,0.158378890431601
ENSG00000257114,LINC02450,-0.294389155118038,-0.07032854261151
ENSG00000051180,RAD51,-0.123232570966663,-0.34232228620565
ENSG00000135778,NTPCR,0.157136780493908,0.191478507970102
ENSG00000067208,EVI5,0.159414178856314,0.0927174607561229
ENSG00000182481,KPNA2,0.13442792029297,-0.446120557580254
ENSG00000122507,BBS9,0.20222303382189,0.366210773586039
ENSG00000073910,FRY,0.28598384106175,-0.130568329637405
ENSG00000125731,SH2D3A,0.213382753242585,0.359848762089116
ENSG00000263740,RN7SL4P,0.348813678551249,-0.493448852161104
ENSG00000133313,CNDP2,-0.0163442243043757,-0.0034835299297263
ENSG00000109436,TBC1D9,0.139725854691467,0.112341529476572
ENSG00000134762,DSC3,0.379476497940608,-0.04211878897462
ENSG00000136504,KAT7,-0.027242333504833,0.0895452578656405
ENSG00000213654,GPSM3,-0.302518194078985,-0.346302171870166
ENSG00000105948,TTC26,0.239774335891066,-0.00786323497096979
ENSG00000132570,PCBD2,-0.086698856405671,0.111638406123365
ENSG00000068796,KIF2A,0.123754041187756,-0.0307453361082165
ENSG00000179889,PDXDC1,0.1163495958545,-0.0210494668445247
ENSG00000204172,AGAP9,-0.059611798915672,0.226928114526253
ENSG00000161714,PLCD3,0.12487337517616,0.190098152277684
ENSG00000057294,PKP2,0.197852573151217,0.286108755562966
ENSG00000246089,MCPH1-DT,0.347298608983788,-0.192058401616339
ENSG00000107643,MAPK8,0.172024039549768,0.0267262707071468
ENSG00000143753,DEGS1,-0.0287036126999623,-0.196540009077189
ENSG00000253293,HOXA10,0.292677522604807,0.118932750947276
ENSG00000092978,GPATCH2,-0.057393182379954,0.0351273636242095
ENSG00000073169,SELENOO,-0.085668599925373,0.213248146719202
ENSG00000049323,LTBP1,-0.0437289314590159,0.284140761369166
ENSG00000139865,TTC6,-0.132385292481552,-0.096899419211933
ENSG00000167711,SERPINF2,0.47893384252512,0.194015879259166
ENSG00000183305,MAGEA2B,-0.22182922864672,-0.674688464249741
ENSG00000183864,TOB2,-0.041462951759193,-0.140689968063206
ENSG00000104951,IL4I1,-0.295314915202986,0.342181928836674
ENSG00000116161,CACYBP,0.145485877242507,-0.507507060565309
ENSG00000167525,PROCA1,0.32600736967924,-0.491905683228305
ENSG00000142661,MYOM3,-0.080614246925958,-0.0195648131003569
ENSG00000122376,SHLD2,-0.05729031973216,0.0187594871473977
ENSG00000129680,MAP7D3,0.225331345984892,-0.395453641200645
ENSG00000131174,COX7B,-0.0427912552819505,-0.00952567225173349
ENSG00000047579,DTNBP1,-0.135178662428375,-0.0127950126719658
ENSG00000205084,TMEM231,0.205416040713641,-0.444904678803873
ENSG00000171813,PWWP2B,-0.10248411401462,0.0159069876386853
ENSG00000184270,H2AC21,-0.074438157845631,-0.290791127540934
ENSG00000138686,BBS7,0.210907643911738,-0.203896135136516
ENSG00000174013,FBXO45,-0.078699560419381,0.033705153865734
ENSG00000214026,MRPL23,NA,NA
ENSG00000105676,ARMC6,-0.066860402798064,-0.0453505056733731
ENSG00000272533,SNORA28,0.396853249722955,-0.300996222238249
ENSG00000123975,CKS2,0.177605469430082,-0.610152975667499
ENSG00000217128,FNIP1,0.141188343774592,0.439898582681199
ENSG00000115211,EIF2B4,0.159637625211957,-0.069205090169602
ENSG00000177576,C18orf32,0.193089915984893,-0.208747710811506
ENSG00000152904,GGPS1,0.149191309057232,-0.0139112300644516
ENSG00000020633,RUNX3,0.252929277958373,-0.281572547374175
ENSG00000137288,UQCC2,-0.0452035591434475,-0.018918312153266
ENSG00000164684,ZNF704,0.165222415375758,0.0251082233160257
ENSG00000167280,ENGASE,0.142193610376906,0.127326176133268
ENSG00000170373,CST1,-0.056917651666526,0.167846548354578
ENSG00000168137,SETD5,0.108305794274198,0.186560102984311
ENSG00000101935,AMMECR1,0.143095741744612,-0.130160730256058
ENSG00000179104,TMTC2,0.147566151786343,0.179871217535822
ENSG00000083223,TUT7,0.131838026921957,0.0157617464919498
ENSG00000213676,ATF6B,-0.0439504098530349,0.0512978847032863
ENSG00000082258,CCNT2,-0.032437676897657,0.265940429659384
ENSG00000259295,LOC440300,0.256970838600641,0.0943427097810446
ENSG00000186765,FSCN2,-0.338222682151226,0.914122598450493
ENSG00000257727,CNPY2,0.137310032734963,-0.053319107389129
ENSG00000104983,CCDC61,0.281250208507686,-0.0420324156840367
ENSG00000206077,ZDHHC11B,0.311258459873879,0.270470651268201
ENSG00000133112,TPT1,-0.0174798799772598,-0.027353092908961
ENSG00000165113,GKAP1,0.287579980579828,-0.166837882681542
ENSG00000117862,TXNDC12,0.140094117626307,-0.198801701424214
ENSG00000159079,CFAP298,0.209891015910355,-0.122867411185599
ENSG00000131944,FAAP24,-0.12068902358535,-0.326088814357573
ENSG00000008128,CDK11A,0.233761173646531,0.336883838840186
ENSG00000254858,MPV17L2,-0.126838597327596,-0.154402571199568
ENSG00000144161,ZC3H8,-0.118404796085482,0.124915131824647
ENSG00000183199,HSP90AB3P,-0.151823182619909,-0.328283557419626
ENSG00000052126,PLEKHA5,0.164955553004552,-0.0135696460602986
ENSG00000136444,RSAD1,0.158513760503108,0.0791798024228475
ENSG00000169084,DHRSX,-0.052405545508557,0.259957385440526
ENSG00000245848,CEBPA,-0.120829278592147,-0.224375379429432
ENSG00000228409,CCT6P1,0.235652796730025,-0.0442341658438261
ENSG00000170677,SOCS6,0.12077316586129,0.27266450817128
ENSG00000007372,PAX6,0.406065516433638,-0.310050375362054
ENSG00000100731,PCNX1,0.111332209825359,0.0912229493629548
ENSG00000175198,PCCA,0.205086106424382,0.370329453081245
ENSG00000152582,SPEF2,0.277431499932696,0.127542731859788
ENSG00000077684,JADE1,0.120203807057374,0.147835475048225
ENSG00000130653,PNPLA7,0.357252529141429,0.994759810474474
ENSG00000198887,SMC5,0.144379366055193,-0.187905240352109
ENSG00000178401,DNAJC22,0.144221848306151,-0.051205904095178
ENSG00000132522,GPS2,-0.0336806986081809,0.122903872194676
ENSG00000211450,SELENOH,-0.067776930704904,-0.0478502326696407
ENSG00000204084,INPP5B,0.190298140388452,0.0991497648221199
ENSG00000225684,FAM225B,-0.396565434615422,-0.741940197123239
ENSG00000140943,MBTPS1,-0.0242266947603895,0.148049339936267
ENSG00000135655,USP15,0.131287798733414,0.131233803874093
ENSG00000115307,AUP1,-0.0132055236854131,-0.084854984503294
ENSG00000053770,AP5M1,0.148304127630286,0.0375296100570048
ENSG00000115486,GGCX,-0.020471533610176,0.0397568888832807
ENSG00000103061,SLC7A6OS,0.209629356497629,-0.0352310543275618
ENSG00000143443,C1orf56,0.269725065324331,0.0522805059900585
ENSG00000141664,ZCCHC2,-0.0277903914308386,0.174933300579961
ENSG00000269893,SNHG8,0.16230138015855,-0.163427561186924
ENSG00000135763,URB2,-0.047711624322763,0.0414407490699256
ENSG00000144504,ANKMY1,-0.059895424892453,0.167338985165818
ENSG00000137877,SPTBN5,-0.176449857584697,0.744158778301706
ENSG00000143093,STRIP1,0.140158475708129,0.210211846816502
ENSG00000108511,HOXB6,-0.090696150960554,0.230998388928211
ENSG00000104728,ARHGEF10,-0.0372808204432556,-0.0221691973441161
ENSG00000197081,IGF2R,-0.011099164479653,0.270956303475811
ENSG00000249378,LINC01060,-0.305287394191514,-0.149519042468428
ENSG00000128694,OSGEPL1,0.270510331101023,-0.162527735834738
ENSG00000128872,TMOD2,0.194501536169027,-0.271033078931154
ENSG00000169379,ARL13B,0.189551963252857,-0.104989155100109
ENSG00000088387,DOCK9,-0.0207580546016148,0.0973045352982911
ENSG00000138639,ARHGAP24,0.203201342477001,0.148433347737327
ENSG00000180861,LINC01559,0.473605767854937,0.183270491136931
ENSG00000123983,ACSL3,-0.0238003696672828,0.189540285651582
ENSG00000213693,SEC14L1P1,-0.2456453806892,0.168267041070996
ENSG00000076662,ICAM3,-0.261121517129538,-0.523079480838567
ENSG00000145908,ZNF300,0.227908260351556,-0.0108090904710631
ENSG00000184271,POU6F1,0.28155606286072,0.0985763923018137
ENSG00000229180,RABGEF1P1,0.390141950762571,-0.056950718870453
ENSG00000186350,RXRA,-0.0338273162064376,-0.124427387147945
ENSG00000107758,PPP3CB,-0.050976017448203,-0.0193458737013316
ENSG00000164190,NIPBL,0.111909493480976,0.0837011122565326
ENSG00000242193,CRYZL2P,0.1810229191305,0.336256274190718
ENSG00000196670,ZFP62,-0.068734941470354,-0.068586531839497
ENSG00000120896,SORBS3,0.157253530182448,-0.114286744710423
ENSG00000062716,VMP1,0.111150802006298,0.0977579865047041
ENSG00000215018,COL28A1,0.370533295707186,-0.348506977664495
ENSG00000078177,N4BP2,0.16709790192936,-0.0409233543753335
ENSG00000197114,ZGPAT,-0.082248499346935,0.0629905572367971
ENSG00000110328,GALNT18,-0.072433685637969,-0.221398045673299
ENSG00000149100,EIF3M,-0.0430733962699304,-0.085106907772782
ENSG00000151967,SCHIP1,-0.162859034540892,0.463131141869714
ENSG00000131089,ARHGEF9,0.160582990903475,-0.0184170419160114
ENSG00000155974,GRIP1,0.243334321116875,-0.0382330508090353
ENSG00000148154,UGCG,-0.058468051623583,0.19991553671141
ENSG00000256940,PPP1R14B-AS1,-0.216513557916718,-0.371906551676698
ENSG00000226887,ERVMER34-1,0.522753775463965,-0.740846785074416
ENSG00000143252,SDHC,-0.054696205625042,0.0853054261455951
ENSG00000166394,CYB5R2,0.409353625670445,0.106723259745053
ENSG00000075131,TIPIN,-0.109613394567993,-0.211668324014565
ENSG00000136451,VEZF1,-0.0155219220970657,0.0605581573015492
ENSG00000124523,SIRT5,0.200031586074335,0.126537151043062
ENSG00000169193,CCDC126,0.316580899341172,0.0759321277039282
ENSG00000142197,DOP1B,-0.077948700234321,-0.149632717960885
ENSG00000142459,EVI5L,0.252479434648491,0.339772400955044
ENSG00000072958,AP1M1,0.141608781174308,-0.052995463136355
ENSG00000146094,DOK3,0.299244644104255,0.186247520356693
ENSG00000141030,COPS3,-0.036627448918136,-0.095999241334418
ENSG00000138496,PARP9,-0.0068099696154156,0.136611812293887
ENSG00000141622,RNF165,0.353304548745144,-0.089941504934894
ENSG00000174238,PITPNA,0.129248840659313,-0.008200784830167
ENSG00000141446,ESCO1,0.176548701341369,0.120730628539177
ENSG00000100979,PLTP,-0.217528604509574,0.001512255170556
ENSG00000100483,VCPKMT,0.243683827328658,0.0313191616589448
ENSG00000171444,MCC,0.302905157891419,0.148105448473772
ENSG00000168214,RBPJ,-0.0213856349934484,-0.0101952752490254
ENSG00000285967,NIPBL-DT,-0.128265844926448,0.205252028204577
ENSG00000116120,FARSB,0.14671557495404,-0.071835455131153
ENSG00000037757,MRI1,0.218110197452293,-0.270519621344574
ENSG00000168259,DNAJC7,0.122676979342955,-0.0099118167685236
ENSG00000138175,ARL3,-0.099039283062061,-0.0189089514977715
ENSG00000030066,NUP160,-0.0332961810794536,-0.0084982612178723
ENSG00000131966,ACTR10,0.154157595957454,-0.0479698835339729
ENSG00000197461,PDGFA,-0.095621058687656,-0.0361797844053787
ENSG00000101004,NINL,0.134035219440459,0.26897440327191
ENSG00000133835,HSD17B4,0.12279515143487,0.120381668825967
ENSG00000099381,SETD1A,-0.0302551390813585,0.127253631294176
ENSG00000206337,HCP5,0.137275166775766,0.365648441000406
ENSG00000170604,IRF2BP1,-0.054274302272809,0.0727322989793127
ENSG00000198722,UNC13B,0.130989221955523,0.186503881712791
ENSG00000153914,SREK1,0.129465527904361,0.134625622821747
ENSG00000126003,PLAGL2,-0.0284227699858741,-0.014723751393217
ENSG00000151233,GXYLT1,-0.079746044623911,-0.114424573523366
ENSG00000100883,SRP54,0.128455983953252,0.0282992040690217
ENSG00000122085,MTERF4,-0.056114844544433,0.230154855407999
ENSG00000156587,UBE2L6,-0.0282683377452002,-0.0460423919201402
ENSG00000197977,ELOVL2,-0.070296096251574,-0.0191447654992201
ENSG00000108797,CNTNAP1,0.159895995312196,0.130956243623937
ENSG00000127220,ABHD8,0.276298275123263,0.350537138070209
ENSG00000006652,IFRD1,0.125191519436832,0.20862061792745
ENSG00000173436,MICOS10,-0.071956450580432,0.118529840922416
ENSG00000081059,TCF7,-0.086585105062423,-0.0480364640013951
ENSG00000135838,NPL,0.324789477045733,0.0545148083019776
ENSG00000225137,DYNC1I2P1,0.251684182501328,-0.496450145751893
ENSG00000166348,USP54,0.158408936811826,0.043356217216025
ENSG00000113593,PPWD1,0.162282550294889,-0.077598619649807
ENSG00000227906,SNAP25-AS1,0.454648488976358,0.421202888939376
ENSG00000126216,TUBGCP3,-0.052089103595235,-0.121591547212927
ENSG00000122692,SMU1,-0.0396583264461078,-0.070961260066582
ENSG00000167555,ZNF528,-0.166431649093662,-0.350845133340383
ENSG00000182359,KBTBD3,0.382384129084791,-0.257375777506513
ENSG00000180336,MEIOC,0.247640958042409,-0.364324728991996
ENSG00000214517,PPME1,-0.0408090294986255,-0.096056223615466
ENSG00000122592,HOXA7,0.450089031486814,-0.117702399891828
ENSG00000167461,RAB8A,0.150102805770384,-0.14535756195953
ENSG00000205643,CDPF1,0.259709916237478,-0.123841566657035
ENSG00000004487,KDM1A,0.115697269244492,-0.082855694656486
ENSG00000159593,NAE1,0.158039867906879,-0.061630745215472
ENSG00000163939,PBRM1,-0.050265850121936,-0.023386975872349
ENSG00000170293,CMTM8,0.273161037481229,0.0275692364359897
ENSG00000167895,TMC8,-0.180053634951805,0.582561055172631
ENSG00000141642,ELAC1,-0.198391598093678,0.471923028813505
ENSG00000269190,FBXO17,0.123551090860849,0.0930055336913383
ENSG00000100220,RTCB,-0.035413765403533,-7.90964827131965e-05
ENSG00000188763,FZD9,-0.323248404656594,0.305300187733025
ENSG00000236254,MTND4P14,-0.360233093938524,0.840318304321278
ENSG00000203791,EEF1AKMT2,0.196035100026906,-0.0068764840650862
ENSG00000124466,LYPD3,-0.299436285514744,-0.442485575792615
ENSG00000204682,MIR1915HG,0.175893509780162,-0.0019831301652797
ENSG00000184986,TMEM121,0.388984977104988,-0.444465124186501
ENSG00000164654,MIOS,-0.054987395983196,-0.110129708628681
ENSG00000168275,COA6,0.196320558507153,-0.207651744625122
ENSG00000277067,LOC102724843,-0.079983054023661,-0.057391394669449
ENSG00000214706,IFRD2,-0.063487540966583,0.0721500047333085
ENSG00000102780,DGKH,0.135069750693761,0.0627119187750818
ENSG00000175104,TRAF6,-0.060578381720288,0.166178800919247
ENSG00000067560,RHOA,-0.019871991622556,-0.08173545298519
ENSG00000112584,FAM120B,-0.055088658077898,0.280145189681852
ENSG00000167615,LENG8,0.14488871328531,0.386536523061159
ENSG00000122042,UBL3,0.204120268545948,0.208181632884866
ENSG00000139323,POC1B,0.151109615371238,0.37724567400215
ENSG00000101868,POLA1,-0.0318280895253572,-0.109549897855236
ENSG00000148090,AUH,0.239764058963804,0.282795768393465
ENSG00000108515,ENO3,-0.07253839958335,0.378413457898534
ENSG00000204186,ZDBF2,0.142354667445614,0.130617885051231
ENSG00000166347,CYB5A,0.136100084358311,0.0949208656934291
ENSG00000119650,IFT43,0.204904324853521,0.274351760128779
ENSG00000115604,IL18R1,-0.213613927294375,0.145167453085337
ENSG00000183250,LINC01547,-0.147859220579812,0.405743892343379
ENSG00000072803,FBXW11,0.121856695526553,0.0117370202843065
ENSG00000183508,TENT5C,-0.284409022362153,0.03486915787544
ENSG00000203999,LINC01270,-0.23160425472076,0.550461442448341
ENSG00000065427,KARS1,-0.0071469334642987,-0.184028164526978
ENSG00000166855,CLPX,0.138628366989615,-0.0430371378652066
ENSG00000135930,EIF4E2,-0.0205375815671934,-0.082360177894807
ENSG00000012779,ALOX5,-0.276690887741016,0.275231449353747
ENSG00000126822,PLEKHG3,0.129721071669876,0.0795054729949987
ENSG00000168300,PCMTD1,0.154409331377507,0.193728435121051
ENSG00000154370,TRIM11,-0.0367603295898605,-0.122655404398482
ENSG00000149798,CDC42EP2,-0.399174708929394,0.204994411154084
ENSG00000002822,MAD1L1,0.15808512986148,-0.103287765329948
ENSG00000115255,REEP6,-0.23432800217493,-0.121391067487055
ENSG00000119487,MAPKAP1,-0.0368613049604456,0.042421184909809
ENSG00000162769,FLVCR1,-0.055241792806426,-0.021935768926409
ENSG00000133731,IMPA1,-0.064060940008826,0.238154045206874
ENSG00000118515,SGK1,0.134276849025499,0.39563540092583
ENSG00000164983,TMEM65,-0.0419941288253575,0.227750229750589
ENSG00000170191,NANP,-0.069761015930383,0.111617079085112
ENSG00000133983,COX16,0.184162000411418,-0.264262064146699
ENSG00000100867,DHRS2,-0.0274665782157854,-0.359438118972426
ENSG00000169814,BTD,-0.063884843339538,-0.00056760267204129
ENSG00000142627,EPHA2,0.133993147372045,0.460885683285533
ENSG00000152409,JMY,0.168580601459124,0.354629367585789
ENSG00000130881,LRP3,-0.0433962144903355,0.0457477822157469
ENSG00000130475,FCHO1,0.228239559399883,-0.270862092585669
ENSG00000138303,ASCC1,0.132836774334378,0.0887550113324733
ENSG00000125741,OPA3,-0.0295156888242675,0.0493217787342123
ENSG00000226180,LOC100129215,0.378160228087936,-0.063017634387273
ENSG00000196588,MRTFA,-0.0217819598542765,0.0760006784290158
ENSG00000105379,ETFB,-0.053321197487283,-0.055425393253589
ENSG00000061656,SPAG4,-0.174459392254397,0.268429802599666
ENSG00000101017,CD40,-0.12896346596486,-0.052977248410313
ENSG00000234494,SP2-AS1,-0.923153648240051,0.808836641081713
ENSG00000179698,WDR97,0.431026410583875,0.831576025199514
ENSG00000101109,STK4,0.122249226773541,0.15348718189009
ENSG00000118579,MED28,0.132113244342523,0.0590656271048823
ENSG00000164754,RAD21,0.112811772401162,-0.187887929383262
ENSG00000274020,LINC01138,0.184168881620135,0.0889789252978603
ENSG00000116679,IVNS1ABP,0.125540183049739,0.0506128603287439
ENSG00000164056,SPRY1,0.269364943795724,0.27121205689174
ENSG00000166452,AKIP1,0.183021706984773,-0.074064052651992
ENSG00000166598,HSP90B1,0.109347811815923,-0.108794929148411
ENSG00000182095,TNRC18,-0.0100602545769285,0.272322718730881
ENSG00000198746,GPATCH3,-0.101704977391778,0.075240467659007
ENSG00000189306,RRP7A,-0.0242017642460654,-0.104193065968796
ENSG00000141338,ABCA8,-0.308879390905241,0.793700351982546
ENSG00000172992,DCAKD,-0.060900003178683,-0.108870011554456
ENSG00000143162,CREG1,-0.0342419269595007,-0.041226015821065
ENSG00000176531,PHLDB3,0.22720203141278,0.105112300222645
ENSG00000123415,SMUG1,-0.059169648587468,0.208197971127419
ENSG00000169297,NR0B1,-0.110502046874611,-0.402551878898184
ENSG00000154359,LONRF1,0.242479520652374,-0.266023031050968
ENSG00000100320,RBFOX2,-0.0131334155886093,0.0246356321918748
ENSG00000182141,ZNF708,0.277940159823391,0.0065216966332313
ENSG00000101882,NKAP,0.197233035175392,-0.086392651817918
ENSG00000160305,DIP2A,0.140650178361595,0.102776322286139
ENSG00000151552,QDPR,-0.07497314299495,0.0481178477838907
ENSG00000204962,PCDHA8,0.351231185014583,-0.292005937150373
ENSG00000160233,LRRC3,-0.170296135736938,-0.330007422350134
ENSG00000198931,APRT,-0.0410294023731724,-0.082262193815259
ENSG00000241119,UGT1A9,-0.076250061050996,0.476371279917601
ENSG00000108055,SMC3,0.133829038155951,-0.117755743777034
ENSG00000179841,AKAP5,0.531401216800369,0.523513257990937
ENSG00000114796,KLHL24,0.212714081084835,0.61839865084279
ENSG00000155903,RASA2,0.169070649281601,0.090230342250213
ENSG00000141294,LRRC46,-0.342321491206023,0.370712880830158
ENSG00000075790,BCAP29,-0.349962160573403,-0.316166877850271
ENSG00000106484,MEST,0.147386004537412,-0.0319563208043114
ENSG00000263002,ZNF234,0.214553759809298,0.13099053740464
ENSG00000164442,CITED2,-0.076289856759458,0.550536811817142
ENSG00000196505,GDAP2,0.1444785426096,0.148929105610671
ENSG00000280587,LINC01348,0.232180281019684,0.320469236624535
ENSG00000284874,SEPT5-GP1BB,-0.377342675058571,0.598833128576675
ENSG00000135482,ZC3H10,-0.078370633200759,-0.05184020596696
ENSG00000156873,PHKG2,0.165192764176424,0.0652785200238868
ENSG00000035664,DAPK2,0.266735476709858,0.0039948200237293
ENSG00000166595,CIAO2B,-0.0408126584701791,0.050877832709377
ENSG00000124702,KLHDC3,0.15124534776402,0.005432599161736
ENSG00000169627,BOLA2,NA,NA
ENSG00000152558,TMEM123,-0.015169420110296,-0.0472953240961125
ENSG00000175893,ZDHHC21,0.159282180920274,0.144405603352046
ENSG00000072062,PRKACA,0.152678870704862,-0.178961479019301
ENSG00000106993,CDC37L1,0.18657853096467,-0.102177926794507
ENSG00000008382,MPND,-0.185305139080974,-0.096695412227775
ENSG00000067596,DHX8,-0.0110506956504198,0.0606707951257835
ENSG00000100814,CCNB1IP1,0.146563173093917,0.172339877418317
ENSG00000048707,VPS13D,0.122470282908083,0.111958699545507
ENSG00000137563,GGH,0.173229908434716,-0.249684645782265
ENSG00000174132,FAM174A,0.261815851444868,0.0672329603790628
ENSG00000204261,PSMB8-AS1,-0.178218491427516,0.05437394516865
ENSG00000018510,AGPS,-0.0250930232130533,0.100425437314142
ENSG00000100811,YY1,-0.02166750274061,0.00164550456115131
ENSG00000215301,DDX3X,-0.0034690077462548,0.12815800163515
ENSG00000101928,MOSPD1,0.218705531369371,0.167904321005624
ENSG00000143570,SLC39A1,-0.00914990089654059,-0.147446463333323
ENSG00000075539,FRYL,-0.0261438325555707,-0.0136402879094165
ENSG00000205593,DENND6B,0.284031715548377,0.405383873854755
ENSG00000205726,ITSN1,0.130915667931097,0.0729739619438602
ENSG00000135334,AKIRIN2,0.157630389003319,-0.076039876327408
ENSG00000160392,C19orf47,-0.052437442423868,-0.156929830706695
ENSG00000089775,ZBTB25,0.152727165091064,0.0746779097672955
ENSG00000142534,RPS11,0.119008969680886,-0.097797640303543
ENSG00000076716,GPC4,-0.194482583473088,-0.699983191339259
ENSG00000064419,TNPO3,-0.0240912204764903,0.0589798331060524
ENSG00000044090,CUL7,-0.0459948362193407,0.219751401841028
ENSG00000112031,MTRF1L,0.168344205884912,0.0979100862578471
ENSG00000134779,TPGS2,-0.0392047246850064,-0.172586468174287
ENSG00000124614,RPS10,-0.0312205104150491,-0.105197913263999
ENSG00000112367,FIG4,0.171235688515959,0.0294174217585921
ENSG00000149357,LAMTOR1,-0.0393876323892165,-0.067735050214623
ENSG00000160695,VPS11,-0.066713442221179,0.259782033018589
ENSG00000164099,PRSS12,0.40118716746126,0.132804905920091
ENSG00000158545,ZC3H18,-0.027206790529474,-0.123193066908333
ENSG00000164199,ADGRV1,0.393513171899224,0.228238743734565
ENSG00000139112,GABARAPL1,-0.066772583877943,0.31875535943136
ENSG00000088832,FKBP1A,-0.00874140803574799,-0.155106369208467
ENSG00000135519,KCNH3,0.419489506476986,0.503030765528283
ENSG00000204435,CSNK2B,-0.0291496988630213,0.118502165699519
ENSG00000165757,JCAD,-0.09488179616479,-0.092890670989871
ENSG00000258056,CD63-AS1,-0.207912836398548,0.0354653019312414
ENSG00000074582,BCS1L,-0.053517643975985,0.0164327924432911
ENSG00000254389,RHPN1-AS1,0.406288974041504,-0.109902736753658
ENSG00000234797,RPS3AP6,-0.167539227780838,0.0403330600868405
ENSG00000166289,PLEKHF1,0.267337250610115,-0.057509077796792
ENSG00000130414,NDUFA10,0.11270893320159,0.0474943133665679
ENSG00000197296,FITM2,-0.076028991957263,0.130130263577865
ENSG00000147586,MRPS28,0.218964305877551,-0.283835658676297
ENSG00000146426,TIAM2,-0.141044492387306,0.0209092380525025
ENSG00000125356,NDUFA1,0.171292521485333,-0.228371739704965
ENSG00000164867,NOS3,0.49653244232208,-0.355497234131262
ENSG00000037280,FLT4,0.328514847621248,0.199741902134514
ENSG00000103226,NOMO3,-0.0441276384382934,0.153909200316534
ENSG00000006007,GDE1,0.135874835771784,0.0112387784794049
ENSG00000174744,BRMS1,-0.0377821538963637,-0.148591918235766
ENSG00000177302,TOP3A,-0.0225848362940383,-0.0282793932513974
ENSG00000008130,NADK,-0.03726889759294,0.199413075723474
ENSG00000180901,KCTD2,-0.0454883149088274,-0.0058274018382597
ENSG00000264920,SP2-DT,0.462937629656407,-0.156416063702329
ENSG00000176046,NUPR1,0.268092393380568,0.457814586814466
ENSG00000099860,GADD45B,-0.089675635807512,0.365404241433068
ENSG00000167065,DUSP18,-0.126716072529688,0.0164776601408077
ENSG00000170348,TMED10,-0.0071510501754522,0.075284992560521
ENSG00000213886,UBD,-0.125536048827115,-0.304071289413181
ENSG00000213079,SCAF8,-0.0295876348708405,0.139006783778049
ENSG00000196968,FUT11,-0.060582018045438,0.0967518223766041
ENSG00000141424,SLC39A6,-0.040734705225952,-0.0246636775799784
ENSG00000143458,GABPB2,-0.087640626989074,-0.174316575109658
ENSG00000196387,ZNF140,0.271585949334846,0.188381243579311
ENSG00000113811,SELENOK,-0.0937916843903,-0.231530002634783
ENSG00000178115,GOLGA8Q,NA,NA
ENSG00000149257,SERPINH1,-0.0079076090301862,-0.452398470027738
ENSG00000153898,MCOLN2,0.311456305855916,0.0148884528349195
ENSG00000161654,LSM12,-0.0534499611111,-0.0343434547048584
ENSG00000168924,LETM1,-0.02652950928366,-0.100580479231268
ENSG00000155755,TMEM237,-0.066349036474538,-0.074693692979041
ENSG00000088035,ALG6,-0.123801961270856,0.0583182874960586
ENSG00000119927,GPAM,-0.051705514776911,0.329842876876543
ENSG00000198937,CCDC167,-0.167155920831903,0.172694102331609
ENSG00000187583,PLEKHN1,-0.117337296630158,-0.0445736633275084
ENSG00000139343,SNRPF,0.150176225905173,-0.365321960244126
ENSG00000082458,DLG3,0.160308370160416,-0.190253953959531
ENSG00000143416,SELENBP1,0.172231178437959,0.629134488530904
ENSG00000169062,UPF3A,0.154049617661573,-0.093313182090798
ENSG00000225434,LINC01504,0.232235062576366,0.0948082412657815
ENSG00000173281,PPP1R3B,-0.081894530427103,0.491947182013326
ENSG00000140259,MFAP1,0.158673330734567,-0.078269818777619
ENSG00000103202,NME4,-0.0230505683823083,0.102062489143739
ENSG00000138594,TMOD3,NA,NA
ENSG00000197299,BLM,-0.0372246132402896,-0.452076195622868
ENSG00000163026,WDCP,-0.058236795550138,-0.0399307855901621
ENSG00000065548,ZC3H15,0.137361635786066,-0.171278231522188
ENSG00000131023,LATS1,-0.0315710489842833,0.134974210953915
ENSG00000071205,ARHGAP10,-0.093713383129371,-0.11142754405643
ENSG00000124508,BTN2A2,0.205563681038698,0.0013878629053638
ENSG00000123728,RAP2C,-0.0362345121590009,0.109208739931363
ENSG00000143294,PRCC,-0.0173527141675716,0.0241841460250544
ENSG00000238005,LNCATV,0.411447592993394,-0.188457925017829
ENSG00000182568,SATB1,-0.347044631667969,-0.436034651436428
ENSG00000181458,TMEM45A,-0.158138324501989,0.362655512751849
ENSG00000164532,TBX20,-0.142915656540416,-0.488781786212887
ENSG00000139154,AEBP2,0.169497475778766,-0.00088372342391939
ENSG00000091640,SPAG7,-0.077358568188616,-0.068548777597284
ENSG00000186566,GPATCH8,0.115941317939245,0.136705207568122
ENSG00000163995,ABLIM2,-0.179006195511034,0.921667758907449
ENSG00000170667,RASA4B,0.249498046732927,0.751628085406602
ENSG00000188818,ZDHHC11,-0.08832910992918,0.325307370499151
ENSG00000121152,NCAPH,-0.0399166255209574,-0.393185440193393
ENSG00000051825,MPHOSPH9,0.129306660979815,-0.143796943464775
ENSG00000109501,WFS1,-0.049572202235586,0.167192138631112
ENSG00000133858,ZFC3H1,0.130191937224521,-0.0190204127510999
ENSG00000106400,ZNHIT1,-0.058504024082184,0.0461123483365012
ENSG00000182022,CHST15,-0.0508475282189,0.0827637657162003
ENSG00000169918,OTUD7A,-0.223186036210146,0.219056243984674
ENSG00000065457,ADAT1,-0.0254602334963459,0.0454785734632726
ENSG00000213096,ZNF254,0.169395387527602,-0.00430038895426429
ENSG00000278189,RNA5-8SN1,0.451595980179387,-0.053596157725525
ENSG00000084444,FAM234B,0.191521231754733,0.177678674384048
ENSG00000173818,ENDOV,0.199102905737422,0.416966119699308
ENSG00000285230,RALY-AS1,-0.132159202333355,-0.164415979726142
ENSG00000131263,RLIM,0.114935449971129,0.0353414924113205
ENSG00000109472,CPE,-0.074746298087983,0.0453940493171773
ENSG00000223768,LINC00205,0.155594080513977,0.243404200914238
ENSG00000040531,CTNS,0.200009930480697,0.127439050381693
ENSG00000168734,PKIG,0.208698269989395,0.0995539417942945
ENSG00000170523,KRT83,-0.209405105550457,0.390110970867393
ENSG00000104695,PPP2CB,-0.0230090880078533,0.0519943223976012
ENSG00000157927,RADIL,-0.305196426815401,-0.287088464965899
ENSG00000232040,ZBED9,0.234542199279557,-0.0326067293881287
ENSG00000171159,BBLN,-0.159083850443694,0.12769057992587
ENSG00000166135,HIF1AN,-0.0215272738519768,0.0782795633814843
ENSG00000123607,TTC21B,0.144230252306643,-0.105366275527201
ENSG00000132669,RIN2,-0.0269473714146853,0.283950782606092
ENSG00000086475,SEPHS1,-0.0313173374375688,-0.17208284351004
ENSG00000212443,SNORA53,0.419579156911615,-0.432835488040398
ENSG00000089220,PEBP1,-0.0162572357945277,-0.110855638629079
ENSG00000102699,PARP4,-0.007019923555203,0.0064590460817465
ENSG00000167920,KRT10-AS1,-0.132465425888932,-0.0313401060807537
ENSG00000173542,MOB1B,0.160424810481616,-0.0245993647357026
ENSG00000158315,RHBDL2,0.380037578872337,-0.0423448052482488
ENSG00000154429,CCSAP,-0.082992222553919,-0.178804171027113
ENSG00000175387,SMAD2,0.106192210416599,0.358380354905572
ENSG00000185101,ANO9,0.458959887838431,0.481342518673588
ENSG00000147649,MTDH,0.117756476750593,-0.0168155486599323
ENSG00000145041,DCAF1,-0.0339460263326256,-0.0044489147682099
ENSG00000188158,NHS,-0.0342050755416991,0.194552428234055
ENSG00000205209,SCGB2B2,-0.300932640341441,0.536619318723867
ENSG00000187185,LOC388282,0.197014691422344,0.535886067837857
ENSG00000107625,DDX50,0.151731429505,-0.0367120284592337
ENSG00000100991,TRPC4AP,-0.0236745662836765,0.124942190466814
ENSG00000139508,SLC46A3,0.267612447039874,0.16624166480982
ENSG00000019485,PRDM11,-0.0474175078524776,0.0890865108357757
ENSG00000197321,SVIL,0.120925259426019,0.232490509896607
ENSG00000117411,B4GALT2,-0.0483130773307745,-0.074745408369978
ENSG00000205413,SAMD9,-0.0147927479079181,0.189016155494939
ENSG00000179348,GATA2,0.286758423469126,-0.633115343585257
ENSG00000181790,ADGRB1,-0.253922406215318,0.536713012467204
ENSG00000137776,SLTM,0.116306288082108,-0.077676026713703
ENSG00000005469,CROT,0.203674750806032,-0.075948761900948
ENSG00000086015,MAST2,-0.0262340191331965,-0.0006933116615234
ENSG00000188612,SUMO2,-0.017140217119268,-0.104920395598323
ENSG00000143061,IGSF3,-0.0160905452673551,0.0492854083884188
ENSG00000079805,DNM2,0.117635421980452,0.144946031852292
ENSG00000141314,RHBDL3,0.216578510434378,-0.104975320896025
ENSG00000148339,SLC25A25,0.168311355917722,0.0205755605743863
ENSG00000132170,PPARG,0.139040522542012,0.292349146907881
ENSG00000196353,CPNE4,-0.132537833905154,0.234538102276361
ENSG00000177548,RABEP2,-0.083961733416237,0.0077448992352866
ENSG00000152763,DNAI4,0.36548412142673,-0.0023630595977745
ENSG00000159167,STC1,0.161434310375695,1.12298941252683
ENSG00000218739,CEBPZOS,0.152605443008033,-0.017542308819347
ENSG00000154493,C10orf90,-0.144063826506131,-0.0412678521994146
ENSG00000174886,NDUFA11,-0.0443071611663327,-0.076474106491983
ENSG00000137809,ITGA11,-0.09045679982287,0.0964112559609991
ENSG00000183072,NKX2-5,0.262023409885981,-0.296681122950943
ENSG00000236830,CBR3-AS1,0.411710407090136,-0.166621095093645
ENSG00000142675,CNKSR1,-0.273958347175422,-0.071967867283692
ENSG00000186792,HYAL3,0.300306944516105,0.183799253980413
ENSG00000173267,SNCG,-0.124344467557683,-0.172022856056549
ENSG00000197043,ANXA6,-0.0478201391815998,0.036420379914493
ENSG00000204525,HLA-C,-0.0033270356062793,0.0105328332687828
ENSG00000219200,RNASEK,0.174100993604033,-0.155518641593815
ENSG00000068438,FTSJ1,-0.0361528608049339,0.0067510117116182
ENSG00000162545,CAMK2N1,0.123902312539685,0.331369562599343
ENSG00000165879,FRAT1,-0.349431040469751,0.0471185614492479
ENSG00000205339,IPO7,-0.0171757974011228,-0.079243935213893
ENSG00000075399,VPS9D1,-0.146140726527481,0.57277422631423
ENSG00000146054,TRIM7,0.18336647323486,-0.081069297299324
ENSG00000106460,TMEM106B,0.13587012281847,0.284761356492663
ENSG00000256525,POLG2,0.150135108529047,0.0211004527159303
ENSG00000020426,MNAT1,0.173596835133109,0.0046672661639029
ENSG00000133612,AGAP3,-0.021357586809101,-0.0454225239919106
ENSG00000143367,TUFT1,-0.051938835028515,0.0145284950705018
ENSG00000111652,COPS7A,-0.0423752902138284,-0.0350308303725344
ENSG00000115239,ASB3,NA,NA
ENSG00000148498,PARD3,-0.011194908788846,0.18721204767363
ENSG00000033327,GAB2,0.227438117076366,0.174854933970759
ENSG00000144791,LIMD1,-0.0203015075200309,0.150544196756408
ENSG00000158062,UBXN11,-0.083259380788106,0.210225588322231
ENSG00000155034,FBXL18,-0.020143085452264,0.097531887668035
ENSG00000058673,ZC3H11A,0.826539612647218,0.576770514519906
ENSG00000090060,PAPOLA,0.113529279258533,0.0422204049395026
ENSG00000159733,ZFYVE28,0.243099923327342,0.306152780979109
ENSG00000135637,CCDC142,-0.0498640642690201,0.240456477858767
ENSG00000068078,FGFR3,0.303913626531058,-0.072384817933494
ENSG00000112699,GMDS,-0.084913224613604,0.388768317658665
ENSG00000007541,PIGQ,0.140116109918529,0.411676454315775
ENSG00000125952,MAX,-0.0283508691194247,-0.100738607999931
ENSG00000156265,MAP3K7CL,0.291682311314808,-0.0357573017432191
ENSG00000162430,SELENON,-0.0189265674880493,-0.065009039485042
ENSG00000005059,MCUB,-0.078820880406066,-0.240539957978984
ENSG00000115274,INO80B,0.190392520867716,0.108565929036662
ENSG00000101457,DNTTIP1,0.171528339124652,-0.295176691171037
ENSG00000147905,ZCCHC7,0.148093857190919,-0.0108090608985735
ENSG00000122483,CCDC18,0.215764950978853,-0.163193690871394
ENSG00000116918,TSNAX,0.156956371636098,0.0596475588942331
ENSG00000196834,POTEI,0.424540601520549,0.363323418601898
ENSG00000106086,PLEKHA8,0.152844257183497,0.0613812684651737
ENSG00000169249,ZRSR2,0.202072159546721,0.0752282723147722
ENSG00000112685,EXOC2,0.138357501970691,0.032047546496356
ENSG00000060688,SNRNP40,-0.0259536898460343,-0.189432773969276
ENSG00000276293,PIP4K2B,-0.0102362608944517,-0.14663624714525
ENSG00000080854,IGSF9B,0.212759647555487,-0.242835738260463
ENSG00000134107,BHLHE40,-0.0104489861790088,0.309951869908991
ENSG00000128791,TWSG1,-0.075273865930032,0.0298861718062341
ENSG00000110721,CHKA,0.141694047140342,0.00240060717364241
ENSG00000244687,UBE2V1,0.266555574284884,-0.054118737746385
ENSG00000215022,LOC100130357,0.422131682237062,0.715209940593718
ENSG00000181019,NQO1,-0.0220078789040695,-0.169376111421388
ENSG00000186889,TMEM17,-0.199605186714415,0.28420870127382
ENSG00000160741,CRTC2,0.149998301323308,-0.057002629273145
ENSG00000115325,DOK1,0.262837071414699,-0.247079461008667
ENSG00000264247,ZNF407-AS1,-0.165648671331136,0.136563869205513
ENSG00000157625,TAB3,0.131450141546853,0.127047589698478
ENSG00000198758,EPS8L3,0.224194126454453,0.483405770557299
ENSG00000121005,CRISPLD1,-0.30442580821836,0.208608469561684
ENSG00000213199,ASIC3,-0.181487048294119,0.737303885181908
ENSG00000031691,CENPQ,-0.142937922998758,-0.137240835123857
ENSG00000253210,DENND3-AS1,-0.298185697997858,0.0971844335740295
ENSG00000156171,DRAM2,0.151624066825196,-0.0484228425458456
ENSG00000104884,ERCC2,0.162521895972027,0.152341865668805
ENSG00000197714,ZNF460,-0.0201108661963054,0.0612377801095466
ENSG00000258708,SLC25A21-AS1,-0.293462402159088,0.235092373750223
ENSG00000197302,KRBOX5,0.163120433065515,0.0485790365479099
ENSG00000188761,BCL2L15,0.222277098893926,0.405526108306757
ENSG00000133872,SARAF,-0.0104233955071178,0.045085240454467
ENSG00000057657,PRDM1,0.170216857043949,0.18587031334656
ENSG00000156345,CDK20,0.241271725100229,0.0983995524564243
ENSG00000187607,ZNF286A,0.141407184938729,-0.15601731557475
ENSG00000187164,SHTN1,0.11686140726456,0.0901731535618842
ENSG00000049769,PPP1R3F,0.230407537454303,0.246524459234355
ENSG00000129219,PLD2,0.168171477303938,0.0797189626013226
ENSG00000041353,RAB27B,-0.0383172718928129,0.172825722828637
ENSG00000139826,ABHD13,-0.068990717344727,0.238041603785736
ENSG00000131558,EXOC4,0.114408713731925,0.238665576180104
ENSG00000116497,S100PBP,-0.0325156924825899,0.0467540976059579
ENSG00000265692,LINC01970,0.450272805530044,0.0047967179270762
ENSG00000140525,FANCI,-0.0261461849053595,-0.255447892483813
ENSG00000270194,GOLGA4-AS1,0.397060748253745,-0.0341781470680062
ENSG00000118363,SPCS2,-0.252628082372993,-0.262332647507835
ENSG00000118260,CREB1,-0.0242763857890026,0.143751041076149
ENSG00000166896,ATP23,0.312416452254145,0.0831995626858352
ENSG00000143376,SNX27,0.112545061289378,-0.063907393720978
ENSG00000232434,AJM1,-0.128375919575177,0.194690971727597
ENSG00000238197,PAXBP1-AS1,-0.436150191707751,0.553395597805668
ENSG00000229132,EIF4A1P10,-0.077010373520275,-0.097655665651635
ENSG00000170322,NFRKB,-0.0420021556209981,0.0865955185128419
ENSG00000185730,ZNF696,-0.099929811589576,0.185840235621549
ENSG00000132661,NXT1,-0.0486701340294477,-0.205904512593721
ENSG00000164402,SEPTIN8,0.133549908521073,-0.113546387326809
ENSG00000101974,ATP11C,0.131729489389998,-0.068266221739348
ENSG00000168813,ZNF507,-0.0140250138012831,0.0958958929777293
ENSG00000181982,CCDC149,-0.143213679850198,0.0710256020537204
ENSG00000186432,KPNA4,-0.0230769890315525,0.0215015894818911
ENSG00000196187,TMEM63A,0.130956480321174,0.21142175389127
ENSG00000160124,MIX23,0.247801334824058,-0.474626047298529
ENSG00000152147,GEMIN6,-0.062174057533649,-0.295337392520713
ENSG00000107020,PLGRKT,0.246903700880744,-0.057155558846597
ENSG00000004142,POLDIP2,-0.0179176474376001,0.0903015125033756
ENSG00000077463,SIRT6,0.16449294891061,0.153467331692947
ENSG00000163389,POGLUT1,0.147475352789219,0.117895038689498
ENSG00000281026,N4BP2L2-IT2,0.204141098099396,0.326199414254015
ENSG00000168301,KCTD6,0.212369771719905,-0.13066264538995
ENSG00000244122,UGT1A7,-0.0274733181837485,0.240970578874534
ENSG00000145391,SETD7,NA,NA
ENSG00000138670,RASGEF1B,-0.263751273785449,0.390997051969442
ENSG00000243156,MICAL3,-0.0412930079389032,0.0718442307129986
ENSG00000163918,RFC4,-0.054644156178589,-0.151937778771222
ENSG00000138792,ENPEP,-0.288846652718659,0.0808251901864883
ENSG00000181754,AMIGO1,0.386600917689907,0.305804243778501
ENSG00000124383,MPHOSPH10,0.143226250735175,-0.166270502099771
ENSG00000171469,ZNF561,-0.056628018653275,0.0589070222426954
ENSG00000144224,UBXN4,0.112768773828331,0.092495767261814
ENSG00000063601,MTMR1,-0.0363283265839872,0.18347713267829
ENSG00000198331,HYLS1,-0.068164433231947,-0.274416359893459
ENSG00000103876,FAH,-0.050466336129857,-0.140716581855351
ENSG00000265787,CYP4F35P,0.251567273867712,0.535782824868718
ENSG00000101333,PLCB4,-0.053230367109315,0.165171608840405
ENSG00000173137,ADCK5,-0.109286396462158,0.209420840484233
ENSG00000198121,LPAR1,-0.0363905891279102,0.101334229051008
ENSG00000233621,ZC3H12A-DT,0.194072576606147,0.482771902452497
ENSG00000184220,CMSS1,0.152965521575205,-0.19766676731031
ENSG00000151692,RNF144A,-0.055114869881748,-0.158102313222813
ENSG00000157184,CPT2,-0.070859494627451,0.0561594847867062
ENSG00000106771,TMEM245,-0.0119217851458188,0.0497160995074952
ENSG00000109066,TMEM104,-0.0282625553265766,0.0261011570214259
ENSG00000145247,OCIAD2,0.133414551333746,-0.14907045153358
ENSG00000154710,RABGEF1,0.142180004590009,0.124910445379523
ENSG00000164342,TLR3,-0.065261392746939,0.0838821663808654
ENSG00000060069,CTDP1,-0.0461915584370814,0.0236910029302044
ENSG00000101193,GID8,-0.0323890877886796,0.0327202827962889
ENSG00000108262,GIT1,-0.0256373829247937,-0.153383944270166
ENSG00000247240,UBL7-DT,0.308060344120651,-0.747041397990601
ENSG00000102401,ARMCX3,0.157632279654335,0.102903061788761
ENSG00000122729,ACO1,0.134010365368306,0.195485986387216
ENSG00000117682,DHDDS,-0.038394153846471,0.0096542583579843
ENSG00000153046,CDYL,-0.0321136159071668,0.0327317449341189
ENSG00000174106,LEMD3,-0.0457298067811579,0.0494262886912392
ENSG00000223705,NSUN5P1,0.172828637133802,0.478735499841561
ENSG00000185903,OR11N1P,0.433965760599035,0.384382533443172
ENSG00000167522,ANKRD11,0.119393021145627,0.25492183750345
ENSG00000124574,ABCC10,0.136046880667575,0.228224072364141
ENSG00000182648,RNF32-DT,-0.136336021235679,0.32359288760122
ENSG00000169684,CHRNA5,0.140158655479307,-0.309165921448278
ENSG00000130764,LRRC47,-0.0260563335420462,-0.051390473670681
ENSG00000100714,MTHFD1,-0.0156739719913526,-0.0383029523172361
ENSG00000060558,GNA15,-0.309419442314979,0.208805144423638
ENSG00000165630,PRPF18,0.170602776777054,0.142803226289822
ENSG00000179151,EDC3,-0.0332239055882828,-0.0039448861342651
ENSG00000171824,EXOSC10,-0.0278522573216646,0.0308081295094601
ENSG00000175040,CHST2,-0.229750518208273,0.122871948354299
ENSG00000109083,IFT20,0.193393773449976,0.0991618812551265
ENSG00000160058,BSDC1,0.129547034901814,0.0679637445198453
ENSG00000071189,SNX13,0.12494837858066,0.161179334605562
ENSG00000083290,ULK2,-0.0371908161402304,0.0018797450545324
ENSG00000011021,CLCN6,-0.06008702620703,0.311072246714093
ENSG00000091542,ALKBH5,-0.0241076723109862,0.0287487511397394
ENSG00000186162,CIDECP1,0.201393901001236,-0.0432941724473531
ENSG00000170153,RNF150,0.414769869826848,0.433628423237495
ENSG00000127554,GFER,-0.0438779880264111,-0.106011284483168
ENSG00000186812,ZNF397,-0.068032907472514,0.0973077323349681
ENSG00000155959,VBP1,0.168325136226029,-0.214939631828136
ENSG00000126756,UXT,-0.0444754089681663,-0.056744906722718
ENSG00000174444,RPL4,-0.0048037873459351,-0.169357766555812
ENSG00000113761,ZNF346,0.147515426344567,0.0828031919341793
ENSG00000171451,DSEL,-0.304606705559815,-0.366950456574088
ENSG00000138463,SLC49A4,0.162340658384256,0.100721141419146
ENSG00000134569,LRP4,0.157423626685414,-0.178267113217288
ENSG00000138769,CDKL2,0.402871402801802,-0.099649858192584
ENSG00000237550,RPL9P8,0.132172328957418,-0.205376146024528
ENSG00000132153,DHX30,-0.0187704203374689,0.0825090705693803
ENSG00000224470,ATXN1L,-0.0216617169721963,0.0367159661244557
ENSG00000123268,ATF1,-0.053431734199365,0.327707741566521
ENSG00000172531,PPP1CA,0.136602904794747,-0.224984848759435
ENSG00000081386,ZNF510,0.156490026130735,0.0054719255431706
ENSG00000050748,MAPK9,0.127497508399311,0.0383871447535674
ENSG00000203799,CCDC162P,0.267304453952672,0.256739694430991
ENSG00000141101,NOB1,-0.0212936104457747,0.0403942690832549
ENSG00000165698,SPACA9,-0.240733103895117,0.127026430370626
ENSG00000204869,IGFL4,0.797593400519999,1.0993892401479
ENSG00000107099,DOCK8,-0.280789888578406,0.879419178584275
ENSG00000163913,IFT122,0.140522390768337,0.148672768766294
ENSG00000088808,PPP1R13B,0.17677590052311,-0.129984247288716
ENSG00000145536,ADAMTS16,-0.212800344954573,-0.25754862264846
ENSG00000148606,POLR3A,-0.0199217404607999,0.033952621541256
ENSG00000168256,NKIRAS2,-0.0261976172756246,0.0108154349355448
ENSG00000126953,TIMM8A,-0.07913501277502,-0.0481023301057444
ENSG00000178695,KCTD12,-0.148811377765618,-0.325523254877246
ENSG00000166974,MAPRE2,-0.0492835059719591,-0.092985331342037
ENSG00000133641,C12orf29,0.182264417226806,-0.143213326745485
ENSG00000065833,ME1,-0.0278581489643257,-0.126973868678321
ENSG00000170873,MTSS1,0.345020428695293,-0.0339072152630775
ENSG00000182179,UBA7,-0.0298832525364577,0.259220043592873
ENSG00000108439,PNPO,0.113233931302427,0.0617823440637367
ENSG00000114982,KANSL3,-0.0115311081996513,0.104972058873966
ENSG00000265688,MAFG-DT,0.245742126765958,0.080664291359852
ENSG00000157933,SKI,0.119908542398401,-0.0166245988479642
ENSG00000166669,ATF7IP2,0.194179940123654,0.051893030458411
ENSG00000100418,DESI1,-0.0214613713675102,-0.064421251998315
ENSG00000151575,TEX9,0.269116324754818,0.0257394689793846
ENSG00000182742,HOXB4,-0.271648838313128,-2.12411615767419
ENSG00000054282,SDCCAG8,0.149504135843695,0.0920397090904213
ENSG00000008735,MAPK8IP2,-0.110619152761167,0.400596144225654
ENSG00000100413,POLR3H,-0.0480073873244284,0.0996211420407094
ENSG00000116685,KIAA2013,-0.0338682801991306,-0.209755833149806
ENSG00000170584,NUDCD2,0.174884340369716,-0.204487431822989
ENSG00000130177,CDC16,-0.0489769154194192,0.141681285816557
ENSG00000155975,VPS37A,0.119524247074184,0.0003075297116408
ENSG00000139428,MMAB,-0.079166047422808,-0.17898670984377
ENSG00000160877,NACC1,0.129561575703094,-0.162276358375336
ENSG00000137770,CTDSPL2,0.138466441794466,-0.145876741669739
ENSG00000134318,ROCK2,0.104498919537439,0.0675230553766046
ENSG00000261247,GOLGA8T,NA,NA
ENSG00000101255,TRIB3,0.115023082851273,0.537834302304113
ENSG00000185963,BICD2,-0.0299173572405352,-0.095760620389844
ENSG00000164096,C4orf3,-0.077240170681351,0.0737974629094298
ENSG00000189337,KAZN,-0.201147359701968,0.248262975974053
ENSG00000137177,KIF13A,-0.017100848955832,0.001967820385293
ENSG00000224186,PITX1-AS1,0.259558270187382,0.398994724093713
ENSG00000099337,KCNK6,0.203031595251624,-0.12304958197937
ENSG00000004777,ARHGAP33,0.265612733793398,-0.244659458717568
ENSG00000138074,SLC5A6,-0.0265214652068145,-0.0424522219524734
ENSG00000130158,DOCK6,0.161318187283658,0.37567233215527
ENSG00000109738,GLRB,0.366834414716539,0.141537874940839
ENSG00000186666,BCDIN3D,-0.102419784090557,0.141145451998863
ENSG00000184349,EFNA5,-0.0142955004055597,0.256471752950765
ENSG00000259768,ZFHX3-AS1,0.959809957461295,-0.672523892082501
ENSG00000170425,ADORA2B,-0.110356775689785,0.153496442772769
ENSG00000226696,LENG8-AS1,0.246816127379607,-0.0250628288836045
ENSG00000073711,PPP2R3A,-0.097967530244335,-0.0165668989486834
ENSG00000017260,ATP2C1,-0.0213139976662038,0.00862564344426511
ENSG00000185522,LMNTD2,-0.212604128322307,0.394046910896727
ENSG00000071894,CPSF1,-0.0236040184629515,0.202665998806876
ENSG00000255737,AGAP2-AS1,-0.072849836074497,-0.0065097059779229
ENSG00000234028,EIF2AK3-DT,0.442086485011559,-0.20160595278627
ENSG00000130844,ZNF331,0.156181141366564,-0.123554697461751
ENSG00000114805,PLCH1,0.125265450581737,0.0464538505160778
ENSG00000114388,NPRL2,0.182345600470675,0.0710472991515666
ENSG00000162616,DNAJB4,-0.0476800068065153,-0.494121772331179
ENSG00000122870,BICC1,0.110576077383695,0.19869586072758
ENSG00000222041,CYTOR,-0.0397048842230155,0.00839985590756821
ENSG00000135845,PIGC,-0.0431306278757349,-0.0196998354817237
ENSG00000140750,ARHGAP17,-0.0208316210893073,-0.0178314258562203
ENSG00000108774,RAB5C,-0.0099867409592309,-0.0271667151021752
ENSG00000123609,NMI,-0.0259752069885373,-0.057570912302472
ENSG00000092439,TRPM7,0.113134133033849,0.239126025012094
ENSG00000116691,MIIP,0.19407877105672,-0.088520256857788
ENSG00000154305,MIA3,0.130579540252449,0.184267919359135
ENSG00000088970,KIZ,0.202220640350686,-0.128025835322411
ENSG00000165775,FUNDC2,-0.0341955249348348,-0.0891398352284
ENSG00000177352,CCDC71,-0.094070766382099,0.213246048903092
ENSG00000232531,KMT5AP2,0.452628595551401,-0.750215913154741
ENSG00000182010,RTKN2,0.262824838564301,-0.437010056861275
ENSG00000254995,STX16-NPEPL1,0.998308692105551,1.49595912952107
ENSG00000264462,MIR3648-2,0.139912425292037,-0.047605115462901
ENSG00000138378,STAT4,0.185183789689343,0.0779428084574734
ENSG00000165898,ISCA2,0.161612195997283,-0.192697396309728
ENSG00000138750,NUP54,0.161128501122285,-0.051943639256158
ENSG00000163159,VPS72,-0.0271567215065828,-0.058938728658281
ENSG00000184584,STING1,-0.177181974874849,-0.300050102785577
ENSG00000234975,FTH1P2,-0.18897686081541,0.267957136170193
ENSG00000163376,KBTBD8,-0.327146868053667,0.448330775009727
ENSG00000182749,PAQR7,0.20409251749352,0.0058431529482758
ENSG00000182870,GALNT9,-0.244527158544653,-0.08307117046741
ENSG00000138758,SEPTIN11,0.11873784067214,0.0794522667914263
ENSG00000100522,GNPNAT1,-0.0265110790864702,-0.09853026424168
ENSG00000070785,EIF2B3,0.159674647874087,-0.263084325065063
ENSG00000154930,ACSS1,0.184698473562304,0.0432277158690623
ENSG00000237788,LOC100421569,-0.317598351492088,0.933821534337288
ENSG00000185710,SMG1P4,0.188421823921297,0.104952840745585
ENSG00000262814,MRPL12,0.145585619631206,-0.147328008441623
ENSG00000197147,LRRC8B,-0.0497117272694941,-0.236327293024343
ENSG00000053501,USE1,-0.169067972968178,0.121266165014895
ENSG00000105612,DNASE2,-0.0336585849936917,0.134782175193809
ENSG00000154518,ATP5MC3,-0.0241490118620037,-0.057453185995074
ENSG00000112977,DAP,-0.0170056211976481,0.0857346750697617
ENSG00000118507,AKAP7,0.235192119539272,-0.194117544009471
ENSG00000058804,NDC1,0.133948005911538,-0.281018766869535
ENSG00000138193,PLCE1,0.145280660547552,0.0312739127412359
ENSG00000163510,CWC22,0.163428475638966,-0.061391554657328
ENSG00000123815,COQ8B,0.124594585857323,0.17848540631229
ENSG00000106682,EIF4H,-0.0190197620028071,-0.113043240495995
ENSG00000124802,EEF1E1,-0.061296869587434,0.0982551005248652
ENSG00000106009,BRAT1,0.144771227595849,0.0289696761540217
ENSG00000196367,TRRAP,0.103480806189829,0.0827676055904342
ENSG00000173914,RBM4B,-0.070872594502179,-0.064613580252483
ENSG00000286088,FAM24B-CUZD1,0.404568356098729,-0.554791028168821
ENSG00000168675,LDLRAD4,-0.093938648950899,0.200724910301495
ENSG00000183628,DGCR6,-0.240460135248707,-0.053296152068613
ENSG00000126353,CCR7,0.435849118528245,-0.133643220361567
ENSG00000169020,ATP5ME,0.234378962135917,-0.376560525538806
ENSG00000113649,TCERG1,0.11793491449051,-0.141904875138401
ENSG00000183283,DAZAP2,-0.0151185671915629,-0.0281284653266774
ENSG00000128654,MTX2,0.168003802484427,-0.101070330291566
ENSG00000185989,RASA3,-0.059909186685867,0.0483254880428488
ENSG00000077152,UBE2T,0.159493575047099,-0.329837077287228
ENSG00000142208,AKT1,-0.0142536410622352,-0.08596402809655
ENSG00000144554,FANCD2,-0.0236424874840668,-0.192451253673364
ENSG00000163166,IWS1,0.123543398920251,-0.0117371488791341
ENSG00000183779,ZNF703,0.164763507803743,0.196204644778723
ENSG00000167315,ACAA2,-0.0297355434421622,-0.166976304969495
ENSG00000140463,BBS4,0.173338521355578,0.188132613773449
ENSG00000196550,FAM72A,-0.120310954930132,-0.382580424601512
ENSG00000100058,CRYBB2P1,-0.067745641549987,0.218109983657788
ENSG00000107036,RIC1,0.117883380558817,0.233051687955218
ENSG00000196440,ARMCX4,0.272738599563618,0.0729540401051553
ENSG00000165507,DEPP1,-0.273254399063659,-0.28861222552951
ENSG00000008324,SS18L2,0.274756706303329,-0.280595344982935
ENSG00000254093,PINX1,0.205119228668125,-0.23322894337772
ENSG00000167397,VKORC1,-0.0388811207349656,-0.225705410711478
ENSG00000148384,INPP5E,-0.069428634327396,0.201749138341843
ENSG00000175061,SNHG29,-0.0076337051654835,0.0794224872600527
ENSG00000170633,RNF34,-0.0300309026581403,-0.0153391350483652
ENSG00000153922,CHD1,0.115908143088386,-0.0141257336593231
ENSG00000076770,MBNL3,-0.292416286271111,0.182020481190205
ENSG00000083454,P2RX5,0.211045656771102,-0.112141562780224
ENSG00000132680,KHDC4,0.120495239861373,-0.0377141015717158
ENSG00000139620,KANSL2,-0.0419377786343511,-0.014941721216215
ENSG00000242516,LINC00960,0.400081120691471,-0.563094368269843
ENSG00000124006,OBSL1,0.152485950340402,0.21416554846124
ENSG00000258659,TRIM34,-0.076746521245547,0.0395889732992257
ENSG00000188153,COL4A5,-0.0105175194111975,0.13759878117401
ENSG00000172382,PRSS27,0.311346996695983,0.524847338184252
ENSG00000168393,DTYMK,-0.051734605191648,-0.380576197871786
ENSG00000118276,B4GALT6,0.186893847702233,0.0952846475937315
ENSG00000186615,KTN1-AS1,0.235023996238983,0.0263042446029554
ENSG00000171497,PPID,0.15541803459649,-0.464897590082714
ENSG00000101639,CEP192,0.140578510955045,-0.064145502883086
ENSG00000130818,ZNF426,0.232216796374861,-0.056717592765811
ENSG00000182952,HMGN4,0.140305177934941,-0.030156915274932
ENSG00000159753,CARMIL2,0.381025689909253,-0.117841808171404
ENSG00000110700,RPS13,-0.0208634347930203,-0.063147071403152
ENSG00000110172,CHORDC1,-0.0144760400511384,-0.272220463499823
ENSG00000179041,RRS1,-0.0606504068092,-0.0218937243955185
ENSG00000167291,TBC1D16,0.128953598790967,-0.0292043354983771
ENSG00000057149,SERPINB3,-0.116340747695013,0.174233394355013
ENSG00000131051,RBM39,0.112150099976333,0.13402038057438
ENSG00000257365,FNTB,NA,NA
ENSG00000130303,BST2,0.108626739391459,0.272178753863505
ENSG00000115514,TXNDC9,-0.059572865241337,0.0718924523711879
ENSG00000177688,SUMO4,-0.350459853577539,0.2441244300998
ENSG00000196365,LONP1,-0.0244075828761217,0.163451748547546
ENSG00000040933,INPP4A,0.123447744826964,0.052544423455346
ENSG00000005100,DHX33,-0.0203861317684838,-0.0329348866352742
ENSG00000185716,MOSMO,0.174822466748781,0.206562520944649
ENSG00000183032,SLC25A21,-0.446438310119937,-0.618128436595405
ENSG00000081320,STK17B,0.161356079125991,-0.247003253496977
ENSG00000185386,MAPK11,0.226526619659601,0.0673798072654613
ENSG00000163877,SNIP1,-0.073208518267913,0.184023056837985
ENSG00000183723,CMTM4,0.124596903602967,-0.0071938106153006
ENSG00000183444,OR7E38P,-0.566229652502319,0.672547790344118
ENSG00000105393,BABAM1,0.142903517269553,-0.0362223498115775
ENSG00000150510,FAM124A,0.270826478930455,-0.359689338243193
ENSG00000115020,PIKFYVE,0.117103687364207,0.0994421720581571
ENSG00000116580,GON4L,-0.00978067227979169,0.173394516283949
ENSG00000162929,SANBR,0.143824235747325,-0.120763513731323
ENSG00000071537,SEL1L,0.104924457150026,0.042050889184136
ENSG00000076944,STXBP2,-0.0451020590026119,0.219090669449261
ENSG00000204305,AGER,0.370345408299392,0.397791977932413
ENSG00000162511,LAPTM5,-0.230215652214488,0.0332290891666864
ENSG00000183150,GPR19,-0.26369246379964,-0.0287063154071586
ENSG00000134508,CABLES1,0.230572845251477,-0.111987500576016
ENSG00000225830,ERCC6,-0.0405090012784621,0.327170737890016
ENSG00000226688,ENTPD1-AS1,0.145346823810198,-0.152325455373978
ENSG00000175643,RMI2,-0.0454177950413015,-0.087747190930362
ENSG00000175029,CTBP2,-0.0067107218791146,0.168269525436783
ENSG00000155760,FZD7,0.131506426883604,0.0918208952679525
ENSG00000158828,PINK1,-0.0492906130593676,0.398993765143076
ENSG00000183458,PKD1P3,-0.231220094024328,0.521385954955066
ENSG00000131495,NDUFA2,0.180696622696148,-0.065400465059887
ENSG00000246082,NUDT16L2P,-0.284899223273662,-0.099232445529322
ENSG00000239332,LINC01119,-0.229915620377734,0.1189575486345
ENSG00000137261,KIAA0319,-0.063540637048622,-0.053531337219617
ENSG00000118181,RPS25,0.141031019997289,-0.394618537351862
ENSG00000159921,GNE,0.131095040945038,0.0879963408752485
ENSG00000135387,CAPRIN1,-0.0054527429244478,-0.168204980976527
ENSG00000145425,RPS3A,-0.0333237296147501,-0.0494729059716428
ENSG00000251493,FOXD1,-0.158060742376125,-0.341927015957839
ENSG00000089723,OTUB2,-0.137816737570962,0.0099078704690989
ENSG00000071243,ING3,-0.153009302562427,0.238186893979631
ENSG00000205609,EIF3CL,-0.0066558557459192,0.0183636200196676
ENSG00000165215,CLDN3,0.333408377718116,-0.0376031068103919
ENSG00000158458,NRG2,0.190969631682744,0.177326665321097
ENSG00000011677,GABRA3,-0.171986149123263,0.227608361221565
ENSG00000197982,C1orf122,-0.072092942631335,0.066984371920712
ENSG00000162433,AK4,-0.0399017614907099,-0.03802278512922
ENSG00000124688,MAD2L1BP,-0.059096359618534,-0.072016660484204
ENSG00000123191,ATP7B,0.172006456414809,0.0660548053984574
ENSG00000215769,ARHGAP27P1-BPTFP1-KPNA2P3,0.185256568180891,0.513883837627947
ENSG00000166900,STX3,0.159806527823417,0.412609914682014
ENSG00000166920,C15orf48,-0.171260209915678,-0.096350447712408
ENSG00000213563,C8orf82,0.164501788540644,0.196067664705738
ENSG00000154001,PPP2R5E,0.121315107583132,-0.0304175379924302
ENSG00000165832,TRUB1,0.160221633722337,-0.0065744409336967
ENSG00000064999,ANKS1A,-0.0281311566260042,0.0809152557337204
ENSG00000145293,ENOPH1,-0.05657021360078,-0.078289413361194
ENSG00000005249,PRKAR2B,0.277684630904661,-0.185555978147796
ENSG00000121297,TSHZ3,-0.143558494148389,0.00291727637810851
ENSG00000185038,MROH2A,0.272592527507907,0.214734432634937
ENSG00000133027,PEMT,-0.062497879793021,0.0709670464411365
ENSG00000204104,TRAF3IP1,0.153963108481341,0.130449013232942
ENSG00000141968,VAV1,0.197934370459932,0.279089217831915
ENSG00000104388,RAB2A,-0.0170208116055936,-0.0007888886853799
ENSG00000162378,ZYG11B,0.129512029864818,0.0552106493147941
ENSG00000131797,CLUHP3,0.664407358322512,-0.351727563414866
ENSG00000253797,UTP14C,0.452776415800407,0.399209271818124
ENSG00000136108,CKAP2,0.141491570709887,-0.441880242403764
ENSG00000145982,FARS2,-0.060023278622892,0.0424689800160096
ENSG00000170500,LONRF2,0.131424569068063,0.0548597785016133
ENSG00000108106,UBE2S,0.126822461984996,-0.421795947029772
ENSG00000138363,ATIC,-0.0274208142158945,0.045031586764532
ENSG00000175110,MRPS22,0.148706998195926,-0.009914010625295
ENSG00000263843,MIF4GD-DT,-0.276393278469115,-0.426282723864576
ENSG00000119862,LGALSL,0.245215471859952,0.0316911094385128
ENSG00000119661,DNAL1,0.187453636078915,-0.067415757743285
ENSG00000161647,MPP3,-0.077172861949264,0.184183547968833
ENSG00000152082,MZT2B,0.186897935711896,-0.224080291433881
ENSG00000135926,TMBIM1,-0.0120400530736511,0.107753641541683
ENSG00000114988,LMAN2L,0.131356923646879,-0.157981284106948
ENSG00000225190,PLEKHM1,-0.0185103542578953,0.208938084035632
ENSG00000115363,EVA1A,-0.088171953885614,0.00309466981200891
ENSG00000099246,RAB18,-0.0190718731835402,0.0314694343289358
ENSG00000163932,PRKCD,0.154440959193764,-0.136015827834221
ENSG00000167889,MGAT5B,-0.0368061927262637,0.168951017167129
ENSG00000101220,C20orf27,0.133153114329147,-0.218610618359284
ENSG00000198089,SFI1,0.158341487099459,0.585365234101855
ENSG00000185246,PRPF39,-0.0387545941957782,0.147215355205559
ENSG00000213782,DDX47,0.12254180406492,-0.054624496994167
ENSG00000213614,HEXA,-0.0103763159499908,0.157623344908397
ENSG00000101782,RIOK3,-0.0341510873859293,0.261851539989235
ENSG00000168679,SLC16A4,-0.0234494648674551,0.532756172266854
ENSG00000136937,NCBP1,0.129127293945036,-0.219002094796224
ENSG00000136810,TXN,0.1134109857885,-0.346795562381358
ENSG00000100324,TAB1,-0.0455930459864329,0.0123952922755304
ENSG00000125871,MGME1,-0.0273315860091423,-0.152441848066327
ENSG00000163686,ABHD6,0.177523337622504,0.0285237777970087
ENSG00000198888,ND1,0.189905338099142,-0.314453339067018
ENSG00000058272,PPP1R12A,-0.0150089028201491,-0.0010627689302158
ENSG00000107833,NPM3,0.172248199704704,-0.147204335365219
ENSG00000021574,SPAST,0.142611838581156,0.0653670056622573
ENSG00000235034,C19orf81,0.364462633741605,0.279308959604263
ENSG00000152990,ADGRA3,-0.0268959402535788,-0.057961304591565
ENSG00000169403,PTAFR,0.245916289928216,0.125165791895323
ENSG00000174327,SLC16A13,0.203048931040501,-0.194778052399139
ENSG00000176623,RMDN1,-0.066612902863097,0.23461749409732
ENSG00000147996,CBWD5,0.164421473594975,0.0030972387407387
ENSG00000121957,GPSM2,0.153601450012007,-0.470103660843256
ENSG00000003393,ALS2,0.117379712469445,0.229224389907994
ENSG00000153707,PTPRD,0.252005244444015,0.237550246596534
ENSG00000261609,GAN,0.127227253698883,-0.152292893724501
ENSG00000089693,MLF2,0.123443103554769,-0.056066965568984
ENSG00000104442,ARMC1,-0.0411637240626912,0.0558429390504315
ENSG00000237406,NDUFA9P1,0.417445078013099,-0.246524535521241
ENSG00000179455,MKRN3,0.189504771242047,-0.071156991646363
ENSG00000198815,FOXJ3,0.113139970175484,0.181102901748616
ENSG00000163874,ZC3H12A,0.111957875550616,0.259211870820266
ENSG00000116353,MECR,0.183193923610993,0.0500664319954989
ENSG00000205659,LIN52,-0.071719211019001,-0.160939327557577
ENSG00000115677,HDLBP,-0.0037687491804215,0.0418271930452706
ENSG00000165338,HECTD2,0.194625158747707,0.0320979438320283
ENSG00000141076,UTP4,-0.0180069948528065,-0.080198855974913
ENSG00000099994,SUSD2,-0.0276709781582151,0.504905780946191
ENSG00000113119,TMCO6,0.182887317535728,0.0795328976454759
ENSG00000139842,CUL4A,-0.0180189531093685,0.092120091503728
ENSG00000168028,RPSA,-0.0189168813794319,-0.159141231204179
ENSG00000107798,LIPA,-0.0213052366820816,0.111778638174975
ENSG00000175895,PLEKHF2,-0.080563606701425,0.0622690860863374
ENSG00000105323,HNRNPUL1,-0.0044933673308704,-0.122120291377773
ENSG00000175315,CST6,-0.259443572488508,-0.37844052944654
ENSG00000099624,ATP5F1D,-0.062545935419942,-0.070461353851271
ENSG00000133424,LARGE1,-0.064292581444308,0.174460882525285
ENSG00000110395,CBL,0.118318637013664,-0.068655286903873
ENSG00000058600,POLR3E,-0.0194786664035919,0.258217543671124
ENSG00000198947,DMD,0.383327688780092,-0.117978378766723
ENSG00000124613,ZNF391,-0.225999911046884,0.13412928716679
ENSG00000249158,PCDHA11,-0.210708065594608,0.130822553437572
ENSG00000130559,CAMSAP1,-0.0141167812781946,-0.10848567130352
ENSG00000065882,TBC1D1,0.125835744427648,0.0157028562370792
ENSG00000001460,STPG1,0.191769088731562,-0.168339065865507
ENSG00000172955,ADH6,0.431055321962419,0.61427563220595
ENSG00000215041,NEURL4,-0.027975719264608,0.160153587510951
ENSG00000255248,MIR100HG,0.132109139996928,0.207556166190336
ENSG00000128731,HERC2,-0.00281443860824269,0.0798097413621163
ENSG00000113318,MSH3,0.144674157154415,-0.228612588680293
ENSG00000104312,RIPK2,0.136496945550127,0.0174388535473748
ENSG00000164778,EN2,0.357200695227815,0.139379261889407
ENSG00000226891,LINC01359,0.367530109156503,0.375267108831317
ENSG00000127364,TAS2R4,0.225683850045811,0.0266729545699665
ENSG00000147437,GNRH1,0.469832914690195,-0.114105966700918
ENSG00000102225,CDK16,-0.0174087769990469,0.0450379949512392
ENSG00000171105,INSR,0.145967525437174,0.162394297865029
ENSG00000076984,MAP2K7,-0.0495033597142858,0.0508328799230853
ENSG00000135605,TEC,0.248405724843502,-0.066636706740812
ENSG00000214290,COLCA2,0.357819242662829,-0.097474373646892
ENSG00000112167,SAYSD1,-0.104987054111623,-0.113263509132107
ENSG00000130348,QRSL1,0.151241676410623,-0.158221198850965
ENSG00000165555,NOXRED1,0.443485996336437,0.00971723276353451
ENSG00000116906,GNPAT,0.145915294033216,0.100447883109202
ENSG00000169991,IFFO2,0.123782136574442,-0.137483097876035
ENSG00000182993,C12orf60,-0.274230219173617,0.149263347598033
ENSG00000125885,MCM8,-0.0453478996088623,-0.055188295395341
ENSG00000252835,SCARNA21,0.352619353261165,-0.465231609964881
ENSG00000084636,COL16A1,-0.074122590047254,0.408383445332753
ENSG00000080561,MID2,0.139676036062644,0.109150147704217
ENSG00000148290,SURF1,-0.069328446839612,0.141396239108911
ENSG00000048471,SNX29,-0.0477669393036944,0.153707074642966
ENSG00000124222,STX16,0.128599724470219,0.197322367590886
ENSG00000189283,FHIT,0.34899176427076,0.310778324940152
ENSG00000258457,AJUBA-DT,0.381024706818418,-0.141447483131243
ENSG00000165490,DDIAS,-0.078679529463466,-0.316235209115395
ENSG00000144306,SCRN3,0.174130232221058,0.194839002503413
ENSG00000174720,LARP7,0.154919881795308,-0.266245316228457
ENSG00000120333,MRPS14,0.174278751871999,0.0591480233412254
ENSG00000130545,CRB3,0.273874374694995,0.0767312429200119
ENSG00000126261,UBA2,-0.0108734016991063,-0.066784559107275
ENSG00000119718,EIF2B2,-0.0205974076649754,0.029063572445192
ENSG00000280837,CPS1-IT1,0.300297321303793,0.42783492761285
ENSG00000000971,CFH,-0.00692998274248539,0.237067771139253
ENSG00000164219,PGGT1B,-0.0450269241725026,0.224780968998335
ENSG00000093217,XYLB,0.179646414761403,-0.208489500385981
ENSG00000197837,H4-16,-0.051373874651574,-0.146406073351733
ENSG00000141568,FOXK2,-0.0067428579727049,-0.0377941859119964
ENSG00000102796,DHRS12,-0.222398695630652,0.592240871458698
ENSG00000113734,BNIP1,-0.09394809434584,-0.0234959688042625
ENSG00000270362,HMGN3-AS1,0.389308697468475,0.226168261620822
ENSG00000174173,TRMT10C,0.14795034155305,0.0163197133713886
ENSG00000272899,ATP6V1FNB,0.429050753720843,-0.120924051809859
ENSG00000136051,WASHC4,0.108252869738331,0.138693021017642
ENSG00000114779,ABHD14B,-0.073306523055808,0.132790036558172
ENSG00000235162,C12orf75,-0.0280959588636359,0.0366041284778464
ENSG00000169860,P2RY1,-0.198236973998827,-0.414989272872088
ENSG00000133114,GPALPP1,0.161972451625478,-0.0258566619392211
ENSG00000158985,CDC42SE2,0.114620850892366,0.0688907062282313
ENSG00000178951,ZBTB7A,0.125387540547802,0.0729659669391851
ENSG00000130584,ZBTB46,-0.178986001350309,0.204397482478555
ENSG00000117602,RCAN3,-0.0410946009488817,0.0475378429861945
ENSG00000186635,ARAP1,0.11007183640771,0.241066095943588
ENSG00000003436,TFPI,-0.141529345029534,0.479108264345799
ENSG00000116604,MEF2D,0.121080875130015,0.18063732715528
ENSG00000144036,EXOC6B,0.109013712446111,0.189556674770957
ENSG00000170456,DENND5B,0.10944629465866,0.292986877373592
ENSG00000146143,PRIM2,-0.060944704002123,-0.216934507039261
ENSG00000162298,SYVN1,-0.0100039204906217,0.0545780454878826
ENSG00000090615,GOLGA3,-0.0035405088475404,0.0480165993110154
ENSG00000019186,CYP24A1,0.103827659396955,0.055671253824084
ENSG00000073969,NSF,-0.0202449940102634,-0.206130407055023
ENSG00000166181,API5,0.132912348492494,-0.0224187607721454
ENSG00000197372,ZNF675,0.18788575579973,-0.241567833568429
ENSG00000173588,CEP83,0.178644391779631,-0.15444624100204
ENSG00000197976,AKAP17A,-0.0252880531406951,0.16846891272238
ENSG00000236552,RPL13AP5,0.229428893254934,-0.368545471819213
ENSG00000214814,FER1L6,-0.251969358959278,-0.141255255636332
ENSG00000198561,CTNND1,0.0983073867708691,0.00356453967245771
ENSG00000104915,STX10,0.15386849310774,-0.0363992489482086
ENSG00000142252,GEMIN7,0.178574406445711,0.042951160999282
ENSG00000000003,TSPAN6,0.130818338250765,0.0389305909400331
ENSG00000123595,RAB9A,-0.062275738556118,0.119675556114641
ENSG00000179476,C14orf28,-0.200222961960275,0.0880788042676111
ENSG00000066230,SLC9A3,-0.668562304438039,-0.068274901952858
ENSG00000179119,SPTY2D1,-0.0249829795011954,0.1278884062163
ENSG00000196659,TTC30B,-0.107720517165322,0.178377334800685
ENSG00000159322,ADPGK,0.10875567286254,-0.132010154788717
ENSG00000095209,TMEM38B,0.17923875948736,-0.0336281850888382
ENSG00000120318,ARAP3,0.140477552625115,0.0657923392707587
ENSG00000070540,WIPI1,-0.080717837455404,0.267939202108312
ENSG00000187624,C17orf97,0.358428102849689,-0.045767526097461
ENSG00000109171,SLAIN2,-0.0249688734841586,-0.047543224430779
ENSG00000184060,ADAP2,0.345248873462187,0.364126960042288
ENSG00000136870,ZNF189,0.147808349101708,0.0917812989675448
ENSG00000120705,ETF1,0.113842458218242,0.023694555974327
ENSG00000153066,TXNDC11,-0.0279692944998773,0.0975114718043504
ENSG00000170265,ZNF282,-0.0385949718875279,0.0767147757141943
ENSG00000230795,HLA-K,-0.184443938509215,0.096720315985878
ENSG00000198156,NPIPB6,-0.205873541269202,0.531165668462128
ENSG00000172292,CERS6,0.117682087540855,-0.106809644859888
ENSG00000105793,GTPBP10,NA,NA
ENSG00000137834,SMAD6,0.108983253463768,-0.00812421947161759
ENSG00000253710,ALG11,-0.0302493466727082,0.0633841949741543
ENSG00000127334,DYRK2,-0.0254225851999247,-0.0197255839968617
ENSG00000128656,CHN1,0.159781822358046,-0.083881528313501
ENSG00000270959,LPP-AS2,0.30543783794147,-0.00039584964495779
ENSG00000163485,ADORA1,0.297852014580608,-0.187711874085294
ENSG00000102921,N4BP1,-0.0065706551591896,0.0804953989439386
ENSG00000130741,EIF2S3,-0.0035455456072898,-0.0014307884316235
ENSG00000170190,SLC16A5,0.146790594288478,0.259927058939254
ENSG00000112039,FANCE,0.253054079929686,-0.305498598938002
ENSG00000131374,TBC1D5,0.108884335376866,0.0597322153000964
ENSG00000118680,MYL12B,-0.0239202662550082,-0.115215055462284
ENSG00000137154,RPS6,0.114448296079655,-0.184596403998502
ENSG00000198522,GPN1,0.124874003458915,-0.178083072850901
ENSG00000161048,NAPEPLD,0.149716885183434,-0.0082515596316232
ENSG00000141527,CARD14,-0.21624432942871,0.303456251453735
ENSG00000135775,COG2,0.1331367180885,0.111696736053566
ENSG00000189042,ZNF567,0.168637326596048,0.105115794292149
ENSG00000078403,MLLT10,0.124204410671825,0.0592154059363506
ENSG00000170542,SERPINB9,-0.0140946585352422,-0.050978493379006
ENSG00000104140,RHOV,-0.055608008496032,0.0743879680656796
ENSG00000100147,CCDC134,0.145062160436196,-0.256346983290308
ENSG00000251602,MTA1-DT,0.347854798952687,-0.382573037146982
ENSG00000133422,MORC2,0.113344666942004,0.0479921496190638
ENSG00000121481,RNF2,-0.057808186585877,-0.071165954239523
ENSG00000112357,PEX7,-0.195278793349888,0.0834149135562258
ENSG00000139618,BRCA2,-0.0402775759499052,-0.112205486604423
ENSG00000161996,WDR90,-0.06366189892273,0.201650784124957
ENSG00000172986,GXYLT2,0.297753704875411,0.0857960365797058
ENSG00000196684,HSH2D,-0.0447460153861241,0.236428057726944
ENSG00000189195,BTBD8,0.227586515669003,0.0334937401212634
ENSG00000160211,G6PD,0.102577015025999,-0.078724717268242
ENSG00000104765,BNIP3L,-0.018300713610509,0.457425442848813
ENSG00000100104,SRRD,-0.056025511739983,0.0519264841391881
ENSG00000115204,MPV17,-0.027359221860496,0.140477925117871
ENSG00000182224,CYB5D1,0.207277062736459,-0.077700586598802
ENSG00000067646,ZFY,-0.083817475188609,0.253333992497971
ENSG00000184719,RNLS,-0.146200185853368,0.143763384202729
ENSG00000197935,ZNF311,0.349285612390629,-0.161864829403654
ENSG00000116299,ELAPOR1,-0.321207478090686,0.372665854444777
ENSG00000153291,SLC25A27,0.306136153047934,0.079005351114835
ENSG00000105254,TBCB,-0.017189159912751,-0.143097878458873
ENSG00000155970,MICU3,0.269170135414146,-0.008397548619049
ENSG00000103148,NPRL3,-0.0171124819855558,0.130705301533676
ENSG00000198663,C6orf89,-0.0198350917789667,0.10034781709196
ENSG00000164197,RNF180,0.401716922939656,-0.407739803967868
ENSG00000160688,FLAD1,-0.0176480225307174,0.0482342399704862
ENSG00000140941,MAP1LC3B,-0.0203005319760472,0.0402194680060884
ENSG00000185238,PRMT3,0.139431417466839,-0.197994322531467
ENSG00000060339,CCAR1,-0.0212472344078012,0.0256753127739729
ENSG00000160213,CSTB,0.169080154183985,-0.206886793728443
ENSG00000143942,CHAC2,0.274848523469478,-0.477246019002166
ENSG00000205208,C4orf46,-0.076200816531911,-0.261794519246668
ENSG00000182670,TTC3,0.105545109223016,0.056041186706097
ENSG00000159882,ZNF230,-0.107398909758381,0.0993650628347196
ENSG00000249242,TMEM150C,0.332772402778441,-0.140872487120282
ENSG00000237036,ZEB1-AS1,0.256085853874262,-0.085244068473529
ENSG00000083642,PDS5B,-0.0228976714677971,-0.039026286260354
ENSG00000124217,MOCS3,-0.072672343598577,0.179362921789615
ENSG00000170759,KIF5B,0.111213305523725,0.0598831520141655
ENSG00000066135,KDM4A,-0.0150543149829294,0.169475157887552
ENSG00000259571,BLID,0.334518038469691,0.365664800689948
ENSG00000187531,SIRT7,-0.024031562492773,0.0883836966332265
ENSG00000224870,MRPL20-AS1,-0.07334485687874,0.0863567310599425
ENSG00000131626,PPFIA1,-0.0098385266500952,0.0999984122852898
ENSG00000100908,EMC9,0.169196635710954,0.0225869369174302
ENSG00000131373,HACL1,-0.061971557049102,0.085767053849032
ENSG00000119686,FLVCR2,0.16780193663935,0.294176047249599
ENSG00000103047,TANGO6,0.121391656336216,0.153893860412157
ENSG00000102962,CCL22,-0.293380479413557,0.748175820151305
ENSG00000161021,MAML1,-0.0219334101505196,0.0902878870459703
ENSG00000072506,HSD17B10,0.127770492254618,-0.052973603892884
ENSG00000241343,RPL36A,0.113395584647604,-0.138202198337882
ENSG00000115970,THADA,-0.0128228811950053,0.077392436538992
ENSG00000244474,UGT1A4,-0.099254703798972,0.321040616684565
ENSG00000134109,EDEM1,-0.0215306554885551,0.242555491584848
ENSG00000003400,CASP10,0.148819326698289,0.0470985328832409
ENSG00000141698,NT5C3B,0.136917217586329,0.0611171687639813
ENSG00000013563,DNASE1L1,-0.076898266836864,0.317412328931649
ENSG00000230666,CEACAM22P,-0.186910192792773,0.0036531078252882
ENSG00000186204,CYP4F12,-0.082590027514444,0.309838249583454
ENSG00000170185,USP38,-0.0266496895434425,0.0591745868600093
ENSG00000161265,U2AF1L4,0.206913879158119,0.0876434750518521
ENSG00000225484,NUTM2B-AS1,0.143212401048413,0.123810425339053
ENSG00000099995,SF3A1,-0.0145423020753345,-0.050255626838817
ENSG00000188191,PRKAR1B,0.1314325644267,-0.101893368769643
ENSG00000139044,B4GALNT3,0.382441195132013,-0.069099667275246
ENSG00000185986,SDHAP3,0.185466192460051,0.44101217610187
ENSG00000163348,PYGO2,-0.0232619629466863,-0.07760337032953
ENSG00000213516,RBMXL1,-0.060455145402274,-0.0152906034313378
ENSG00000171443,ZNF524,-0.112215905657478,0.228193148939131
ENSG00000155918,RAET1L,-0.278510380793818,0.645824339361976
ENSG00000174607,UGT8,-0.188656273840082,-0.496162533737298
ENSG00000003056,M6PR,-0.0104452043943108,0.00774481653322361
ENSG00000101181,MTG2,-0.024429385289122,0.238106956263837
ENSG00000091844,RGS17,-0.111163575367928,0.110395354299621
ENSG00000223496,EXOSC6,0.132533705857328,0.0237164007078395
ENSG00000112294,ALDH5A1,0.167484612873224,0.0682937107437265
ENSG00000125445,MRPS7,-0.0273216753105673,0.010799022701188
ENSG00000133874,RNF122,-0.101166790861428,-0.256015465713849
ENSG00000196081,ZNF724,0.28028239204403,-0.678581229698894
ENSG00000152492,CCDC50,0.132003172460313,0.12937602101071
ENSG00000062598,ELMO2,0.119753135225501,-0.128020064161322
ENSG00000138834,MAPK8IP3,-0.0229651539628385,0.292706326882233
ENSG00000089177,KIF16B,0.12789143620022,0.131901889679304
ENSG00000025293,PHF20,0.114621064045806,0.0971032970058807
ENSG00000114405,C3orf14,-0.116743724967757,-0.288674669117346
ENSG00000121680,PEX16,-0.063219771637221,0.291787592478102
ENSG00000178425,NT5DC1,0.15408615243467,-0.088553474083884
ENSG00000147874,HAUS6,-0.0115035264574797,-0.091809168494485
ENSG00000091009,RBM27,0.117791916010639,-0.0104303366690174
ENSG00000254004,ZNF260,0.140278760453308,0.137745243094834
ENSG00000070366,SMG6,0.125942821420085,-0.05049355454612
ENSG00000175054,ATR,0.10246426097708,0.109413348883251
ENSG00000253982,CLN8-AS1,0.224861014426812,-0.0395182771066243
ENSG00000145388,METTL14,0.140462908964954,-0.058635166355876
ENSG00000111540,RAB5B,0.106992185018646,-0.147093526360421
ENSG00000125870,SNRPB2,0.130149296934844,-0.25726608877089
ENSG00000119004,CYP20A1,0.158730179807912,-0.0449422122035601
ENSG00000179632,MAF1,0.115778521671315,-0.094085149528582
ENSG00000214485,RPL7P1,0.143032963864804,-0.075519171406925
ENSG00000065485,PDIA5,-0.0437526214239446,-0.0215467730119213
ENSG00000140043,PTGR2,-0.075157704195084,0.254299536056574
ENSG00000181392,SYNE4,0.360557914381829,-0.372532100171204
ENSG00000197566,ZNF624,-0.130771221442309,-0.09795899971665
ENSG00000047644,WWC3,0.11994398901784,0.313358583308849
ENSG00000116641,DOCK7,0.128707725550797,-0.0133036654202559
ENSG00000182117,NOP10,0.131136469055744,-0.081470375607254
ENSG00000013573,DDX11,0.120454395774562,-0.058058484621475
ENSG00000145495,MARCHF6,-0.0032519982746262,0.0797582805866897
ENSG00000248383,PCDHAC1,-0.095180433002482,0.295774141428329
ENSG00000268516,ZNF8-DT,0.238808513963129,-0.154074657891563
ENSG00000064545,TMEM161A,-0.051703187064506,0.214904830416953
ENSG00000151746,BICD1,0.124155736335365,0.0635351351841079
ENSG00000125304,TM9SF2,-0.0081442074500206,0.0326434580665596
ENSG00000154914,USP43,-0.075176104195724,0.0840836317647891
ENSG00000224152,BAZ2B-AS1,-0.249032351564545,0.189160027338741
ENSG00000105755,ETHE1,-0.0396633766794527,0.0170132065704707
ENSG00000109458,GAB1,0.182688029816781,0.0012151734262602
ENSG00000121879,PIK3CA,0.132244191042378,0.0775478578637666
ENSG00000158615,PPP1R15B,-0.0012768828269463,0.120141166544246
ENSG00000131781,FMO5,0.362829466508733,0.148592838542912
ENSG00000113716,HMGXB3,-0.00823482013842729,0.188333445087296
ENSG00000100330,MTMR3,-0.0206550719549027,0.294034260393817
ENSG00000104142,VPS18,-0.0211014709125139,0.220917645399335
ENSG00000116922,C1orf109,-0.075334393338069,-0.112108568523024
ENSG00000036549,ZZZ3,0.123842984059005,0.103909005163269
ENSG00000126012,KDM5C,0.0005844636205018,0.229456957480484
ENSG00000157916,RER1,-0.0169642616046852,0.0491852797862707
ENSG00000168917,SLC35G2,-0.054475311417577,0.15847605307139
ENSG00000143147,GPR161,0.151586942748859,-0.113934467766174
ENSG00000286019,NOTCH2NLB,0.353522858788289,0.0787626773516293
ENSG00000117305,HMGCL,0.166662839179515,0.365578996221093
ENSG00000209042,SNORD12C,-0.242680094073269,0.132023750654485
ENSG00000166263,STXBP4,0.131902153392984,0.241803893899078
ENSG00000172264,MACROD2,0.369308148049531,0.31273581613536
ENSG00000117308,GALE,0.132481962209129,0.0501601943366105
ENSG00000082512,TRAF5,0.143229621445468,0.0332648807522379
ENSG00000187994,RINL,0.385352325575721,0.190903992421771
ENSG00000101752,MIB1,-0.0242687175542528,0.179133452779695
ENSG00000138439,FAM117B,0.153451361436721,0.0058064609184129
ENSG00000166471,TMEM41B,0.13602206138737,-0.050093879287127
ENSG00000169926,KLF13,-0.0064766485738537,0.154649932573511
ENSG00000174953,DHX36,0.1164253593682,0.102334286219156
ENSG00000172009,THOP1,-0.0281063710479742,-0.082490507413231
ENSG00000121766,ZCCHC17,0.148998871377047,-0.197883193949487
ENSG00000184564,SLITRK6,0.216085835153911,0.305617679672051
ENSG00000141425,RPRD1A,0.123539293584997,0.0162960591878918
ENSG00000134684,YARS1,-0.0061012972132054,0.175697680440076
ENSG00000173402,DAG1,-0.0054709207046972,-0.151884956306058
ENSG00000181220,ZNF746,-0.0213781777364177,-0.0303006870635434
ENSG00000103642,LACTB,0.157643980022921,0.178284813396433
ENSG00000182118,FAM89A,0.178659195436891,-0.056237036412126
ENSG00000236682,MAP3K2-DT,0.315727176290581,-0.109400987605875
ENSG00000099256,PRTFDC1,-0.063961198987787,0.0134777130654503
ENSG00000135503,ACVR1B,0.132390268917494,0.0456925379471723
ENSG00000214046,SMIM7,-0.0473395074919061,0.0213173260913967
ENSG00000211456,SACM1L,-0.057856045680598,0.122094377557073
ENSG00000188227,ZNF793,0.324788819234953,-0.596050692997201
ENSG00000130558,OLFM1,-0.171583722323446,0.012210174195601
ENSG00000135749,PCNX2,-0.0106102084627549,0.234155726718096
ENSG00000112511,PHF1,0.170838222152007,0.200779446757499
ENSG00000132478,UNK,-0.0277296123117933,0.269543471727453
ENSG00000100625,SIX4,-0.05658602460028,-0.141069802246351
ENSG00000136891,TEX10,0.1274115840382,-0.0435352473847187
ENSG00000175826,CTDNEP1,-0.0031703554968641,0.0393556286089229
ENSG00000105499,PLA2G4C,-0.085428909760863,0.486574997443344
ENSG00000198728,LDB1,0.116678158439619,-0.0288820671581025
ENSG00000117242,PINK1-AS,-0.072583723802818,0.0609726500948288
ENSG00000169221,TBC1D10B,-0.0133755827347739,-0.039642928608743
ENSG00000129657,SEC14L1,-0.0100931701532355,0.0161645889178281
ENSG00000103415,HMOX2,-0.0282062125505505,-0.070896148498077
ENSG00000147099,HDAC8,0.127593636333535,0.216835337897695
ENSG00000006634,DBF4,-0.05077069624652,-0.298474231007589
ENSG00000124067,SLC12A4,-0.022363930045247,0.152517359742463
ENSG00000159763,PIP,0.290089778431602,-0.592299372611868
ENSG00000134108,ARL8B,-0.0272973079052761,0.167450954197926
ENSG00000181896,ZNF101,-0.101254988694203,-0.266131437824515
ENSG00000127838,PNKD,0.119088092905846,0.214463239341003
ENSG00000070018,LRP6,0.103222841657666,0.192727101597114
ENSG00000132004,FBXW9,-0.166028776165496,0.367705370753006
ENSG00000143153,ATP1B1,0.0995657952794795,0.329361366296188
ENSG00000126878,AIF1L,-0.184190488957576,-0.156449378888273
ENSG00000189369,GSPT2,0.178931415296156,-0.139470995796568
ENSG00000250634,LINC01182,0.27874570724782,0.0656693741514219
ENSG00000248275,TRIM52-AS1,0.380993960345229,-0.773890353474495
ENSG00000181004,BBS12,0.258351458353864,0.254740992977691
ENSG00000139197,PEX5,0.129061603314285,-0.095392940258673
ENSG00000183474,GTF2H2C,-0.0435636738493722,-0.190258422444217
ENSG00000233913,RPL10P9,-0.138850062293705,-0.192181614389741
ENSG00000180953,ST20,0.175976391264131,0.005432444935103
ENSG00000132199,ENOSF1,-0.0168472340876526,0.264079566312032
ENSG00000055950,MRPL43,-0.039620616809397,0.122966177690356
ENSG00000146802,TMEM168,-0.08178002892296,0.0845555967011435
ENSG00000138413,IDH1,0.117266748183144,-0.0150390903094737
ENSG00000115446,UNC50,-0.059527219177389,0.0713298336903003
ENSG00000175183,CSRP2,-0.085833613383651,-0.178650361888279
ENSG00000238120,LINC01589,-0.22640917050548,0.536285021392469
ENSG00000167863,ATP5PD,0.110587909612899,-0.0413460460207306
ENSG00000101126,ADNP,0.00282198170666841,0.0777297746592867
ENSG00000007080,CCDC124,-0.0392604506571222,-0.0149112349372314
ENSG00000107581,EIF3A,-0.0046734853310898,0.0250053709270677
ENSG00000131828,PDHA1,-0.0062554470070451,0.0187849278407064
ENSG00000167548,KMT2D,-0.0069900202760716,0.122541344857203
ENSG00000135525,MAP7,0.115155608828549,0.300162432960038
ENSG00000232160,RAP2C-AS1,-0.31477621993907,0.138114919776821
ENSG00000138030,KHK,0.17071450765451,-0.286229462745831
ENSG00000166455,C16orf46,0.440030293174522,0.0417547596587553
ENSG00000169896,ITGAM,0.263298452821058,-0.0213074382599182
ENSG00000137312,FLOT1,0.115979130135438,0.355737474985697
ENSG00000179526,SHARPIN,-0.0208750318321478,0.128363525461693
ENSG00000064313,TAF2,0.111749196075071,0.0308193737283769
ENSG00000076356,PLXNA2,-0.0489992912497108,0.162263389112223
ENSG00000121417,ZNF211,0.174286909334114,-0.160013272393197
ENSG00000198046,ZNF667,-0.235434094517909,-0.317668466213221
ENSG00000101400,SNTA1,-0.108973134471762,-0.263112257557887
ENSG00000168818,STX18,-0.0441950360864456,0.0190971801641421
ENSG00000268606,MAGEA2,-0.177389147685104,-0.145740203365436
ENSG00000145022,TCTA,-0.084451577773293,0.0932398224409143
ENSG00000077092,RARB,0.126863274168132,-0.090460164543004
ENSG00000008282,SYPL1,0.127780008800248,-0.194311203792262
ENSG00000175348,TMEM9B,-0.052868247370511,0.178963903950493
ENSG00000087076,HSD17B14,0.314631533355836,0.716764514070556
ENSG00000083168,KAT6A,-0.001591850692808,0.0796158736000961
ENSG00000269556,TMEM185A,-0.063106385878767,-0.0467386165946461
ENSG00000172731,LRRC20,0.135572817158998,-0.480676422203662
ENSG00000225210,DUXAP9,0.125455155797552,0.0430695170437181
ENSG00000266412,NCOA4,-0.0014375312887725,-0.065427067718184
ENSG00000137054,POLR1E,-0.0269184776612265,-0.297286678773276
ENSG00000143321,HDGF,0.104548731699002,-0.195698277802075
ENSG00000145439,CBR4,0.167940180763298,0.10868512517062
ENSG00000198105,ZNF248,0.154839483795805,-0.0468225106708368
ENSG00000277157,H4C4,0.140332998535979,-0.622118167943534
ENSG00000168653,NDUFS5,-0.0322993797133865,-0.268598431265201
ENSG00000142279,WTIP,-0.0444102342550025,-0.091157384534172
ENSG00000159346,ADIPOR1,0.109732053229245,-0.104899242741895
ENSG00000214160,ALG3,-0.0187336355932048,-0.0055041867972292
ENSG00000161939,RNASEK-C17orf49,-0.353308857227427,-0.0099591858476886
ENSG00000143621,ILF2,0.0989105855291202,-0.179374333976864
ENSG00000137106,GRHPR,-0.0065162143888391,0.0771972680053115
ENSG00000146109,ABT1,-0.06296697222751,-0.0195879267494353
ENSG00000111725,PRKAB1,-0.0259945682764997,0.0891191991812836
ENSG00000128928,IVD,0.141521219623029,-0.054746341904468
ENSG00000128283,CDC42EP1,0.132910803691264,0.0003917210989412
ENSG00000154978,VOPP1,-0.0131817878416951,-0.141710333764568
ENSG00000124766,SOX4,-0.0232103711657837,-0.0082203744814652
ENSG00000005189,REXO5,-0.12283842103192,-0.296515488932801
ENSG00000118503,TNFAIP3,-0.00271483527304089,0.261573739276394
ENSG00000011260,UTP18,-0.079961906252665,-0.101382662140982
ENSG00000182324,KCNJ14,-0.126012586361375,0.412762428125535
ENSG00000086102,NFX1,-0.0170756192421156,0.199414446663271
ENSG00000112658,SRF,-0.026675731425709,-0.145940362814052
ENSG00000100150,DEPDC5,-0.0446183382833547,0.0728529566186863
ENSG00000138757,G3BP2,0.103145739198008,-0.063997807626762
ENSG00000135736,CCDC102A,0.215463715730128,0.117558372445999
ENSG00000019144,PHLDB1,-0.0346728786709779,-0.124392474847026
ENSG00000151689,INPP1,-0.0471688575055189,0.252830326278985
ENSG00000066557,LRRC40,0.150660858796533,-0.1435737161602
ENSG00000204149,AGAP6,0.164694601833468,-0.0489979981274588
ENSG00000196465,MYL6B,0.166327906880991,0.10219720660889
ENSG00000100425,BRD1,-0.0274867896929418,0.0963934258650517
ENSG00000119760,SUPT7L,0.114576709733325,0.1096950074523
ENSG00000108799,EZH1,-0.0281394175810633,0.14290605162631
ENSG00000197150,ABCB8,0.126487854874852,0.187952839976654
ENSG00000198270,TMEM116,0.1613748966438,-0.0400448714957937
ENSG00000103544,VPS35L,-0.0172484227259366,0.085589322725662
ENSG00000234358,RPL7AP42,0.423009475322372,0.556534482311327
ENSG00000007202,KIAA0100,0.101038828581642,0.025531412452066
ENSG00000064199,SPA17,0.212109824588887,-0.232034412495969
ENSG00000066583,ISOC1,-0.054516637304731,-0.173443445902717
ENSG00000090889,KIF4A,0.125939807935436,-0.472553760937277
ENSG00000139832,RAB20,-0.09420046586845,0.388642320611794
ENSG00000237441,RGL2,-0.05341588752077,0.396004695317566
ENSG00000170260,ZNF212,-0.065258105439519,0.258868417126953
ENSG00000153395,LPCAT1,-0.0150340158039447,0.297824113617818
ENSG00000197238,H4C11,0.165616609729465,-0.569128724693434
ENSG00000128487,SPECC1,0.0952510060660349,0.115586731590552
ENSG00000024526,DEPDC1,0.170608369689732,-0.389779506436775
ENSG00000136868,SLC31A1,0.115111421663623,-0.218647060816236
ENSG00000130699,TAF4,-0.0395562237094655,0.0364231668780633
ENSG00000010017,RANBP9,0.127730321653233,0.0009733130096989
ENSG00000186866,POFUT2,0.146982754732381,0.127433340845687
ENSG00000181924,COA4,-0.0163472205692708,-0.0491628855185468
ENSG00000140479,PCSK6,0.125547105157716,0.331800967385246
ENSG00000113360,DROSHA,-0.0031386058465269,-0.10014448254725
ENSG00000143222,UFC1,-0.0371536085924863,-0.131665229828838
ENSG00000163520,FBLN2,-0.132829984476914,0.11755920858064
ENSG00000173846,PLK3,-0.061152429471359,0.421330425300954
ENSG00000198189,HSD17B11,0.13395394367339,-0.122188747129579
ENSG00000164815,ORC5,0.142542312415726,-0.282204089274621
ENSG00000166016,ABTB2,0.113919305074912,0.189876967632335
ENSG00000140993,TIGD7,0.198085973074224,-0.568804226162834
ENSG00000160191,PDE9A,0.247034072185575,0.784419292324197
ENSG00000111605,CPSF6,-0.00312278685691979,-0.0483397334373767
ENSG00000126581,BECN1,0.115376920422393,0.174505903994807
ENSG00000161999,JMJD8,-0.0194002566055076,0.0888827836974598
ENSG00000138279,ANXA7,-0.0239560682224406,-0.0464020587406054
ENSG00000136861,CDK5RAP2,-0.0064378204384966,-0.086408700077628
ENSG00000184436,THAP7,-0.065469892455896,0.0572824836543361
ENSG00000158042,MRPL17,-0.0265488296584522,-0.197832508976605
ENSG00000139567,ACVRL1,-0.272688708592346,-0.061555672147208
ENSG00000130856,ZNF236,-0.0373529059908805,0.226203113421176
ENSG00000137714,FDX1,0.186384688809409,0.376415196318066
ENSG00000122674,CCZ1,0.124428772019139,0.13194863897799
ENSG00000166405,RIC3,0.20671159061609,0.195705584653959
ENSG00000121775,TMEM39B,-0.094344071839664,-0.088991801549895
ENSG00000052795,FNIP2,-0.056803578057495,0.102793143703913
ENSG00000120149,MSX2,0.20674999432997,0.265160285305993
ENSG00000198804,COX1,0.0995757026162341,-0.0467827758532283
ENSG00000179314,WSCD1,0.208778173159694,-0.141424774260107
ENSG00000118246,FASTKD2,0.126268282264228,-0.085385712043158
ENSG00000151445,VIPAS39,-0.0370480199217029,0.0531012997199502
ENSG00000181690,PLAG1,-0.179198408649091,-0.671203581254843
ENSG00000113916,BCL6,0.158873473672968,0.274855178812355
ENSG00000185414,MRPL30,0.119600814976176,-0.107694353779077
ENSG00000173531,MST1,0.338032539806795,0.843590294751766
ENSG00000128965,CHAC1,0.1831874757674,0.420056225422589
ENSG00000170522,ELOVL6,0.125723001943295,-0.356073420257714
ENSG00000188283,ZNF383,0.176480996864877,0.184282185314534
ENSG00000010219,DYRK4,0.170179714132139,-0.181831059723033
ENSG00000090372,STRN4,-0.0145237592076406,0.0842491931917046
ENSG00000258301,VASH1-AS1,-0.190908098722541,-0.05339698769652
ENSG00000146858,ZC3HAV1L,-0.0402851641293741,-0.052595210848916
ENSG00000125447,GGA3,-0.0394864243638797,0.258744849311592
ENSG00000156869,FRRS1,-0.063892133563323,0.205677918012557
ENSG00000164124,TMEM144,0.182835185696537,0.232952282081903
ENSG00000152944,MED21,-0.0423301032704882,0.008238999620022
ENSG00000077147,TM9SF3,-0.006559678554726,0.0850618273901502
ENSG00000180806,HOXC9,0.270820610070179,-0.103397923311587
ENSG00000246705,H2AJ,0.130222011629759,0.0129979720931572
ENSG00000164187,LMBRD2,-0.051164777326969,0.110410503688087
ENSG00000141429,GALNT1,-0.00642454566457869,0.133219944260938
ENSG00000119125,GDA,0.194407571501553,0.0316056565787198
ENSG00000167965,MLST8,-0.0375132788964398,0.0783785296369412
ENSG00000158445,KCNB1,-0.284412840543921,-0.00091746106063839
ENSG00000113194,FAF2,-0.0040746453287377,0.0622105191632226
ENSG00000165138,ANKS6,-0.0312076703907415,0.159928393574016
ENSG00000134352,IL6ST,0.106813148907081,0.227041019472695
ENSG00000213859,KCTD11,0.151170968454256,0.119807695698144
ENSG00000166153,DEPDC4,-0.289332334020495,-0.3969325145425
ENSG00000165244,ZNF367,-0.08259789009291,-0.432492837528282
ENSG00000129534,MIS18BP1,0.129029823234012,-0.31892079219526
ENSG00000117133,RPF1,0.148777994425855,-0.111241207289296
ENSG00000108961,RANGRF,0.189848428329407,-0.160115930388579
ENSG00000120526,NUDCD1,-0.0242614770676896,-0.124146670664272
ENSG00000106608,URGCP,-0.0218981313365261,0.0862546678164546
ENSG00000064961,HMG20B,0.14907231373703,-0.0143728585813284
ENSG00000178462,TUBAL3,0.349230740936814,0.345195768355461
ENSG00000173113,TRMT112,0.117942212394741,-0.206264176502387
ENSG00000274180,NATD1,0.201811349428773,0.219355998859902
ENSG00000244414,CFHR1,-0.192060116471185,0.459196373731747
ENSG00000172765,TMCC1,0.108470057423657,0.140260346966952
ENSG00000106392,C1GALT1,0.122317833463224,0.0858239941209287
ENSG00000158882,TOMM40L,-0.060161041512041,-0.0321021216509546
ENSG00000188215,DCUN1D3,0.12624977365743,0.245196514022507
ENSG00000115750,TAF1B,0.149530124671781,0.003555430530587
ENSG00000288864,ARHGAP11A-SCG5,-0.213945973715719,-0.501286699685407
ENSG00000124226,RNF114,-0.00533457989475879,-0.127245943262368
ENSG00000164109,MAD2L1,-0.063564362541468,-0.404643191011491
ENSG00000164414,SLC35A1,0.171745974060877,-0.040577896114222
ENSG00000120053,GOT1,0.129606419425357,-0.0167922709003056
ENSG00000171621,SPSB1,0.119301652327957,0.167868757156201
ENSG00000168952,STXBP6,-0.260870605869513,0.242361935897123
ENSG00000107929,LARP4B,0.102403721128969,0.130527299401646
ENSG00000101152,DNAJC5,-0.0021511653743144,0.0145468759372276
ENSG00000105808,RASA4,0.758686419824343,0.148053478138131
ENSG00000100564,PIGH,0.159553482280119,-0.060014096122936
ENSG00000173567,ADGRF3,-0.230402236117635,-0.320210194443566
ENSG00000106070,GRB10,-0.0048398507347098,0.32155543153981
ENSG00000114978,MOB1A,-0.0113800592058375,0.00802711535764451
ENSG00000171703,TCEA2,0.189613435200916,0.0925199054656933
ENSG00000235890,TSPEAR-AS1,0.293129074965605,0.998099610968627
ENSG00000212127,TAS2R14,NA,NA
ENSG00000179163,FUCA1,-0.05383679720945,0.156671389599635
ENSG00000136514,RTP4,-0.105895493481073,0.170132217870427
ENSG00000151849,CENPJ,0.134510479886515,-0.28936277220468
ENSG00000084112,SSH1,-0.0024330243411896,0.0660010244457778
ENSG00000111615,KRR1,0.138521328776418,-0.0143110303379973
ENSG00000172123,SLFN12,-0.250649276120411,-0.428911123997577
ENSG00000245680,ZNF585B,0.175217491939813,0.280747541670584
ENSG00000143190,POU2F1,-0.0088595800603392,-0.0243349521936818
ENSG00000185122,HSF1,-0.0127400110599386,0.0325237727018584
ENSG00000082269,FAM135A,0.139103210675627,-0.00662186348419549
ENSG00000204338,CYP21A1P,-0.185531480223605,-0.074221798370893
ENSG00000229781,RRN3P4,0.331856929309977,0.263962294079894
ENSG00000102384,CENPI,-0.036317641870356,-0.357066895051783
ENSG00000178104,PDE4DIP,-0.042890831890112,-0.182658815836796
ENSG00000169629,RGPD8,0.131316119380741,0.0919303457056311
ENSG00000142188,TMEM50B,-0.059500295820458,-0.026060916904869
ENSG00000185818,NAT8L,0.167351145890869,-0.258001882246253
ENSG00000198690,FAN1,-0.0160486587781133,0.0218696075270335
ENSG00000137992,DBT,-0.0374083402173391,0.0651060023864454
ENSG00000144746,ARL6IP5,-0.0191261491620806,-0.0382325968596474
ENSG00000000419,DPM1,0.134292547629025,-0.092908773985913
ENSG00000104679,R3HCC1,0.146458931338514,-0.176489211595922
ENSG00000128891,CCDC32,0.169794666251547,0.0308328121444835
ENSG00000168958,MFF,0.125412929482357,-0.0496302717637197
ENSG00000213462,ERV3-1,-0.0494734788956661,0.127295019308609
ENSG00000205485,LINC03009,0.175006569790449,0.230006218142499
ENSG00000112242,E2F3,0.125954399826262,0.0193223816611131
ENSG00000279078,SND1-IT1,0.190586137694742,0.0667966411532123
ENSG00000089351,GRAMD1A,0.0985744435740796,0.295225101994131
ENSG00000258343,SNRPF-DT,0.280956060227229,0.23083510392117
ENSG00000086827,ZW10,0.142611641436405,-0.183446874811437
ENSG00000159267,HLCS,-0.0262162758064925,0.012362702831584
ENSG00000143867,OSR1,-0.130264277439207,-0.0325306280480736
ENSG00000255408,PCDHA3,0.318335999009481,0.265719497919465
ENSG00000134057,CCNB1,0.134342913078906,-0.489098061107236
ENSG00000145242,EPHA5,-0.295887577762706,-0.149120428077608
ENSG00000269720,CCDC194,0.313922860861605,0.745726540782509
ENSG00000197362,ZNF786,-0.059609529864888,0.179790057110672
ENSG00000213995,NAXD,-0.0452414020589873,0.156402875729664
ENSG00000081721,DUSP12,-0.060768026894931,0.0763015694063117
ENSG00000183020,AP2A2,0.108110307665383,0.136728322108003
ENSG00000060982,BCAT1,-0.0251605420413261,0.345602840822288
ENSG00000168827,GFM1,-0.0141985328413949,0.122812334527246
ENSG00000166579,NDEL1,-0.0139115251405502,0.0976138222404122
ENSG00000147124,ZNF41,-0.054587717687671,0.117569286449008
ENSG00000179331,RAB39A,-0.307176485062107,-0.429093019398185
ENSG00000167037,SGSM1,0.367585578314447,0.861711314358001
ENSG00000171631,P2RY6,-0.058497707704841,-0.104520722703795
ENSG00000181544,FANCB,-0.075529363014538,-0.443800566515738
ENSG00000120696,KBTBD7,-0.098887011282961,0.0612358668905296
ENSG00000110917,MLEC,0.0933525127391541,-0.12309870956758
ENSG00000101577,LPIN2,0.121026525552595,0.101783017003237
ENSG00000163739,CXCL1,0.127441999280443,0.166444163252641
ENSG00000146267,FAXC,0.236060665252772,-0.287616446215235
ENSG00000114354,TFG,0.107813854449005,0.0222901128471722
ENSG00000178623,GPR35,0.206631549769381,0.609650936983263
ENSG00000161920,MED11,-0.089933676151889,0.0698595770909352
ENSG00000075303,SLC25A40,-0.064844217619235,-0.095058417693794
ENSG00000033867,SLC4A7,0.124939693587521,-0.186790065474346
ENSG00000090905,TNRC6A,-0.00053949113114469,0.11469448882108
ENSG00000196976,LAGE3,-0.098283384900746,-0.0062407000337137
ENSG00000183087,GAS6,-0.099390971288877,0.179424033104472
ENSG00000276966,H4C5,-0.112375381947416,-0.208658236150042
ENSG00000113558,SKP1,0.120001881619576,-0.112998060866548
ENSG00000105523,FAM83E,0.320647177862289,0.538216668436247
ENSG00000128918,ALDH1A2,-0.212351909865129,0.225501148269118
ENSG00000213689,TREX1,-0.210563237166305,-0.087477401144216
ENSG00000128266,GNAZ,0.274897563467493,-0.0216302402524824
ENSG00000160323,ADAMTS13,0.322200399543738,0.323953565548742
ENSG00000245275,SAP30L-AS1,-0.134602154135271,0.157020333161378
ENSG00000137474,MYO7A,0.262606862111598,0.309280984625362
ENSG00000227533,SLC2A1-DT,0.358400628270987,0.0526130181037327
ENSG00000166503,HDGFL3,0.125120617786046,-0.048058714463951
ENSG00000134077,THUMPD3,0.12078880727286,-0.0225615256574735
ENSG00000105298,CACTIN,-0.0482206323691369,-0.065791288970496
ENSG00000159217,IGF2BP1,0.0960753368192973,-0.0289976527694188
ENSG00000183166,CALN1,-0.226599677134254,0.0698764846235076
ENSG00000015568,RGPD5,0.122045410979037,0.0190793254848188
ENSG00000198055,GRK6,0.127826205022631,-0.227458013029655
ENSG00000234741,GAS5,-0.0067827276337799,0.207279857892166
ENSG00000160072,ATAD3B,-0.07986415344367,-0.398686801109333
ENSG00000277209,RPPH1,-0.0208709093449749,-0.098264241337563
ENSG00000157483,MYO1E,0.0948123113027869,0.334015500040705
ENSG00000165502,RPL36AL,-0.0257469707786754,-0.150270652383406
ENSG00000080947,CROCCP3,0.195994139325781,0.0412924923983601
ENSG00000148572,NRBF2,-0.058083583812153,0.206655017640828
ENSG00000072135,PTPN18,0.154769416487495,-0.196032058609415
ENSG00000147533,GOLGA7,-0.0213863915561559,0.102240139052486
ENSG00000177875,CCDC184,0.24785962135383,0.268386061274348
ENSG00000170430,MGMT,-0.104465428894688,0.0458778909049782
ENSG00000206503,HLA-A,0.002318472696927,0.052642620400281
ENSG00000241058,NSUN6,-0.062510205880513,0.000953381252588
ENSG00000144736,SHQ1,-0.0370612980701718,-0.157663086909503
ENSG00000267795,SMIM22,-0.247565353560856,-0.0480098261515631
ENSG00000171130,ATP6V0E2,0.128954731232709,-0.074263495706031
ENSG00000168872,DDX19A,-0.0079644127375951,0.039019938186183
ENSG00000142676,RPL11,0.107599891909394,-0.216369973222683
ENSG00000162927,PUS10,0.210704145577502,0.0976202498698193
ENSG00000203697,CAPN8,0.217570711017328,0.229732216708279
ENSG00000198753,PLXNB3,-0.110049601471082,0.0766005790782508
ENSG00000103067,ESRP2,-0.105923760385212,-0.057808946745057
ENSG00000167004,PDIA3,0.0008696989064901,-0.0437987429568859
ENSG00000173457,PPP1R14B,0.119222099699961,-0.387211225394074
ENSG00000104432,IL7,-0.243745270530664,-0.048946108251838
ENSG00000204385,SLC44A4,0.309675476771126,0.292823018077043
ENSG00000135604,STX11,-0.184334415944516,-0.562989307592225
ENSG00000135722,FBXL8,0.224036147624286,0.127990259302748
ENSG00000120658,ENOX1,-0.190344821960106,-0.120405652925734
ENSG00000181722,ZBTB20,0.193375287126735,-0.12840907283137
ENSG00000100614,PPM1A,0.12265840891163,0.0960012280908338
ENSG00000147601,TERF1,-0.0268639799064717,0.0944062512398269
ENSG00000189077,TMEM120A,-0.063108185610772,0.328993365924404
ENSG00000174799,CEP135,0.170243111747068,-0.201951189956054
ENSG00000135070,ISCA1,0.135873308922409,-0.124343255069613
ENSG00000179023,KLHDC7A,-0.075762213697739,0.370443240294207
ENSG00000166170,BAG5,-0.0150384327421989,0.0006578194237428
ENSG00000185420,SMYD3,0.171747687941421,0.106712773013984
ENSG00000236287,ZBED5,0.118908461094635,0.153748572772371
ENSG00000166741,NNMT,0.120584965927226,0.217735612885115
ENSG00000162542,TMCO4,-0.053221630863998,-0.059706314432267
ENSG00000136770,DNAJC1,0.11679510751864,-0.014537615110281
ENSG00000115484,CCT4,0.118707680780088,-0.238309305808349
ENSG00000182700,IGIP,0.248015964287765,0.174181193874853
ENSG00000143947,RPS27A,0.11954494677785,-0.208631403214171
ENSG00000275379,H3C11,-0.0439805398086744,-0.28710281820559
ENSG00000100105,PATZ1,-0.0274389086175615,0.113534227004684
ENSG00000154124,OTULIN,-0.011920722710261,-0.0290273656660277
ENSG00000166913,YWHAB,-0.0061129392633007,-0.067344031480444
ENSG00000176390,CRLF3,0.161562330609195,-0.074638122954875
ENSG00000101198,NKAIN4,-0.14626849068274,-0.247744222447524
ENSG00000133454,MYO18B,-0.261579662547909,-0.312070138629097
ENSG00000001461,NIPAL3,0.143899014139086,0.204017323927826
ENSG00000176542,USF3,-0.0232765287086139,0.171100443890219
ENSG00000198814,GK,0.237251683663886,0.616760623456615
ENSG00000125945,ZNF436,-0.054262694620144,0.0333652668361635
ENSG00000183647,ZNF530,-0.078511328234328,-0.374686147162557
ENSG00000213699,SLC35F6,0.0965535716851301,0.145131898767063
ENSG00000204147,ASAH2B,-0.053441490395747,0.145590239914654
ENSG00000198231,DDX42,0.105987580101503,0.123462123617219
ENSG00000158467,AHCYL2,0.122792563510052,0.409898045778576
ENSG00000198730,CTR9,-0.0119768391909398,0.0001261141833567
ENSG00000115884,SDC1,0.0995289005018265,-0.110820547129458
ENSG00000214076,CPSF1P1,-0.290573869889363,0.971176281591627
ENSG00000126243,LRFN3,0.128534821792576,0.125074199083786
ENSG00000162971,TYW5,0.139405890965866,0.101414427759953
ENSG00000234585,CCT6P3,0.241278585220408,0.0183254405096003
ENSG00000198799,LRIG2,0.130843713263437,0.175640504051607
ENSG00000233175,FMNL1-AS1,0.415050971051003,0.740960784524249
ENSG00000198727,CYTB,-0.082806538802825,-0.038930779278522
ENSG00000160408,ST6GALNAC6,0.240174508060217,0.316655100799364
ENSG00000133265,HSPBP1,-0.0218852239453413,-0.0401646952413907
ENSG00000078668,VDAC3,0.120302724711557,-0.183136229619113
ENSG00000122696,SLC25A51,0.153092207621808,0.338413110159062
ENSG00000174529,TMEM81,0.310820872363795,-0.134917789644869
ENSG00000108395,TRIM37,0.112001089795605,-0.0212465038101879
ENSG00000213722,DDAH2,0.180575729674822,0.0933634974261259
ENSG00000033030,ZCCHC8,0.124802120280023,0.0598913151397383
ENSG00000127399,LRRC61,0.355654901820363,-0.136384144629138
ENSG00000100033,PRODH,0.321259464263175,0.588036298331678
ENSG00000128710,HOXD10,-0.299461461984066,0.564294289955396
ENSG00000108187,PBLD,0.177145541368276,0.323226274765317
ENSG00000090621,PABPC4,-0.0082166105122046,-0.0203874761963882
ENSG00000149716,LTO1,-0.0398824485580293,0.103826187236484
ENSG00000163347,CLDN1,-0.0204433556115812,0.418547319992877
ENSG00000131732,ZCCHC9,0.147480504491088,-0.086624277150539
ENSG00000136950,ARPC5L,-0.040651572717819,0.0523928431287536
ENSG00000145912,NHP2,-0.036071019650038,-0.321972337590942
ENSG00000075239,ACAT1,-0.0309392145788897,0.0874629479731266
ENSG00000196074,SYCP2,0.248175650481497,-0.275327891386175
ENSG00000008988,RPS20,-0.015101115722312,-0.099731986553066
ENSG00000102226,USP11,-0.0046897721298588,0.0907000380630761
ENSG00000165118,C9orf64,-0.0483151188426163,-0.135320009032472
ENSG00000196839,ADA,-0.056541168787157,0.0215275676602529
ENSG00000182287,AP1S2,-0.064389752939335,-0.133292807005103
ENSG00000189410,SH2D5,-0.103656767118001,0.377859027172218
ENSG00000022567,SLC45A4,0.103478306446385,0.208798027499091
ENSG00000092020,PPP2R3C,-0.062404182871186,0.0383609833341612
ENSG00000106723,SPIN1,-0.0128026130150165,-0.0178539994431544
ENSG00000234851,RPL23AP42,0.300657949025541,-0.00250996479216169
ENSG00000162714,ZNF496,-0.0147643156198951,-0.054693575135781
ENSG00000107223,EDF1,-0.0084724973396496,-0.008751703595185
ENSG00000197329,PELI1,-0.111466808650361,0.399633671141575
ENSG00000214274,ANG,0.166638808529816,0.445130429260811
ENSG00000141219,C17orf80,-0.0210950628530733,-0.0088510311527568
ENSG00000128699,ORMDL1,-0.0472103329850557,0.272090997730768
ENSG00000105887,MTPN,NA,NA
ENSG00000254017,IGHEP2,-0.30209188164657,0.761965827316702
ENSG00000095380,NANS,-0.0446871222935369,0.0346934385713617
ENSG00000134717,BTF3L4,0.127966056910488,-0.0188428218905763
ENSG00000110536,PTPMT1,-0.0382043431203973,-0.049630438005822
ENSG00000104497,SNX16,0.227531490497961,-0.051888830120098
ENSG00000260027,HOXB7,0.162043803461647,-0.171119344634654
ENSG00000173875,ZNF791,0.13805232078885,0.0642000508683177
ENSG00000165752,STK32C,0.149762207197099,-0.156122743033532
ENSG00000178234,GALNT11,0.134803953682966,0.0681443309532996
ENSG00000106052,TAX1BP1,0.122877765256403,0.0166391601112966
ENSG00000120029,ARMH3,0.141968837993908,0.0847105957341666
ENSG00000165288,BRWD3,0.109972748693186,0.180761761032803
ENSG00000197061,H4C3,-0.0292572852744425,-0.338076830432017
ENSG00000102309,PIN4,0.161008912348818,-0.247209167888413
ENSG00000178081,ULK4P3,0.303860876488425,-0.057524872852477
ENSG00000233223,LOC100996842,-0.144094568574848,0.179946799079673
ENSG00000072210,ALDH3A2,0.0953910751938704,-0.107482979584515
ENSG00000235834,LOC101928389,0.265083711972431,0.441631425053606
ENSG00000196912,ANKRD36B,0.145512795088414,-0.108408942399663
ENSG00000138942,RNF185,0.147558944336731,0.281167984207504
ENSG00000152661,GJA1,-0.0129575678838469,0.565478196362338
ENSG00000160336,ZNF761,NA,NA
ENSG00000198960,ARMCX6,0.155764598668043,-0.130231017299251
ENSG00000148291,SURF2,-0.096040382571285,-0.068564806293143
ENSG00000162408,NOL9,0.11227599656368,-0.0087907276510662
ENSG00000111912,NCOA7,0.00614435908547811,0.153515168851206
ENSG00000151498,ACAD8,0.151673547041122,0.0352229251104072
ENSG00000011132,APBA3,0.160699696265339,0.119836498666741
ENSG00000149743,TRPT1,0.191192355141146,0.127291165346264
ENSG00000167377,ZNF23,-0.135170147861729,0.235441031353736
ENSG00000160917,CPSF4,0.12986786849599,0.0931458150464242
ENSG00000224660,SH3BP5-AS1,0.369831214717877,0.280758023667585
ENSG00000143951,WDPCP,0.183218824632149,-0.0097862290263568
ENSG00000147955,SIGMAR1,-0.0073407364545038,-0.234312619458953
ENSG00000125834,STK35,-0.014777751958487,-0.103032506728349
ENSG00000072401,UBE2D1,-0.082784973667076,0.0871545621511114
ENSG00000088451,TGDS,-0.086122706086199,-0.0264268262889176
ENSG00000155858,LSM11,-0.083275833381454,-0.0003255471319491
ENSG00000130772,MED18,-0.075166845572517,0.0495877497865737
ENSG00000235954,TTC28-AS1,0.201448657428264,0.022375415386732
ENSG00000069345,DNAJA2,-0.0015425862439845,-0.078069408921591
ENSG00000133636,NTS,0.136305258583822,0.701099378379366
ENSG00000169372,CRADD,-0.103526067842634,0.365586247320837
ENSG00000168646,AXIN2,0.122548505033981,0.0974454242186041
ENSG00000165874,SHLD2P1,0.410407243870021,-0.283307406629415
ENSG00000133111,RFXAP,-0.193091604944219,0.0490017065792427
ENSG00000280670,CCDC163,0.289702545736031,0.389562682636239
ENSG00000137574,TGS1,0.123921856378878,-0.075315552804378
ENSG00000103227,LMF1,-0.057809811422074,0.415238111147923
ENSG00000169439,SDC2,-0.204203581118595,0.109668979497148
ENSG00000177788,RAB4A-AS1,0.168253542686224,-0.114933561764846
ENSG00000254788,CKLF-CMTM1,0.361294514912899,-0.167215881570227
ENSG00000250021,ARPIN-AP3S2,2.04285709632846,-0.118727251347105
ENSG00000248727,LINC01948,0.242366052711419,0.636706543545316
ENSG00000106258,CYP3A5,0.209584654823791,-0.0119503081910579
ENSG00000018869,ZNF582,-0.30166511945001,-0.374659383224543
ENSG00000198130,HIBCH,0.139344723721219,0.0336186966806228
ENSG00000154277,UCHL1,-0.00607027619834519,-0.0091846140325471
ENSG00000174938,SEZ6L2,-0.0243043218063412,0.0289954540157539
ENSG00000140396,NCOA2,-0.004213252649765,0.0633604962091184
ENSG00000125648,SLC25A23,0.139582449007427,0.0129024221775224
ENSG00000189420,ZFP92,0.328642751954027,0.103170200962163
ENSG00000151694,ADAM17,0.103016522792493,0.0288476675902479
ENSG00000227124,ZNF717,0.168096966559255,0.0621048840299771
ENSG00000196072,BLOC1S2,-0.061385682351556,0.154301466209127
ENSG00000143799,PARP1,-0.0020152723715568,-0.199693706000993
ENSG00000137135,ARHGEF39,-0.0407859630706945,-0.0145612248777993
ENSG00000184227,ACOT1,-0.063844860338956,0.0819861624802213
ENSG00000111716,LDHB,-0.0298876829840563,-0.075222077310155
ENSG00000149177,PTPRJ,-0.0035869192978492,0.103634038206229
ENSG00000196458,ZNF605,0.131260939441123,0.244614682168314
ENSG00000128626,MRPS12,0.108259391402389,-0.244094259165897
ENSG00000105409,ATP1A3,0.261609928261774,0.1790400494705
ENSG00000078804,TP53INP2,-0.055913031622987,0.389335234653164
ENSG00000125944,HNRNPR,0.104302028300221,-0.135992811574335
ENSG00000162910,MRPL55,-0.0477234436762191,0.0294336372538805
ENSG00000174721,FGFBP3,0.360329214851602,-0.369570040557758
ENSG00000228672,PROB1,-0.257942429931508,-0.250329031299446
ENSG00000177694,NAALADL2,0.323029101300921,-0.487981247613762
ENSG00000131931,THAP1,0.184164495773791,0.0164007799009345
ENSG00000173432,SAA1,-0.0309507719971759,0.157682858859658
ENSG00000095906,NUBP2,-0.027710476947744,0.0775336099686627
ENSG00000187953,PMS2CL,0.143033283577025,0.0118508895484632
ENSG00000138346,DNA2,0.133055612557681,-0.074447313533815
ENSG00000165959,CLMN,-0.0056788112923818,0.206989101911676
ENSG00000100519,PSMC6,0.117773425463421,-0.103510436443292
ENSG00000132716,DCAF8,0.102819870274203,0.26360640828085
ENSG00000109686,SH3D19,0.11474887949417,0.0699331287042617
ENSG00000240376,RPS8P8,0.377243117564881,-0.0141608748096199
ENSG00000164088,PPM1M,0.210821443660655,0.109168553615177
ENSG00000204961,PCDHA9,0.219329231107792,-0.229732726095485
ENSG00000089123,TASP1,-0.0472522408339321,0.193260998148328
ENSG00000241527,CA15P1,-0.248342743361084,0.545919865522738
ENSG00000106066,CPVL,-0.157164721977795,0.280567489581189
ENSG00000250988,SNHG21,-0.212937659375687,-0.0102039478255638
ENSG00000141627,DYM,0.130212084304398,0.1397544410095
ENSG00000114166,KAT2B,0.158562788151971,0.318694838771651
ENSG00000168938,PPIC,-0.071001462870325,0.113857318338185
ENSG00000152049,KCNE4,-0.114575869397954,0.272333406866572
ENSG00000137285,TUBB2B,-0.066411297520349,-0.19982597037247
ENSG00000130413,STK33,0.196406708922565,-0.189528730607846
ENSG00000162585,FAAP20,0.154639303089794,0.0587881251675567
ENSG00000166788,SAAL1,0.154905895962558,-0.072186544891489
ENSG00000122705,CLTA,-0.0077419333516353,-0.0012237104994735
ENSG00000151790,TDO2,0.349127042583418,-0.179488470685642
ENSG00000093134,VNN3P,-0.194709188322154,0.838685216350519
ENSG00000245573,BDNF-AS,-0.196441751081964,0.0490386988035208
ENSG00000287925,LOC101928701,0.300282907836919,0.00122793610758781
ENSG00000115310,RTN4,0.0005262308511929,-0.160851380813824
ENSG00000134138,MEIS2,0.139257839864828,0.0311175708002354
ENSG00000243789,JMJD7,-0.293296652494054,0.404288942996373
ENSG00000185808,PIGP,-0.062750260957169,0.196620494607247
ENSG00000109189,USP46,-0.051102274793759,-0.00182701918268389
ENSG00000168283,BMI1,-0.0276794574648065,0.0923888110875269
ENSG00000182809,CRIP2,-0.031467393229221,-0.202115986388328
ENSG00000235109,ZSCAN31,-0.101608182095201,0.128598681786022
ENSG00000136842,TMOD1,-0.193171663512042,-0.493215028704405
ENSG00000183513,COA5,0.190726936309502,0.052399585385998
ENSG00000131116,ZNF428,-0.0496305227345467,-0.096171933272389
ENSG00000154310,TNIK,0.242173127884748,0.336445457714636
ENSG00000056972,TRAF3IP2,-0.0404607816243081,-0.0314933285825723
ENSG00000129933,MAU2,-0.0182041878600473,0.183081422400537
ENSG00000120137,PANK3,-0.00096322872135059,0.138373522398123
ENSG00000187098,MITF,-0.0495321709632422,0.357765952476113
ENSG00000038002,AGA,-0.0473855975352823,0.066039929881423
ENSG00000072736,NFATC3,-0.0031812448518725,-0.0011175089252877
ENSG00000054938,CHRDL2,-0.262066719316235,-0.082991349931927
ENSG00000119953,SMNDC1,-0.0323931602992283,-0.0230075534379004
ENSG00000169021,UQCRFS1,0.10950370360674,-0.071398352812459
ENSG00000214967,NPIPA7,0.20696819808192,-0.0315103193395267
ENSG00000130520,LSM4,-0.02993448295528,-0.090529932365532
ENSG00000113384,GOLPH3,0.117333300601282,0.134964281428077
ENSG00000139998,RAB15,0.121123112437441,0.0712300815203587
ENSG00000137936,BCAR3,-0.0059114236744359,0.168525890131224
ENSG00000102078,SLC25A14,-0.078353469560767,0.205005800002209
ENSG00000090054,SPTLC1,0.113628002413739,-0.06321387943732
ENSG00000250539,KRT8P33,-0.140071455371688,0.366024443371797
ENSG00000148516,ZEB1,-0.0267188973394672,0.0966811921766552
ENSG00000119946,CNNM1,-0.0138434404116898,0.246791214023893
ENSG00000140265,ZSCAN29,0.126200708468393,0.112932638591979
ENSG00000101146,RAE1,-0.0283177445773541,-0.121689558846257
ENSG00000114771,AADAC,-0.05707443709641,0.258409269591995
ENSG00000189403,HMGB1,0.100492413950464,-0.322573158767783
ENSG00000158220,ESYT3,0.308405916946433,-0.133434190232874
ENSG00000169764,UGP2,0.102191018993677,0.114034508127605
ENSG00000273542,H4C12,0.147754603725604,-0.51533287052592
ENSG00000168894,RNF181,-0.0338257264873951,0.0831601939905543
ENSG00000119723,COQ6,-0.051221610163145,0.248002718926729
ENSG00000198715,GLMP,-0.0392165836822817,0.138854371102885
ENSG00000169371,SNUPN,-0.0410721992848969,-0.075356557357752
ENSG00000067704,IARS2,0.110599137015431,-0.0057222065475005
ENSG00000176055,MBLAC2,0.196181422323841,-0.06106533354231
ENSG00000116675,DNAJC6,-0.061032327669807,-0.106036628734821
ENSG00000052802,MSMO1,-0.0365918178956648,-0.632075169796415
ENSG00000169856,ONECUT1,-0.088580750851717,-0.00088445242915969
ENSG00000166589,CDH16,-0.265255296383857,0.439924767584592
ENSG00000135297,MTO1,0.136853722596898,0.0097804754910933
ENSG00000100897,DCAF11,0.128146532738831,0.0722925554210304
ENSG00000213742,ZNF337-AS1,0.165875860005354,0.320828685404573
ENSG00000131238,PPT1,-0.0093577119983376,-0.173073182292581
ENSG00000173451,THAP2,0.221266459522955,-0.145919913361209
ENSG00000144749,LRIG1,-0.066468229826077,0.618484567410697
ENSG00000120685,PROSER1,0.11643981367031,-0.117867142163902
ENSG00000123200,ZC3H13,-0.0236887239180478,0.0172556564264461
ENSG00000047315,POLR2B,0.124831519402183,0.0233500550558099
ENSG00000185869,ZNF829,-0.224055992522963,-0.231778387801074
ENSG00000140374,ETFA,-0.0020640655637314,0.0980320523894382
ENSG00000159140,SON,0.0014265760544497,0.0139306378982747
ENSG00000161558,TMEM143,0.211251376436284,0.230631074738542
ENSG00000205356,TECPR1,0.137806977687223,0.119195863945548
ENSG00000145725,PPIP5K2,0.122737561451448,-0.07239655614032
ENSG00000148688,RPP30,0.140463409422552,-0.073229195719622
ENSG00000105699,LSR,-0.0164441975835075,-0.019819574638038
ENSG00000114529,C3orf52,-0.0410476693358381,0.366029578794164
ENSG00000121058,COIL,-0.0354426015265499,0.0195941559736926
ENSG00000087299,L2HGDH,-0.0286590220339989,-0.097083426474784
ENSG00000171017,LRRC8E,-0.335920770047679,0.135408569023445
ENSG00000170545,SMAGP,-0.077588190145634,-0.0348129938404987
ENSG00000148481,MINDY3,0.168016180480242,0.256831365651762
ENSG00000144134,RABL2A,0.170660392441478,0.310642779030843
ENSG00000114115,RBP1,-0.176976029850674,-0.21882836098528
ENSG00000289007,LOC101928092,0.348607954659633,0.208047601823661
ENSG00000100348,TXN2,-0.0254071889303349,-0.0404970973769737
ENSG00000024422,EHD2,-0.0006904930178716,0.259269786761473
ENSG00000198752,CDC42BPB,0.0079084649267027,0.135753313665715
ENSG00000119725,ZNF410,-0.0221591579110832,0.153145952042573
ENSG00000148444,COMMD3,0.155927205362877,-0.0339710457997506
ENSG00000251136,RIPK2-DT,0.122881626565526,0.301582535684218
ENSG00000203995,ZYG11A,0.173364904591791,0.1134071275101
ENSG00000169258,GPRIN1,-0.0397083225016337,-0.204565892817867
ENSG00000137880,GCHFR,0.353885467440143,0.309350679553452
ENSG00000178585,CTNNBIP1,0.217204142123538,-0.239339334229891
ENSG00000225470,JPX,0.137637613675007,0.161024861186309
ENSG00000047365,ARAP2,-0.053986763043444,0.152624369038481
ENSG00000185621,LMLN,0.170837493309094,-0.0243004571765964
ENSG00000163655,GMPS,0.0994611669401159,-0.220479032967388
ENSG00000148835,TAF5,-0.101143426927881,-0.311311936780707
ENSG00000183049,CAMK1D,-0.0216604313641853,0.499502926785833
ENSG00000108946,PRKAR1A,0.00828685987720251,0.0361405521293644
ENSG00000171865,RNASEH1,-0.020120157331851,0.0207136252886852
ENSG00000169621,APLF,0.205235216120467,0.158153151818034
ENSG00000112996,MRPS30,-0.018076889561416,-0.0200729746898936
ENSG00000109689,STIM2,-0.0310757474264457,-0.214528564453003
ENSG00000242612,DECR2,-0.053509553345758,0.528181993332962
ENSG00000213988,ZNF90,0.367599535635426,-0.297783263372053
ENSG00000135338,LCA5,0.228548767285439,-0.105327914048063
ENSG00000142556,ZNF614,0.711400588774752,-0.016341973454355
ENSG00000128607,KLHDC10,0.124746089119956,-0.0337227737949222
ENSG00000147872,PLIN2,0.114331441118897,0.840499419972366
ENSG00000134548,SPX,0.163152827625369,0.450682778581629
ENSG00000114853,ZBTB47,0.15508705290763,0.0057660498263517
ENSG00000161270,NPHS1,NA,NA
ENSG00000122378,PRXL2A,0.124779362130434,0.0679152979062455
ENSG00000126246,IGFLR1,0.620092482916896,-0.34860367986774
ENSG00000273311,DGCR11,-0.173885273179541,-0.413266385207375
ENSG00000128294,TPST2,0.181958345792823,0.126346907213991
ENSG00000168118,RAB4A,-0.065091930294353,0.293798508994577
ENSG00000104960,PTOV1,-0.00983169933578409,0.0422040012565043
ENSG00000196914,ARHGEF12,0.100132952906181,0.179406032558797
ENSG00000142875,PRKACB,0.136606382906597,-0.122650897366849
ENSG00000135912,TTLL4,-0.0129406956648413,-0.107196220291397
ENSG00000197448,GSTK1,-0.0200696833351056,0.0155555635113442
ENSG00000258701,LINC00638,-0.188278308917789,0.0955930405621487
ENSG00000154813,DPH3,-0.0270704375949745,0.0065831033735918
ENSG00000143013,LMO4,0.134355311845501,-0.0214663582963841
ENSG00000092010,PSME1,0.0044974919857826,-0.188107580136968
ENSG00000087077,TRIP6,0.136919514093437,0.171726555849272
ENSG00000099817,POLR2E,-0.0096248949462412,0.0307461026700674
ENSG00000103264,FBXO31,-0.0204644114445493,0.0245951221817481
ENSG00000170734,POLH,0.130777992576312,-0.201769374395083
ENSG00000164284,GRPEL2,-0.018066865356022,0.0376665807212017
ENSG00000100650,SRSF5,0.104507931298595,0.0783067992887374
ENSG00000131067,GGT7,0.161050621749102,0.341259688984323
ENSG00000139163,ETNK1,0.112870826784931,0.114054833736005
ENSG00000171723,GPHN,0.123033366112693,-0.0433214992919335
ENSG00000137968,SLC44A5,0.301833615013752,0.480810988019807
ENSG00000142867,BCL10,0.155690388938207,0.0847618358408908
ENSG00000130244,FAM98C,0.164817091767768,-0.285008907941228
ENSG00000147044,CASK,-0.0038302751900131,0.112307221547727
ENSG00000120860,WASHC3,0.150051481477591,-0.0333101753311845
ENSG00000169228,RAB24,-0.061622085060479,0.222215737449951
ENSG00000151725,CENPU,0.153854693732962,-0.340057373643603
ENSG00000139990,DCAF5,-0.00713774064540749,0.170147555852643
ENSG00000239900,ADSL,-0.0182131674943221,0.195201646454116
ENSG00000151532,VTI1A,0.115965401825527,0.0819065992215422
ENSG00000078246,TULP3,0.134512248102893,-0.133915466493454
ENSG00000125611,CHCHD5,0.152298314628425,-0.331545658755238
ENSG00000214029,ZNF891,0.141282350828965,-0.0408890731976531
ENSG00000139899,CBLN3,-0.158596179479774,0.388815066734929
ENSG00000237945,LINC00649,-0.099741613933895,-0.257683446945679
ENSG00000186918,ZNF395,0.405107338828583,-0.0089837701185074
ENSG00000283498,MIR1244-2,0.319594625744673,-0.665660352612962
ENSG00000178919,FOXE1,0.225377040643108,-0.301113987594001
ENSG00000102854,MSLN,-0.229072965647086,0.255193934125535
ENSG00000141524,TMC6,0.140796608598372,0.215566865545783
ENSG00000115266,APC2,-0.154280189447835,-0.050074828365688
ENSG00000073803,MAP3K13,0.125945038367909,0.0396155624379259
ENSG00000116350,SRSF4,-0.0162609649015728,0.24396417406519
ENSG00000120539,MASTL,-0.0059123716192881,-0.259148841535235
ENSG00000136244,IL6,-0.063832148427646,0.802700074343719
ENSG00000164506,STXBP5,0.109447028763198,0.214948656207158
ENSG00000149564,ESAM,-0.231229275645662,0.466332777209873
ENSG00000171084,FAM86JP,-0.113889698116844,0.257081990461853
ENSG00000170315,UBB,0.010060111372781,0.0160972470757539
ENSG00000164542,KIAA0895,0.17700768304424,0.0639248517525385
ENSG00000215784,FAM72D,0.186270587260849,-0.467459552822727
ENSG00000162885,B3GALNT2,-0.0069175570489627,0.0548734193693293
ENSG00000111817,DSE,-0.025735129961146,0.155253641646828
ENSG00000152465,NMT2,0.154463053768605,-0.182443684557339
ENSG00000196547,MAN2A2,0.123388716002105,0.321232664981596
ENSG00000129968,ABHD17A,0.128580266106935,0.140993379961591
ENSG00000100034,PPM1F,-0.0125598361859897,-0.063552203038274
ENSG00000188033,ZNF490,0.211109963552158,-0.314565332037162
ENSG00000164117,FBXO8,-0.059818807323235,0.24635423216852
ENSG00000130254,SAFB2,-0.0159838066643906,0.03275792768828
ENSG00000153406,NMRAL1,0.134821061489927,0.0551375591269519
ENSG00000108375,RNF43,0.103700241370818,0.247749856573702
ENSG00000157111,TMEM171,-0.218126844503938,0.109346675536506
ENSG00000112144,CILK1,0.133946984582796,-0.120477644961062
ENSG00000232176,RPS6P10,0.198228269416313,-0.0472115830611174
ENSG00000058453,CROCC,-0.062270529688485,0.0245132570330805
ENSG00000125898,FAM110A,0.204141112359628,-0.188456940368057
ENSG00000109323,MANBA,-0.0236484545887232,0.0997479166059281
ENSG00000110066,KMT5B,-0.0220313669044108,0.124489248811624
ENSG00000124570,SERPINB6,0.104311382023604,0.0367551046600012
ENSG00000139496,NUP58,-0.0312851633043312,-0.0316141098663713
ENSG00000180592,SKIDA1,0.186633164097573,-0.336434295225888
ENSG00000103490,PYCARD,0.254224810542045,-0.08698927120779
ENSG00000238142,LOC105376805,0.358750515810209,-0.399054794696189
ENSG00000134716,CYP2J2,-0.138448194702527,0.0625794401496831
ENSG00000212125,TAS2R15P,0.2292697140745,-0.394852012391786
ENSG00000023330,ALAS1,0.104971764644617,0.0094552247518482
ENSG00000124767,GLO1,-0.0115582261578019,-0.118539303316161
ENSG00000148296,SURF6,-0.0387212884832451,-0.146719046796768
ENSG00000101294,HM13,-0.0100203280795555,0.044833077311933
ENSG00000139880,CDH24,0.151924938770391,-0.074151038111329
ENSG00000280018,LOC105379499,0.282471144548647,-0.063683776916919
ENSG00000274333,LOC102724219,-0.0454895438479444,-0.084488836874754
ENSG00000238083,LRRC37A2,0.141314153957166,0.169622572177317
ENSG00000198908,BHLHB9,-0.621064702523327,0.598592737388174
ENSG00000183137,CEP57L1,0.376833984351962,0.100651735207939
ENSG00000125821,DTD1,-0.0163424343227899,-0.065626786306563
ENSG00000228570,NUTM2E,0.235856188522725,-0.206738173310658
ENSG00000116690,PRG4,0.240267188935494,0.134537712233725
ENSG00000228451,SDAD1P1,0.321633699299152,0.157869773255904
ENSG00000155085,AK9,0.334207783915122,0.401192081665358
ENSG00000004961,HCCS,-0.0161897905486924,-0.0271817393427167
ENSG00000100221,JOSD1,-0.008994663766233,0.05900905937579
ENSG00000204469,PRRC2A,0.101669170897224,-0.089792153639752
ENSG00000215374,FAM66B,0.32838252744027,0.367418947349567
ENSG00000085552,IGSF9,-0.081647219695329,-0.517115031435839
ENSG00000102543,CDADC1,-0.162216785317735,0.325972113589019
ENSG00000033011,ALG1,-0.0301882432865471,-0.0278869590652347
ENSG00000138780,GSTCD,0.140955099360545,-0.27951239590163
ENSG00000133250,ZNF414,-0.118041732690118,-0.163954608743003
ENSG00000113108,APBB3,0.22350802376438,0.126952779732866
ENSG00000206712,RNU6-26P,0.288813217969162,-0.0188615283268385
ENSG00000188368,PRR19,-0.200751821481426,0.18060345417631
ENSG00000149932,TMEM219,-0.0236772725820158,0.152699181914361
ENSG00000260942,CAPN10-DT,-0.1405201291009,0.157514214689645
ENSG00000172046,USP19,-0.0120115760026537,0.058277203055432
ENSG00000119508,NR4A3,-0.140173642733325,0.572864348140657
ENSG00000158435,CNOT11,0.110190100692691,-0.092560254157482
ENSG00000072415,PALS1,0.11434994419043,-0.0154300694875744
ENSG00000141098,GFOD2,0.132278685360446,0.0232251677249639
ENSG00000182263,FIGN,-0.0370829496701784,0.0841952778202979
ENSG00000285269,SLC35D2,-0.306819328126211,0.0002857296210029
ENSG00000180979,LRRC57,-0.073909481614193,-0.057480885603075
ENSG00000221829,FANCG,-0.0263620050746942,-0.252181626551104
ENSG00000184708,EIF4ENIF1,-0.02079805998461,0.0439517990439615
ENSG00000138036,DYNC2LI1,0.18613642000985,0.0290562363621966
ENSG00000180182,MED14,0.0959295635557344,0.0259183384995709
ENSG00000127022,CANX,0.0076865644387556,-0.0246539773983415
ENSG00000106245,BUD31,-0.0104369089158223,-0.085994390086866
ENSG00000137414,FAM8A1,0.137837741377077,0.473344724192485
ENSG00000066855,MTFR1,0.12215590991014,0.0465117774853302
ENSG00000225880,LINC00115,-0.266102156871518,0.208429430507887
ENSG00000182240,BACE2,-0.0337192751626639,0.0415765677462989
ENSG00000081087,OSTM1,-0.0420461695377063,0.181234951163972
ENSG00000128805,ARHGAP22,0.211039093975282,-0.107517912466017
ENSG00000223773,CD99P1,-0.079022849637376,0.25903363942786
ENSG00000100354,TNRC6B,0.104181803335365,0.121376239850997
ENSG00000278156,TSC22D1-AS1,-0.265778123321607,-0.281056712281901
ENSG00000103671,TRIP4,-0.0201082625379041,0.108287297362713
ENSG00000120868,APAF1,0.114713562604639,-0.217851238279841
ENSG00000131467,PSME3,0.0032139310190315,-0.117892701325205
ENSG00000182544,MFSD5,-0.0271459387385737,-0.087295007018691
ENSG00000278970,HEIH,-0.0470489836119311,-0.0406298247955013
ENSG00000115539,PDCL3,-0.0430472750110362,-0.042726370467454
ENSG00000221838,AP4M1,-0.061555124797901,0.161897569903568
ENSG00000109332,UBE2D3,0.0934199580667603,-0.0545959413145
ENSG00000153767,GTF2E1,0.121751929685573,-0.264054337486922
ENSG00000132334,PTPRE,-0.092778731645252,0.0311774114798626
ENSG00000139291,TMEM19,0.121885728758844,-0.184563299340477
ENSG00000162825,NBPF20,0.121295659636291,0.012341286017302
ENSG00000207389,RNU1-4,-0.174980272157666,-0.0521366826224
ENSG00000158850,B4GALT3,0.117067461999531,-0.070378832610175
ENSG00000154027,AK5,-0.189038049891863,-0.078653605795884
ENSG00000086758,HUWE1,0.0130068328952656,0.0795399576749454
ENSG00000089876,DHX32,0.12582434724884,0.01749569175283
ENSG00000076513,ANKRD13A,-0.0217011557452567,0.25590376759108
ENSG00000167792,NDUFV1,-0.0074689214061382,0.0461801912870066
ENSG00000265972,TXNIP,-0.00286657181449099,-0.272968628075161
ENSG00000103852,TTC23,0.118893674277378,-0.0227913622499698
ENSG00000175311,ANKS4B,0.224562197963279,0.13605678986843
ENSG00000234362,LINC01914,0.242967613517311,0.148265805429841
ENSG00000188603,CLN3,-0.0381300559344508,0.212430262317752
ENSG00000070476,ZXDC,-0.0204505708892568,0.173984296262629
ENSG00000130770,ATP5IF1,0.175622100709991,-0.192670041627399
ENSG00000266173,STRADA,0.122100287502502,0.114920040844286
ENSG00000136986,DERL1,-0.0033479187371132,0.137557155652686
ENSG00000228463,RPL23AP21,0.266759829216843,0.132965701587943
ENSG00000169951,ZNF764,-0.083025418316176,0.346725519996212
ENSG00000204498,NFKBIL1,-0.057646737180342,0.0601412130077624
ENSG00000157470,FAM81A,0.177578559873399,0.0584340597039462
ENSG00000259305,ZHX1-C8orf76,0.246240963553768,-0.424108926494358
ENSG00000164631,ZNF12,-0.023434037810328,0.0557817433395804
ENSG00000177971,IMP3,-0.0139910912759412,-0.016374039018937
ENSG00000134146,DPH6,-0.125899766426552,0.0356948513998127
ENSG00000072756,TRNT1,0.123415886528789,0.0438252298819766
ENSG00000132879,FBXO44,0.145189581091705,0.243064344316573
ENSG00000185864,NPIPB4,0.14588692947673,0.17562612321855
ENSG00000106367,AP1S1,0.114742793366966,-0.0331850005044128
ENSG00000171560,FGA,0.103717904933094,0.387316587527786
ENSG00000108094,CUL2,0.115152517700475,0.0022660966903199
ENSG00000174206,KICS2,-0.0324533334219387,0.263358694072898
ENSG00000121989,ACVR2A,-0.0462267225090692,0.0661131956222963
ENSG00000198692,EIF1AY,0.174835493535006,-0.266170935174246
ENSG00000149929,HIRIP3,-0.071816235279822,-0.382441522561747
ENSG00000170390,DCLK2,0.145097070060295,0.166355301418496
ENSG00000278311,GGNBP2,0.0011997916825871,0.159449619057735
ENSG00000204311,PJVK,0.297699136525546,0.222648517308748
ENSG00000115145,STAM2,-0.0171790508547274,0.118458293895999
ENSG00000123892,RAB38,-0.156205192975363,-0.188809102817523
ENSG00000243364,EFNA4,-0.084471745328908,-0.251022586813471
ENSG00000168152,THAP9,0.225870852510746,0.152614529675951
ENSG00000120253,NUP43,0.107238250481585,-0.240661305691879
ENSG00000174197,MGA,-0.0025947136631361,0.204655907785271
ENSG00000278023,RDM1,0.309808541066297,-0.515982384187142
ENSG00000188997,KCTD21,-0.547960154186578,0.577152394038368
ENSG00000090097,PCBP4,0.153047386223488,0.0130914963890949
ENSG00000163002,NUP35,-0.0320462392271014,-0.176419279547941
ENSG00000144895,EIF2A,-0.00991197867082329,0.0290569174364354
ENSG00000118454,ANKRD13C,-0.0401323603275238,-0.0482779137748674
ENSG00000185753,CXorf38,-0.0227236566227084,0.125843877520724
ENSG00000049167,ERCC8,0.121998386482969,0.168231805887347
ENSG00000166415,WDR72,0.109353697119998,0.290520618704573
ENSG00000168071,CCDC88B,0.209915259056936,0.36063683569537
ENSG00000081760,AACS,-0.0040367622883222,-0.098419059470085
ENSG00000081818,PCDHB4,-0.289502679942652,0.0217469088236138
ENSG00000100412,ACO2,-0.0058904347380939,0.0118154232243815
ENSG00000170381,SEMA3E,-0.223565554319364,-0.456636003131816
ENSG00000115977,AAK1,0.0981343690942686,-0.0407581198181504
ENSG00000198912,C1orf174,0.1414850944305,-0.206857635790965
ENSG00000222047,C10orf55,-0.251411939706912,0.399117719851903
ENSG00000197555,SIPA1L1,-0.0115735339279123,-0.0191388681999325
ENSG00000187091,PLCD1,0.190236465809424,0.143666045400914
ENSG00000236849,LINC01474,0.186230011083046,-0.242749664031271
ENSG00000151006,PRSS53,0.270783043708477,0.247409448732618
ENSG00000160691,SHC1,0.0977135274810323,0.0471689656393506
ENSG00000162004,CCDC78,0.342245977623736,0.680819309751359
ENSG00000260287,TBC1D3G,-0.311389693812587,0.164384155825969
ENSG00000150967,ABCB9,0.167945937040272,-0.0317343213507992
ENSG00000126709,IFI6,-0.0096950220137068,-0.0344979249929911
ENSG00000146826,TRAPPC14,0.150648799510386,0.130783863893148
ENSG00000134255,CEPT1,0.135377016850181,-0.0095208429916117
ENSG00000197943,PLCG2,-0.062020852719191,0.415013837667118
ENSG00000103042,SLC38A7,0.130583691640139,0.273549400993594
ENSG00000003756,RBM5,0.101749638209205,0.167295232663627
ENSG00000182518,FAM104B,0.223394271447154,-0.488062627057637
ENSG00000165678,GHITM,0.0025863117627323,0.0616589024469527
ENSG00000197594,ENPP1,-0.0322375883745332,0.115641275347705
ENSG00000112320,SOBP,0.372584741013388,-0.429630543093697
ENSG00000196199,MPHOSPH8,-0.0299862196345897,0.119747916520271
ENSG00000259330,INAFM2,-0.108958888611574,-0.475717329967752
ENSG00000182986,ZNF320,-0.11249907585696,-0.087720503234749
ENSG00000111237,VPS29,-0.0123947686227838,0.0463804532619447
ENSG00000011243,AKAP8L,-0.0138816722855889,0.323530834646493
ENSG00000183963,SMTN,-0.0311286142030277,0.114592873083443
ENSG00000241973,PI4KA,-0.003894847235695,0.142816515720142
ENSG00000125449,ARMC7,-0.055813739233715,0.0737481988785079
ENSG00000079263,SP140,-0.246058772660763,0.594314772034975
ENSG00000161921,CXCL16,-0.0275656713516708,-0.076304623357123
ENSG00000155561,NUP205,-0.0035981038617025,-0.177925062724849
ENSG00000119396,RAB14,0.102157146291324,-0.070822814281552
ENSG00000213906,LTB4R2,0.159607125933135,0.299138188739083
ENSG00000138398,PPIG,0.123148681457388,-0.091964190381361
ENSG00000256087,ZNF432,-0.075260194627495,0.268151238564702
ENSG00000177646,ACAD9,-0.0267088105439918,0.181511303174939
ENSG00000155090,KLF10,-0.0039005319391849,0.126840850091939
ENSG00000105708,ZNF14,0.220707708095743,-0.07996748661998
ENSG00000139624,CERS5,-0.0150240049206226,-0.068970721671076
ENSG00000204175,GPRIN2,0.110525234147525,0.0361401552882651
ENSG00000104763,ASAH1,-0.00628117611007049,0.198860743742868
ENSG00000091483,FH,0.126011704120109,-0.064450912004406
ENSG00000267530,LINC01836,0.197442553523934,0.0742888112436672
ENSG00000169220,RGS14,0.191981764237466,-0.231459235291276
ENSG00000166965,RCCD1,0.125527716013537,-0.0250861765825143
ENSG00000163512,AZI2,-0.0102998716395357,0.42400167794483
ENSG00000142945,KIF2C,0.122211633134353,-0.541453854367575
ENSG00000149930,TAOK2,-0.0100426670161883,0.0159776465573161
ENSG00000176681,LRRC37A,0.163272231306422,0.0250378663235897
ENSG00000169398,PTK2,0.0964267807642836,0.0617169593832326
ENSG00000227268,KLLN,0.331088758646208,-0.018888487505353
ENSG00000214756,CSKMT,-0.0490510245591394,-0.238681518569677
ENSG00000104856,RELB,-0.0134952075401908,0.254302090614181
ENSG00000092036,HAUS4,0.119849743526439,-0.221577003616473
ENSG00000134222,PSRC1,-0.0450445578787037,-0.550736245007564
ENSG00000060140,STYK1,-0.159414955156712,-0.317951097864213
ENSG00000237883,DGUOK-AS1,0.323556096260655,0.146316265596786
ENSG00000136783,NIPSNAP3A,-0.066835010861769,-0.135064254558266
ENSG00000160271,RALGDS,-0.0355247513142526,0.211185864648804
ENSG00000198053,SIRPA,-0.0086528632053993,-0.276481696940068
ENSG00000079739,PGM1,0.111529788401154,-0.0424957840985875
ENSG00000236144,TMEM147-AS1,0.130844227761787,-0.080827421594375
ENSG00000125686,MED1,0.0042311690711068,0.0724095936763442
ENSG00000116729,WLS,0.120784176385122,0.115004780521645
ENSG00000120688,WBP4,0.189264533931197,-0.261065956448311
ENSG00000135185,TMEM243,0.157974621706487,-0.400993335384298
ENSG00000196814,MVB12B,0.14171769258015,-0.0438651811112816
ENSG00000177485,ZBTB33,0.113822865636757,0.024614753332475
ENSG00000131943,C19orf12,-0.0216592232173842,0.174981594207244
ENSG00000198064,NPIPB13,0.170459756881926,-0.057152078412844
ENSG00000272150,NBPF25P,0.185526249473248,0.0147570920049852
ENSG00000099899,TRMT2A,0.125509848850877,-0.060831256688577
ENSG00000234745,HLA-B,0.0899908671443386,0.114883800862219
ENSG00000198435,NRARP,0.275705509650353,-0.293634252874002
ENSG00000107949,BCCIP,0.120991508450435,-0.145672258543688
ENSG00000251369,ZNF550,0.162379263227159,0.0922098674493987
ENSG00000173227,SYT12,-0.070439091693373,0.290376272593877
ENSG00000175073,VCPIP1,-0.0052786810321869,0.0323268219938431
ENSG00000173221,GLRX,-0.0100812245491554,0.319582299682764
ENSG00000186020,ZNF529,0.215559650501343,0.409394929647371
ENSG00000183876,ARSI,-0.076095103185409,-0.423911195530189
ENSG00000178404,CEP295NL,0.255439758829654,0.172672522018569
ENSG00000100271,TTLL1,-0.207978816151777,0.529448772189038
ENSG00000134461,ANKRD16,-0.072439860706445,0.238124358782177
ENSG00000186577,SMIM29,-0.077286163515242,0.143570551100627
ENSG00000092094,OSGEP,0.146818053963257,0.102245829217411
ENSG00000166169,POLL,-0.0211738225920077,0.187575170981473
ENSG00000068903,SIRT2,0.131835057055452,0.165717421088205
ENSG00000258366,RTEL1,0.135904767948767,-0.0196450240417953
ENSG00000204531,POU5F1,0.207381903695733,0.78027943541561
ENSG00000168807,SNTB2,-0.0014550856734196,-0.0249084167734051
ENSG00000114861,FOXP1,0.105120934488007,0.0828666524005257
ENSG00000164944,VIRMA,-0.0052952368217634,0.0333827131364876
ENSG00000167136,ENDOG,0.192664702811684,-0.512892217812281
ENSG00000140382,HMG20A,-0.011085868542385,0.0985092682156506
ENSG00000182771,GRID1,0.325655661854793,-0.067376651595307
ENSG00000162757,C1orf74,-0.064071464235126,-0.069597898719097
ENSG00000231172,EVA1A-AS,0.249388363636034,0.58960249173109
ENSG00000054148,PHPT1,0.10777171446889,-0.083077112424999
ENSG00000257698,GIHCG,0.215647847564106,-0.347090488941221
ENSG00000204351,SKIV2L,-0.0115166555302759,0.354700739618019
ENSG00000269609,C10orf95-AS1,-0.074690088697604,-0.216466849511186
ENSG00000197045,GMFB,-0.0272605960969056,0.178788473380524
ENSG00000111790,FGFR1OP2,0.139329165001644,0.169544385728848
ENSG00000185515,BRCC3,0.137001141219218,-0.1128366399881
ENSG00000116096,SPR,-0.0166249458898165,-0.178704267663309
ENSG00000148832,PAOX,0.425669368029523,-0.156168611274423
ENSG00000285793,ANAPC1P2,-0.046731313827418,0.0625666939659063
ENSG00000145990,GFOD1,0.119299249136956,0.225528724604547
ENSG00000123473,STIL,-0.0124412788060416,-0.305073443565756
ENSG00000148143,ZNF462,-0.0042170211820989,-0.052896170982101
ENSG00000014641,MDH1,0.110251549982784,0.0246954522322029
ENSG00000091986,CCDC80,-0.0171145674074748,-0.356600806810378
ENSG00000005238,FAM214B,-0.0401238544510637,0.0319680849625025
ENSG00000185340,GAS2L1,-0.0300191684794292,-0.089057226526248
ENSG00000251169,LINC01843,-0.149018164886716,-0.059311216459981
ENSG00000127314,RAP1B,0.107538022047105,0.0020364399014277
ENSG00000163281,GNPDA2,0.15642358873569,-0.428846242092031
ENSG00000182534,MXRA7,-0.0179848204617038,0.0585395510391895
ENSG00000007376,RPUSD1,-0.0188977745782966,-0.148517505878096
ENSG00000232593,KANTR,0.163667117607178,-0.0114709918837515
ENSG00000121542,SEC22A,-0.0478866086720183,-0.055551554646918
ENSG00000180008,SOCS4,0.110844836695868,0.0702826501158978
ENSG00000055147,FAM114A2,-0.044143510885275,0.279409689108436
ENSG00000186448,ZNF197,NA,NA
ENSG00000243646,IL10RB,0.147048829551396,0.0769613875601869
ENSG00000135245,HILPDA,0.143266461208166,0.502803277945485
ENSG00000203930,LINC00632,0.883497740345444,-0.98245658084048
ENSG00000076242,MLH1,-0.00611062495248939,-0.10690082913723
ENSG00000116985,BMP8B,0.171112783949824,-0.473325789893935
ENSG00000169432,SCN9A,0.112663559583417,0.217816230444531
ENSG00000106603,COA1,0.0990014372854233,0.0436155399191299
ENSG00000196296,ATP2A1,0.291369282558989,0.764463393775218
ENSG00000177989,ODF3B,-0.05924725123065,0.607920509199904
ENSG00000135750,KCNK1,-0.0154850319879627,0.149950750636938
ENSG00000100380,ST13,0.0922931969322496,-0.0019259836027261
ENSG00000115649,CNPPD1,-0.0246712553664546,0.110016472149889
ENSG00000151923,TIAL1,0.104487640532548,0.0277712008234586
ENSG00000125462,MIR9-1HG,-0.086864071907285,-0.514865624152121
ENSG00000197586,ENTPD6,5.7845277737105e-05,0.0619306526296751
ENSG00000147894,C9orf72,0.190913447608422,-0.132796229757164
ENSG00000087338,GMCL1,0.133727045100371,0.113368391462206
ENSG00000140553,UNC45A,0.10114539092896,0.0285109841528905
ENSG00000121897,LIAS,0.177431361723022,-0.055172767715781
ENSG00000258405,ZNF578,-0.186800004912461,-0.621828690865615
ENSG00000087269,NOP14,-0.0099282308760116,-0.215295485263269
ENSG00000175395,ZNF25,0.1956468353186,-0.0282150094287611
ENSG00000113013,HSPA9,-0.0018608422942085,0.10389482610178
ENSG00000179859,RNF227,-0.170817398985356,0.0799687877433485
ENSG00000100239,PPP6R2,0.11486687319462,0.259208013549622
ENSG00000226950,DANCR,0.142332277268754,-0.177681349615887
ENSG00000122026,RPL21,-0.00024432574092769,-0.187862470753961
ENSG00000154144,TBRG1,-0.0232620756102377,0.171767111146796
ENSG00000187051,RPS19BP1,-0.0391950167744504,-0.098398045246177
ENSG00000178852,EFCAB13,0.225623851127499,-0.0255906644617647
ENSG00000078237,TIGAR,0.10362308988998,0.103414898292593
ENSG00000161638,ITGA5,-0.00239557271294229,0.334345732155367
ENSG00000203724,C1orf53,-0.242304070930032,-0.189310069349846
ENSG00000148335,NTMT1,0.134710021899872,-0.0296608322118803
ENSG00000143507,DUSP10,-0.0407505464044597,0.372935006955408
ENSG00000086848,ALG9,0.123943710731818,-0.226313078989006
ENSG00000109445,ZNF330,-0.0435986340935921,0.192950995178369
ENSG00000115318,LOXL3,0.336663614206527,-0.0341197257636001
ENSG00000070761,CFAP20,-0.0408113698057512,-0.00412153440875949
ENSG00000112877,CEP72,0.139061091894855,0.0516189885915283
ENSG00000173065,FAM222B,0.10844112071829,-0.087570733439656
ENSG00000253598,SLC10A5,0.328999240432998,0.292231561451031
ENSG00000108389,MTMR4,0.10672666312675,-0.125285701854374
ENSG00000171533,MAP6,0.285038702238855,-0.408951414402487
ENSG00000151465,CDC123,0.114142362714295,-0.135251971435941
ENSG00000109063,MYH3,0.230684643043583,0.427585408505076
ENSG00000118705,RPN2,0.00877776908643951,0.0896456816200877
ENSG00000185670,ZBTB3,-0.101637315170602,0.105748609038463
ENSG00000103005,USB1,0.102231292401217,0.0401905892714669
ENSG00000106992,AK1,0.381903566715197,0.0807781213271136
ENSG00000160703,NLRX1,-0.0225858393580887,0.160446128024171
ENSG00000134897,BIVM,-0.249665054504484,-0.289029141937163
ENSG00000138434,ITPRID2,0.0034580184207717,0.224841400301796
ENSG00000163683,SMIM14,-0.0190849339054106,0.137870461367631
ENSG00000106605,BLVRA,-0.0191294577195562,0.0869734381410282
ENSG00000175322,ZNF519,0.173093703190442,-0.288891421210601
ENSG00000105556,MIER2,-0.0293968737761758,0.090913969929734
ENSG00000117906,RCN2,0.118773008827079,-0.169412360206519
ENSG00000139436,GIT2,0.0988411609744539,0.132887263463075
ENSG00000177034,MTX3,-0.0213370802304672,0.0904791555283318
ENSG00000189376,C8orf76,-0.0404921394012425,0.0740744893755818
ENSG00000106153,CHCHD2,-0.0076256449734227,-0.240185260856526
ENSG00000109790,KLHL5,0.100150802291828,0.15280799066606
ENSG00000206573,THUMPD3-AS1,0.111193665162888,0.152239258524278
ENSG00000162878,PKDCC,-0.0138625551481672,0.441185529920699
ENSG00000089169,RPH3A,-0.206665127076036,0.707675639434403
ENSG00000100417,PMM1,-0.0411654100425269,0.0504988191431625
ENSG00000164306,PRIMPOL,0.189561429844679,-0.219727227376559
ENSG00000162642,C1orf52,-0.076196197193501,0.0885635141777828
ENSG00000021355,SERPINB1,-0.0034062219205112,0.329592029643551
ENSG00000266962,HSD17B1-AS1,-0.0322296451752142,-0.044520108164387
ENSG00000183309,ZNF623,-0.0058520336499715,0.108934554461105
ENSG00000100284,TOM1,0.133493972816631,0.381643203851792
ENSG00000117533,VAMP4,0.194296662551739,0.117326216894939
ENSG00000185684,EP400P1,0.130043725082227,0.190054778238873
ENSG00000177427,MIEF2,-0.078860557228356,0.181236335807702
ENSG00000196511,TPK1,-0.175472196650738,0.231762693203636
ENSG00000068308,OTUD5,-0.0021377509240373,0.0810554221718301
ENSG00000196653,ZNF502,0.201228307372531,0.133817442197239
ENSG00000203727,SAMD5,0.238042149921698,-0.055684617413233
ENSG00000109534,GAR1,0.135320884855369,-0.236272043141057
ENSG00000168453,HR,0.134937442974903,0.283726318397046
ENSG00000130299,GTPBP3,-0.080860738844379,0.0194939727249594
ENSG00000279516,FAM230C,-0.069005278597415,0.0296385597418798
ENSG00000112763,BTN2A1,-0.0128385146970633,0.145050980262782
ENSG00000176108,CHMP6,0.150167988053522,-0.0023890890116738
ENSG00000164346,NSA2,0.125396287255932,-0.273399065786981
ENSG00000120697,ALG5,-0.0236859795357269,-0.0169960575140541
ENSG00000172006,ZNF554,0.291449051876885,0.389087590664093
ENSG00000013810,TACC3,0.00195627922829771,-0.529477684566722
ENSG00000116898,MRPS15,0.134401521186416,-0.153723982106279
ENSG00000137210,TMEM14B,0.123159621936153,-0.263336259445262
ENSG00000104756,KCTD9,0.107628687361422,0.0756220997618247
ENSG00000174021,GNG5,-0.0305610905941842,-0.19180074367172
ENSG00000186523,FAM86B1,0.238199086146798,0.33819422443783
ENSG00000185187,SIGIRR,-0.071328119532917,0.0318834137209189
ENSG00000154309,DISP1,-0.0444104167030721,0.117207922160107
ENSG00000115234,SNX17,-0.0081881116189652,0.0962190060957313
ENSG00000197530,MIB2,0.141261150406874,0.47424340987069
ENSG00000175467,SART1,-0.0024202516923229,-0.165657735607883
ENSG00000106443,PHF14,-0.0041725228361698,-0.083670527283802
ENSG00000137100,DCTN3,-0.0259397883206587,0.0073082896065766
ENSG00000164736,SOX17,-0.248344778576762,0.75824651462873
ENSG00000156504,PABIR2,0.115628784974218,0.0446244601600834
ENSG00000063761,ADCK1,0.169527020221989,0.248160974556495
ENSG00000123684,LPGAT1,0.0050525884001487,0.175678075808789
ENSG00000168126,OR2W6P,0.291233633155222,0.640150589822991
ENSG00000143748,NVL,0.11708387551992,-0.0053461814990368
ENSG00000176715,ACSF3,-0.0158664360945118,0.322709617394045
ENSG00000165152,PGAP4,0.113717382202135,-0.121384930767398
ENSG00000224831,TMEM183BP,0.273813891161138,-0.2562558683216
ENSG00000170469,SPATA24,0.289665449941571,0.199331859704795
ENSG00000214013,GANC,0.125501178122277,-0.0840363287082
ENSG00000106588,PSMA2,0.107673704559982,-0.15918587149762
ENSG00000164933,SLC25A32,0.120278271691773,0.061115688806404
ENSG00000126814,TRMT5,-0.0318139899777191,0.0802375190792654
ENSG00000161179,YDJC,0.127724953150618,-0.123147623586588
ENSG00000163636,PSMD6,0.104835120258581,-0.053513215620463
ENSG00000187961,KLHL17,0.190360977465585,0.167335998452517
ENSG00000223501,VPS52,-0.0270706571513929,0.0053419019534265
ENSG00000143977,SNRPG,0.107622742287263,-0.432937929101026
ENSG00000112200,ZNF451,-0.0086582003359713,0.0683446536228523
ENSG00000141569,TRIM65,-0.0152090034786667,-0.092492308543087
ENSG00000078043,PIAS2,0.117285313695096,0.0872566167167256
ENSG00000153885,KCTD15,-0.0029641591532482,-0.126566452971886
ENSG00000104689,TNFRSF10A,-0.0082658973989313,0.00142012607211001
ENSG00000215256,DHRS4-AS1,0.14367820499528,-0.135189833597491
ENSG00000170365,SMAD1,0.132555754480992,-0.092378946803296
ENSG00000250111,LOC101929141,0.238422092012212,0.217061767084734
ENSG00000172638,EFEMP2,0.388105839979219,0.688203703548119
ENSG00000107679,PLEKHA1,0.119332001117286,0.196195816158541
ENSG00000168517,HEXIM2,0.163636607961831,0.220856422027617
ENSG00000167193,CRK,0.101359888667881,0.0404776742338395
ENSG00000173261,PLAC8L1,0.310709779816533,0.121296843523196
ENSG00000115295,CLIP4,0.0968610813541402,0.302168720099506
ENSG00000133243,BTBD2,0.112081369270737,0.0294275276805815
ENSG00000163319,MRPS18C,0.12688848036623,-0.200705055729808
ENSG00000256981,TAS2R18P,0.209245942972101,0.021082787184543
ENSG00000204379,XAGE1A,0.765348713577251,-0.419526417819684
ENSG00000181045,SLC26A11,0.148556154364272,0.488764441338357
ENSG00000119965,C10orf88,0.160363241275124,0.103246095164381
ENSG00000105939,ZC3HAV1,0.0923542917993943,0.276718814736367
ENSG00000163644,PPM1K,-0.0167942767878655,0.109652622167943
ENSG00000214357,NEURL1B,0.135167363918153,-0.57180209621033
ENSG00000176946,THAP4,0.115492184317399,-0.097897154062912
ENSG00000175182,FAM131A,-0.092401398250563,0.0288550389248108
ENSG00000114956,DGUOK,-0.0074907737117467,-0.0014805931099434
ENSG00000275882,IKBKGP1,-0.310548202590729,0.200228696204054
ENSG00000174564,IL20RB,-0.067447256881518,0.351993290663574
ENSG00000187735,TCEA1,0.110576206540373,0.130481513706771
ENSG00000114737,CISH,0.23243748588071,-0.139744441025135
ENSG00000259674,RPL7AP75,0.278032598013068,0.491392647146562
ENSG00000164610,RP9,-0.0483110260821301,-0.070378882838066
ENSG00000125744,RTN2,-0.107718466660853,0.38346752702473
ENSG00000198252,STYX,-0.0240203278268497,0.0589475654331453
ENSG00000151883,PARP8,-0.070471412735982,-0.0491022997172412
ENSG00000111371,SLC38A1,0.0079361450883339,0.143559118157998
ENSG00000009954,BAZ1B,0.0077834273773442,-0.077874858132891
ENSG00000166483,WEE1,-0.0162331052878834,-0.441309218917279
ENSG00000146918,NCAPG2,-0.0104491740254171,-0.311114699292239
ENSG00000105290,APLP1,0.11090437877167,0.14781831521665
ENSG00000250903,GMDS-DT,0.138564556191026,0.336263208509073
ENSG00000214413,BBIP1,-0.0351524312603989,0.196059311072353
ENSG00000142396,ERVK3-1,0.116106158884837,-0.1654891344429
ENSG00000185347,TEDC1,-0.0336060452481587,-0.321567012733397
ENSG00000176095,IP6K1,-0.007293977047605,0.0885202018746396
ENSG00000111361,EIF2B1,0.104699785286535,-0.101904885106925
ENSG00000162191,UBXN1,0.122068909406492,0.0604974738227086
ENSG00000158470,B4GALT5,0.0087189896635167,0.275429321966555
ENSG00000234690,EPCAM-DT,0.257948132803981,0.0454461937102444
ENSG00000119638,NEK9,0.0962685658470257,0.177585812183033
ENSG00000164331,ANKRA2,0.15529756294061,0.112724680015183
ENSG00000100664,EIF5,-0.0020724842688345,0.0198460905812306
ENSG00000198353,HOXC4,0.225017335478225,-0.296289053899557
ENSG00000138660,AP1AR,-0.052839015442564,0.270061189229391
ENSG00000126522,ASL,-0.036497076185492,0.398111884113027
ENSG00000157426,AASDH,0.135968287919261,0.181185047059319
ENSG00000117155,SSX2IP,0.135789663082121,-0.114749486878334
ENSG00000075234,TTC38,-0.0215337129449319,0.166055148066842
ENSG00000134440,NARS1,-0.011193102938784,0.252989304351771
ENSG00000081019,RSBN1,0.134277164691599,-0.0347782032877961
ENSG00000186395,KRT10,-0.0482412584823895,0.0876988275845389
ENSG00000106560,GIMAP2,-0.175954920013161,-0.322873937525318
ENSG00000171867,PRNP,0.0011822568479508,-0.0162373046507146
ENSG00000172375,C2CD2L,0.164773559953785,-0.067418160525826
ENSG00000182473,EXOC7,0.0014159870215547,0.140914049321393
ENSG00000106299,WASL,0.11842840146713,0.0930525916912096
ENSG00000130023,ERMARD,-0.077078805961793,0.146729160268602
ENSG00000147883,CDKN2B,-0.067769997448248,0.131798244819512
ENSG00000213015,ZNF580,0.123936040279993,0.172850243708974
ENSG00000177283,FZD8,-0.053634794370989,0.49630553790931
ENSG00000029534,ANK1,0.221168687509051,0.1547610922011
ENSG00000164050,PLXNB1,0.102127496304546,0.286538196479231
ENSG00000088179,PTPN4,0.116193017009476,0.158310407165071
ENSG00000103254,ANTKMT,-0.077510137456949,0.444493617455035
ENSG00000166507,NDST2,-0.082756190681001,0.166047629927309
ENSG00000065809,FAM107B,0.0962656151729476,0.340764801475427
ENSG00000188613,NANOS1,-0.230636729873892,0.0452878751015461
ENSG00000138767,CNOT6L,0.118022934198525,-0.0278965083631743
ENSG00000198087,CD2AP,0.117361021679264,0.0905154683705316
ENSG00000179523,EIF3J-DT,0.212679173794815,-0.136151828368677
ENSG00000233426,EIF3FP3,-0.069045538623938,0.0059545471655064
ENSG00000146411,SLC2A12,0.183963826379375,0.0131236657622402
ENSG00000232442,MHENCR,0.305634266034637,0.39145992204345
ENSG00000164961,WASHC5,0.10736791536829,0.0450655261071311
ENSG00000183826,BTBD9,-0.0454940686523658,0.346247111297989
ENSG00000167528,ZNF641,0.12472680476671,0.217190830400838
ENSG00000131061,ZNF341,-0.070365444637941,0.0402395414282238
ENSG00000171368,TPPP,0.197335140881546,-0.193875251812024
ENSG00000100031,GGT1,0.235007515089757,0.169983758515289
ENSG00000172687,ZNF738,-0.211474360373554,-0.418324742524474
ENSG00000170949,ZNF160,0.116632164923805,0.128944088451688
ENSG00000112306,RPS12,-0.160626214042777,0.199130616756238
ENSG00000109113,RAB34,0.105652261072708,-0.0382931136229883
ENSG00000068383,INPP5A,0.15126074156525,-0.00079479310636229
ENSG00000148396,SEC16A,0.0069393221963553,-0.0260770691684934
ENSG00000196305,IARS1,0.0959307378198141,0.164444324771109
ENSG00000226674,TEX41,-0.103568037891085,0.534163690524073
ENSG00000184208,C22orf46,0.131310930478565,-0.00048826205609099
ENSG00000105639,JAK3,0.231017052243283,0.276541571836134
ENSG00000110274,CEP164,-0.0026657626349696,0.0366482261900234
ENSG00000163344,PMVK,0.138757015592629,-0.206347965078225
ENSG00000106554,CHCHD3,0.104577557832058,-0.105018600530198
ENSG00000136878,USP20,0.147240804805013,0.025848187564764
ENSG00000103460,TOX3,-0.158312210987578,-0.249207773438205
ENSG00000102471,NDFIP2,-0.0218837506228512,0.0367413501361057
ENSG00000241388,HNF1A-AS1,0.15642946558258,0.379020284387198
ENSG00000085831,TTC39A,-0.087153174290569,0.362173807731873
ENSG00000138375,SMARCAL1,-0.0115831913038423,-0.0302776202612242
ENSG00000205213,LGR4,0.0953420803134623,0.178934169146803
ENSG00000040633,PHF23,-0.006966387803033,-0.077419874837939
ENSG00000139629,GALNT6,-0.058250455515181,-0.0013492506744359
ENSG00000157617,C2CD2,-0.0139223608881418,0.0375643585635557
ENSG00000147166,ITGB1BP2,0.223179304223581,0.31850900944892
ENSG00000180098,TRNAU1AP,-0.05210549756772,-0.19093762804528
ENSG00000166529,ZSCAN21,0.160704618545297,0.247540098431167
ENSG00000087494,PTHLH,-0.110593811081879,-0.286861073360016
ENSG00000228696,ARL17A,NA,NA
ENSG00000261008,LINC01572,0.192425679891791,-0.0263509698011987
ENSG00000250584,LINC01511,-0.142318165836817,-0.133624904855194
ENSG00000196890,H2BU1,-0.0188670833381066,-0.394064507425599
ENSG00000165392,WRN,0.116685719988288,-0.145692676888256
ENSG00000173638,SLC19A1,-0.0209904920903251,-0.262575005328474
ENSG00000174915,PTDSS2,-0.0110946490833177,-0.0441833051474846
ENSG00000168096,ANKS3,0.119010367624977,0.144702572608207
ENSG00000219481,NBPF1,0.121394402674467,0.16540477421993
ENSG00000163611,SPICE1,0.133001553564351,0.137343812369318
ENSG00000123739,PLA2G12A,0.15298626740678,0.129117270054439
ENSG00000171984,SHLD1,-0.11578845796328,0.257619858022543
ENSG00000215154,LOC652276,0.149652926626249,0.0849266843293563
ENSG00000123989,CHPF,-0.0090081714477614,0.169690595396738
ENSG00000196155,PLEKHG4,0.116684219526047,0.187821791459622
ENSG00000236404,VLDLR-AS1,-0.10991859610041,0.648194558088143
ENSG00000089006,SNX5,0.0905291254946682,-0.0354263476118224
ENSG00000130810,PPAN,-0.0334442626770777,-7.43070676665972e-05
ENSG00000237298,TTN-AS1,NA,NA
ENSG00000188735,TMEM120B,-0.0200603341862659,-0.085647699991782
ENSG00000134882,UBAC2,0.114000494128812,0.0239350276480049
ENSG00000162591,MEGF6,-0.058081294731794,0.0792171662136564
ENSG00000240370,RPL13P5,0.174863448965939,0.0504671644978304
ENSG00000179833,SERTAD2,-0.007507871984762,-0.148447283116616
ENSG00000125503,PPP1R12C,0.0979562851293905,0.100952008603059
ENSG00000111196,MAGOHB,-0.0363376061296369,-0.076822523598922
ENSG00000117480,FAAH,0.233033517993866,0.0839326080470378
ENSG00000152642,GPD1L,0.123400854187338,0.204216583837626
ENSG00000139800,ZIC5,0.189967903914687,-0.282482354848917
ENSG00000243199,RPL6P10,0.321573526603198,-0.347589296649306
ENSG00000284906,ARHGAP11B,-0.0114696573932232,-0.184736045743736
ENSG00000175792,RUVBL1,0.114037062280531,-0.15523260789587
ENSG00000230359,TPI1P2,-0.194855953659011,0.380034342441523
ENSG00000102316,MAGED2,-0.0029555250901856,0.0400921857902292
ENSG00000214174,AMZ2P1,0.220820291116856,0.28973481098943
ENSG00000163161,ERCC3,-0.00680051403878189,0.0050539401662764
ENSG00000156958,GALK2,0.118211626199236,0.0692425325009408
ENSG00000090857,PDPR,0.10112638548234,0.305287905857548
ENSG00000136754,ABI1,0.10513882563438,0.0176296774238642
ENSG00000156256,USP16,-0.0191094006557354,-0.011567676752723
ENSG00000048544,MRPS10,0.116812323292331,-0.0150264541937646
ENSG00000213337,ANKRD39,0.133501760723982,-0.233976815954667
ENSG00000102890,ELMO3,-0.112357514310487,0.363457333933372
ENSG00000183354,KIAA2026,0.112124327827314,0.168476301066638
ENSG00000145337,PYURF,0.512596440178337,-0.766040657922227
ENSG00000182199,SHMT2,-0.00084161681573239,0.0859091831465919
ENSG00000183111,ARHGEF37,-0.065018623491024,0.240969152127597
ENSG00000100207,TCF20,0.00450485595095401,-0.0147586338082849
ENSG00000116005,PCYOX1,0.0986252469623294,-0.099421755905976
ENSG00000088038,CNOT3,-0.00531909372893979,0.0755066849477475
ENSG00000096654,ZNF184,-0.070160020612296,-0.136587323219397
ENSG00000149582,TMEM25,0.216726009547644,-0.280320435580223
ENSG00000204439,C6orf47,-0.0343989573816736,0.0171078377934286
ENSG00000179222,MAGED1,0.108493667798493,-0.091391260175757
ENSG00000173535,TNFRSF10C,-0.183337812756971,0.644078927411757
ENSG00000127589,TUBBP1,0.229172180198564,-0.587958717883523
ENSG00000167721,TSR1,-0.00015156125505749,-0.0348419298319866
ENSG00000122203,KIAA1191,0.0983566565549972,0.0797146850531318
ENSG00000153317,ASAP1,0.0124672276408419,0.162084645229747
ENSG00000064309,CDON,0.168081751195338,0.231128247642671
ENSG00000185658,BRWD1,0.0969987790216743,0.038433596941389
ENSG00000221949,LINC01465,-0.232971463486316,-0.024636393948016
ENSG00000178440,TIMM23B-AGAP6,-0.347701271947222,0.83583237099957
ENSG00000034713,GABARAPL2,-0.0334040666556161,0.10314704295063
ENSG00000131127,ZNF141,0.131173157385214,-0.229182202150974
ENSG00000197355,UAP1L1,0.17484352830084,0.418177762366636
ENSG00000230392,LOC101928336,0.299839828478319,0.210214019346274
ENSG00000138180,CEP55,0.111743094027315,-0.614970539702106
ENSG00000184508,HDDC3,0.13805561722259,-0.089417805197706
ENSG00000136710,CCDC115,-0.073366069942538,0.0031599483322562
ENSG00000214548,MEG3,0.140724747306384,0.223841497311079
ENSG00000163935,SFMBT1,-0.028004770758965,0.0612309697842865
ENSG00000144647,POMGNT2,-0.046889488189472,0.0400514895274568
ENSG00000156735,BAG4,0.115467951417634,-0.126103498636403
ENSG00000085231,AK6,0.153346876718469,0.102179129702889
ENSG00000129566,TEP1,-0.0054560029588975,0.442105481708451
ENSG00000137166,FOXP4,0.104638439269951,0.0192134515793047
ENSG00000080031,PTPRH,-0.080407677881781,0.587001465517611
ENSG00000055732,MCOLN3,0.170155657840078,0.335537582085166
ENSG00000105072,C19orf44,-0.064090843972903,0.203059814894712
ENSG00000189043,NDUFA4,-0.0068189855278853,-0.0120161328168039
ENSG00000135801,TAF5L,-0.0186864045923083,-0.062967630362374
ENSG00000105248,YJU2,-0.0317449814778206,-0.079726198139955
ENSG00000140577,CRTC3,0.107868934721996,0.163401519703572
ENSG00000128708,HAT1,0.113338065814913,-0.167434663301948
ENSG00000115137,DNAJC27,-0.087883437089507,0.265554084549979
ENSG00000240053,LY6G5B,0.601363484910489,0.48960626752566
ENSG00000261371,PECAM1,0.289653869136349,-0.055796231459714
ENSG00000124333,VAMP7,-0.0210219597716098,0.0313933390693387
ENSG00000228828,TLK2P2,0.319100801075484,0.141722101993897
ENSG00000189052,CGB5,-0.218119785213819,-1.37966233541753
ENSG00000172456,FGGY,-0.098519180375592,0.109661318552443
ENSG00000110330,BIRC2,-0.001760094769313,0.0941616631570408
ENSG00000169718,DUS1L,-0.00062818891598559,0.0959909888790432
ENSG00000115827,DCAF17,0.126619394858994,0.0303366367690351
ENSG00000142686,C1orf216,-0.0491895736924029,-0.00792320460693099
ENSG00000161277,THAP8,0.21196246872942,0.211083992606363
ENSG00000047230,CTPS2,0.110253795092311,-0.0339992123938087
ENSG00000113205,PCDHB3,0.263770622676768,-0.403062693840954
ENSG00000066117,SMARCD1,-0.0019644067225732,0.0318078643419675
ENSG00000182004,SNRPE,-0.0364424813711038,-0.226039953174171
ENSG00000164941,INTS8,0.10596588978915,-0.104065841185615
ENSG00000251102,CTBP2P4,0.229079976703158,-0.77506086127674
ENSG00000213139,CRYGS,0.307148403906954,0.182286522840362
ENSG00000251365,LINC02236,0.234435306406593,-0.120974040267882
ENSG00000213420,GPC2,-0.185879901673672,0.121698410703911
ENSG00000243279,PRAF2,0.142988487452958,-0.06136070875865
ENSG00000136536,MARCHF7,0.0975105860442133,0.0625681455618196
ENSG00000138435,CHRNA1,0.312536542266411,0.0076622978036654
ENSG00000180340,FZD2,-0.010880701899976,0.0053157610288758
ENSG00000157911,PEX10,-0.0474760146409435,0.0476918696795643
ENSG00000163541,SUCLG1,0.104484096376173,-0.133385225014463
ENSG00000153721,CNKSR3,0.135592153379003,0.131012268823604
ENSG00000004700,RECQL,-0.0068845528825515,-0.0269928448033685
ENSG00000025772,TOMM34,-0.0086829070995035,-0.088476832060742
ENSG00000121753,ADGRB2,0.135054661427846,0.414619610009146
ENSG00000078618,NRDC,0.0938429249147646,0.0352728010642063
ENSG00000198520,ARMH1,0.260040348399895,0.198039526451875
ENSG00000156374,PCGF6,0.17565384623679,0.00288415006493
ENSG00000155304,HSPA13,0.11407355494675,-0.05255111374744
ENSG00000247627,MTND4P12,0.258048934547643,-0.216964474576602
ENSG00000170382,LRRN2,-0.087741762913829,0.0397870388235157
ENSG00000123213,NLN,-0.00059511521324009,-0.192808161239204
ENSG00000268350,FAM156A,0.125192808369434,-0.0164030374811523
ENSG00000103495,MAZ,0.0032228787033995,-0.179939641507904
ENSG00000088305,DNMT3B,-0.0184880324756126,-0.0248682472898563
ENSG00000107669,ATE1,0.0995061666514804,0.0287925265882921
ENSG00000275708,MIR3648-1,0.113959742045688,-0.0154400973333406
ENSG00000173273,TNKS,0.007289129520333,0.141412423219176
ENSG00000137275,RIPK1,-0.0106995007712375,0.133969050553453
ENSG00000164967,RPP25L,-0.0367486531660987,-0.177826359102538
ENSG00000164172,MOCS2,0.136014814041452,0.0250000972541716
ENSG00000132780,NASP,0.0971029004566567,-0.252054100382796
ENSG00000100601,ALKBH1,-0.0273689707358914,-0.0412742784411108
ENSG00000235651,G3BP1P1,-0.188945123981872,-0.0439730687214417
ENSG00000110442,COMMD9,0.130352462562704,-0.0274179439768934
ENSG00000125149,PHAF1,-0.0133811810040293,0.0531010530749687
ENSG00000213965,NUDT19,0.118441040121952,-0.139141742182905
ENSG00000131724,IL13RA1,0.0952621373724461,-0.0268148931767815
ENSG00000104413,ESRP1,-0.0371798756519135,-0.316075573632345
ENSG00000105516,DBP,0.207654222974379,0.916330670440173
ENSG00000162627,SNX7,0.120127996454857,-0.088663225561063
ENSG00000126005,MMP24OS,-0.0490234888641374,0.132471009453304
ENSG00000115507,OTX1,0.185297139579166,-0.421781007515911
ENSG00000174628,IQCK,0.168195158918099,0.0161021675256415
ENSG00000160219,GAB3,-0.179685409581581,0.0976973591862762
ENSG00000151806,GUF1,0.1148684990979,0.138669126336752
ENSG00000105671,DDX49,-0.0239000591880021,-0.078909016471282
ENSG00000260260,SNHG19,0.178981100126491,-0.358148949180181
ENSG00000034510,TMSB10,0.0039082071689416,-0.294011127889377
ENSG00000198948,MFAP3L,NA,NA
ENSG00000196421,C20orf204,0.322954327369142,0.402531716891598
ENSG00000188171,ZNF626,0.255895521530145,-0.918398716450549
ENSG00000040487,SLC66A1,-0.055368777685492,-0.0057856052033336
ENSG00000171861,MRM3,0.117387629337708,-0.218181889582526
ENSG00000136158,SPRY2,-0.061909103053958,0.0222768567675955
ENSG00000267534,S1PR2,0.185214942651764,-0.346796061014772
ENSG00000225921,NOL7,0.126877172052843,-0.198013946426734
ENSG00000249709,ZNF564,0.185996581684652,-0.124591673391918
ENSG00000196141,SPATS2L,0.0094285851885673,-0.063597361267927
ENSG00000111641,NOP2,0.0053316299430945,0.0379126158114295
ENSG00000100504,PYGL,0.0969847247154823,0.11030506097228
ENSG00000184661,CDCA2,-0.0148213880167599,-0.368025809732266
ENSG00000139132,FGD4,-0.0355138985793186,0.167558786421879
ENSG00000129636,ITFG1,-0.0103167821512484,0.0977676616116265
ENSG00000108175,ZMIZ1,-0.00045319796048419,0.0894907573200904
ENSG00000143369,ECM1,0.234313114172823,-0.0480074847935081
ENSG00000147121,KRBOX4,-0.044279309832348,0.235374936042533
ENSG00000198399,ITSN2,0.101332829341023,-0.0152153944839781
ENSG00000117758,STX12,0.132243079453312,0.0467086916719247
ENSG00000142871,CCN1,-0.047320256273594,-0.093666459685447
ENSG00000132718,SYT11,0.305315731773759,0.507161140454642
ENSG00000124253,PCK1,-0.209080593166217,0.686884698415238
ENSG00000164168,TMEM184C,0.109255042508619,0.0384527324226058
ENSG00000105835,NAMPT,0.00558326782221141,0.0626853962677771
ENSG00000166747,AP1G1,0.0921501680157795,0.0442557096981007
ENSG00000184381,PLA2G6,0.194863618888051,0.638819770713864
ENSG00000196218,RYR1,-0.218607879561909,0.710729504374118
ENSG00000131013,PPIL4,0.141009300161887,0.0649417890036188
ENSG00000205181,LINC00654,0.325873580375452,0.537541156321154
ENSG00000115641,FHL2,0.107154606937906,0.187055642956262
ENSG00000143183,TMCO1,0.107166550548027,-0.163044034063455
ENSG00000148337,CIZ1,0.0977553978046207,-0.069307129434854
ENSG00000099992,TBC1D10A,-0.043933096894888,0.0397794581888261
ENSG00000196405,EVL,0.135086997899764,-0.070772081889294
ENSG00000110852,CLEC2B,-0.140693079574834,0.294822389278008
ENSG00000198276,UCKL1,0.122999897472172,-0.073146532146541
ENSG00000165097,KDM1B,0.128075226771711,0.0267718158332777
ENSG00000243449,C4orf48,-0.076934458255801,0.0426429416118011
ENSG00000172940,SLC22A13,-0.168078701918236,0.744567148447424
ENSG00000171307,ZDHHC16,-0.0117642411273853,0.0076753577058136
ENSG00000257949,TEN1,0.503642463692805,-0.427311914741336
ENSG00000232388,SMIM26,0.129034318101309,-0.0363572656568936
ENSG00000213047,DENND1B,-0.0280653720751321,0.115506001657626
ENSG00000181404,WASHC1,-0.059574599450533,0.0107789286070831
ENSG00000188610,FAM72B,0.171815925009598,-0.469422939377251
ENSG00000127616,SMARCA4,-0.0050523794381821,-0.0381591635857818
ENSG00000104835,SARS2,-0.0272462230961109,0.174400615622744
ENSG00000081842,PCDHA6,-0.178712275804173,0.294296261166488
ENSG00000273820,USP27X,-0.099529675939318,-0.208445556279875
ENSG00000224631,RPS27AP16,-0.078365348568502,0.0032663925427054
ENSG00000110871,COQ5,-0.0339794136458982,0.117837144995756
ENSG00000164742,ADCY1,-0.0388391339198956,-0.054860136497307
ENSG00000112293,GPLD1,0.264205304509143,0.151460584818341
ENSG00000072422,RHOBTB1,0.101236157999826,0.347212037881576
ENSG00000198042,MAK16,0.107822242604981,-0.13860192518985
ENSG00000171425,ZNF581,0.123940543959185,-0.162178953885561
ENSG00000006611,USH1C,-0.048294571421014,0.728431936886923
ENSG00000174307,PHLDA3,0.106125628968002,0.255371085056929
ENSG00000187837,H1-2,0.119998870559492,-0.211079953746464
ENSG00000116791,CRYZ,-0.0107963175314058,0.198727892942066
ENSG00000113638,TTC33,0.15353548979696,-0.0284685005130575
ENSG00000196724,ZNF418,0.234442029666353,-0.29038818908222
ENSG00000129810,SGO1,-0.0358553300575524,-0.350831099273045
ENSG00000145248,SLC10A4,0.254448862096772,-0.468745624221354
ENSG00000286058,FAR2P1,0.189664721956563,0.0172118480125152
ENSG00000173409,ARV1,0.136000924809414,-0.0471011417048102
ENSG00000121413,ZSCAN18,-0.095269692620683,-0.171190444414961
ENSG00000204271,SPIN3,0.123734597321126,0.0899962325453018
ENSG00000162604,TM2D1,0.152186949921583,0.182490099870791
ENSG00000182107,TMEM30B,-0.074894834370836,-0.018968525991327
ENSG00000123472,ATPAF1,0.119572585736444,-0.190254641269604
ENSG00000168234,TTC39C,-0.0183728248331762,0.188048723660857
ENSG00000175711,B3GNTL1,0.155428446085395,0.212355959863348
ENSG00000125845,BMP2,-0.09206726338475,0.273284482469228
ENSG00000132323,ILKAP,-0.0225153427967502,0.162395832991776
ENSG00000142856,ITGB3BP,0.137318534392739,-0.50902619175186
ENSG00000064607,SUGP2,0.103618645126246,0.143653493136449
ENSG00000119318,RAD23B,0.0960025759730604,-0.011853946722162
ENSG00000172086,KRCC1,0.13066510663693,0.21151954030504
ENSG00000204713,TRIM27,-0.0026967556046817,-0.0298934116922347
ENSG00000116754,SRSF11,0.0932342120092587,0.105860632580521
ENSG00000135315,CEP162,0.169753512080585,-0.178803546497968
ENSG00000204611,ZNF616,0.186390610956614,-0.176771065120564
ENSG00000198185,ZNF334,0.334939993360431,-0.435997025785986
ENSG00000154743,TSEN2,0.11735568115218,0.0319275826881557
ENSG00000171827,ZNF570,0.219752058690904,0.279966223334682
ENSG00000175426,PCSK1,-0.225375380979349,0.767678416740249
ENSG00000196312,MFSD14C,0.0955882679333504,0.0849444376907927
ENSG00000235269,LINC02331,-0.104597150889956,0.605732979423094
ENSG00000137462,TLR2,-0.238790253858137,0.107638919550529
ENSG00000175879,HOXD8,0.257851108870858,-0.134779502602978
ENSG00000181350,LRRC75A,-0.122009280992919,-0.0408027253146147
ENSG00000213799,ZNF845,0.137778766929826,0.0488834801339617
ENSG00000196526,AFAP1,0.0013256027941735,0.277869912541479
ENSG00000168434,COG7,-0.015475964163406,0.124625718537719
ENSG00000166710,B2M,0.015009693907409,-0.06646915073199
ENSG00000198736,MSRB1,0.125917035294762,-0.105909811239262
ENSG00000132640,BTBD3,-0.0136933219434075,-0.128093859136498
ENSG00000163481,RNF25,-0.0313890948951129,0.101461732186504
ENSG00000171456,ASXL1,0.0904451038111946,0.10683207153265
ENSG00000112110,MRPL18,-0.0080414071549733,-0.227716724812333
ENSG00000155542,SETD9,0.22615746516671,0.257435299071945
ENSG00000197568,HHLA3,-0.070726494108133,0.131609710223539
ENSG00000198576,ARC,0.269842835253154,-0.0250065551410452
ENSG00000139722,VPS37B,0.10938314046105,0.0833412501913155
ENSG00000223855,PDGFA-DT,0.281961855931028,0.0768886886077192
ENSG00000167543,TP53I13,-0.0136760604140015,-0.0336307431966074
ENSG00000175221,MED16,-0.0147195716316532,0.275468628501367
ENSG00000163702,IL17RC,0.130926476701542,0.0335532171656318
ENSG00000114316,USP4,0.118777076572177,0.00255125291088321
ENSG00000150995,ITPR1,0.119634002980329,0.353954155324888
ENSG00000159063,ALG8,0.0016507405398666,-0.087330991555874
ENSG00000106078,COBL,0.131705722256027,0.138405050580716
ENSG00000148459,PDSS1,-0.0472462883913356,-0.092459475592822
ENSG00000218426,RPL27AP6,-0.083687082642913,-0.0058671033697064
ENSG00000156052,GNAQ,0.09450924820922,0.0656999912244945
ENSG00000159208,CIART,0.32857076157108,0.062472056805548
ENSG00000163624,CDS1,-0.079124966498869,-0.250728798363731
ENSG00000153786,ZDHHC7,0.0007196833165829,0.175795823580548
ENSG00000105443,CYTH2,0.0993649289312054,0.222521212375425
ENSG00000134153,EMC7,-0.0123404980143478,0.0809464890645466
ENSG00000085365,SCAMP1,0.098698351740802,0.197254314578888
ENSG00000236709,DAPK1-IT1,0.328454898989003,0.60844093337169
ENSG00000112592,TBP,0.14212701571521,0.0098214794745303
ENSG00000230701,FBXW4P1,-0.207959181939323,0.0855412282243027
ENSG00000087206,UIMC1,0.108138370348768,0.0125753114372014
ENSG00000154122,ANKH,0.12089792439637,0.0495403785520263
ENSG00000205746,PKD1P4,-0.0346360965758993,0.251566229311026
ENSG00000198018,ENTPD7,-0.0205911671702829,0.163049668482154
ENSG00000165506,DNAAF2,-0.0357583591875148,-0.16852169416699
ENSG00000123364,HOXC13,0.177670904610683,0.0644662246616796
ENSG00000196204,RNF216P1,-0.0179627495596049,-0.0190769943309263
ENSG00000119787,ATL2,0.103459881623291,-0.095842338406043
ENSG00000010626,LRRC23,0.147786805144334,0.069447389013868
ENSG00000072858,SIDT1,-0.00836310038656059,0.307075137534169
ENSG00000173575,CHD2,0.091249708691033,0.190474993279335
ENSG00000170903,MSANTD4,0.123414305102987,-0.046488652578261
ENSG00000087008,ACOX3,0.139070174985476,-0.0446102146951528
ENSG00000147224,PRPS1,-0.0012688622994345,-0.180454788665151
ENSG00000197961,ZNF121,0.0978111126448464,-0.00065587265299369
ENSG00000171855,IFNB1,-0.174954551128071,0.740557044312089
ENSG00000144677,CTDSPL,-0.0259788293941392,-0.267040221012468
ENSG00000100473,COCH,-0.0076704786329636,0.14902976177086
ENSG00000108592,FTSJ3,0.0039060726322665,-0.177415963269315
ENSG00000152219,ARL14EP,-0.0314158204913353,0.0354868347743155
ENSG00000214188,ST7-OT4,-0.090842891020265,0.15679986390953
ENSG00000257524,ST6GALNAC6,-1.00839165410052,-0.788555503156496
ENSG00000069974,RAB27A,0.131344404400158,0.204824598258016
ENSG00000197498,RPF2,-0.0372621161231927,0.0921338250767993
ENSG00000055208,TAB2,0.0895897343272509,0.170388218795246
ENSG00000215267,AKR1C7P,-0.053840739983982,0.205188167859568
ENSG00000138286,FAM149B1,0.132286622728254,0.0276556716522008
ENSG00000108551,RASD1,-0.112250042771711,0.418886172153444
ENSG00000143036,SLC44A3,-0.131619015848941,0.130454522088354
ENSG00000167103,PIP5KL1,0.28633026083855,0.312053403966586
ENSG00000159792,PSKH1,0.0008196891667349,0.164121721634327
ENSG00000280987,MATR3,-0.064576164625226,0.0755574296260684
ENSG00000186153,WWOX,0.120458422668342,0.174371190506216
ENSG00000083457,ITGAE,0.155621149441869,-0.18865690589843
ENSG00000230487,PSMG3-AS1,-0.068273512870797,0.733362250995206
ENSG00000237491,LINC01409,-0.120622821254967,-0.0197172864404394
ENSG00000124406,ATP8A1,-0.079356183563615,-0.140982238031347
ENSG00000144596,GRIP2,-0.133448722939444,0.560981556414168
ENSG00000010295,IFFO1,0.293847499543645,0.179050749230374
ENSG00000179335,CLK3,-0.0104392635745812,-0.0158517611736747
ENSG00000138336,TET1,0.151511751713802,0.0008095554287161
ENSG00000185561,TLCD2,0.194720056640217,-0.13342144121179
ENSG00000137713,PPP2R1B,-0.0067004135562793,-0.0296864965083536
ENSG00000133627,ACTR3B,0.155432415920554,-0.146898811125429
ENSG00000084463,WBP11,0.0022014815144398,-0.20890803287146
ENSG00000075702,WDR62,0.104240892989358,-0.290146056308522
ENSG00000100023,PPIL2,-0.0088010590804132,0.162283414052827
ENSG00000232587,EEF1A1P3,-0.187757779517279,0.169904187412451
ENSG00000111269,CREBL2,0.11564854106892,0.332103607649592
ENSG00000185338,SOCS1,0.178917649891746,0.0767850288406429
ENSG00000166860,ZBTB39,-0.022178158475965,-0.0121526621555274
ENSG00000205755,CRLF2,0.265091124464677,0.0744178478021098
ENSG00000084093,REST,-0.00077149639383689,0.0788654717022643
ENSG00000112081,SRSF3,0.101643481382329,-0.0352574019056538
ENSG00000176454,LPCAT4,0.10158576112011,-0.0015145529135376
ENSG00000154217,PITPNC1,0.150839738479407,0.23186546616642
ENSG00000145241,CENPC,0.14559599460773,-0.107499644410709
ENSG00000163803,PLB1,-0.192052511473509,-0.111271746764438
ENSG00000261780,LINC02582,0.209349781091761,0.363630538156748
ENSG00000159873,CCDC117,0.11209827658577,-0.128973481167541
ENSG00000269405,NXF2,0.255763543047573,-0.256377108172947
ENSG00000157881,PANK4,-0.0322991539161805,-0.0211813893256308
ENSG00000106477,CEP41,0.132787922892246,-0.090348558604588
ENSG00000107821,KAZALD1,0.190543485371859,-0.06266003128412
ENSG00000110455,ACCS,0.125511675714429,0.422714613426764
ENSG00000262155,LINC02175,0.304882515113617,-0.35551160656896
ENSG00000132024,CC2D1A,0.119977581441112,0.162192441479537
ENSG00000197903,H2BC12,-0.0039439231114465,-0.235062040304639
ENSG00000178802,MPI,0.115185153344625,0.196661129617874
ENSG00000204856,FAM216A,0.156851265829676,-0.0181566364454478
ENSG00000105849,POLR1F,-0.030868598463422,0.104767146505803
ENSG00000198538,ZNF28,-0.072219593870938,-0.381869182406922
ENSG00000028528,SNX1,0.0888259316649784,0.0949513732516129
ENSG00000197050,ZNF420,0.1993731497377,0.21405269683124
ENSG00000080345,RIF1,0.0931647828388285,0.0626203919153284
ENSG00000258727,AP1G2-AS1,-0.0249007773004039,0.613260058778458
ENSG00000163882,POLR2H,-0.0122108866736056,0.0578571952652591
ENSG00000172889,EGFL7,-0.0230309427452638,0.0645930933778617
ENSG00000084092,NOA1,-0.0223413802030163,0.0005757822647739
ENSG00000185946,RNPC3,0.141890761057978,0.0571516972169569
ENSG00000198198,SZT2,0.00149847378254071,0.270611932519574
ENSG00000131375,CAPN7,0.111078761193539,0.0586140871063961
ENSG00000155666,KDM8,-0.109980879825568,0.0087367187272957
ENSG00000087274,ADD1,0.0885065920701038,-0.015593911635922
ENSG00000198218,QRICH1,0.0956052458254551,-0.0254031049216017
ENSG00000165684,SNAPC4,0.122447047976476,0.13462092874134
ENSG00000173715,C11orf80,-0.0266574438994518,0.0510120858846766
ENSG00000103249,CLCN7,0.104804156614243,0.40834647381318
ENSG00000197579,TOPORS,0.103040011793287,0.144475630046282
ENSG00000278463,H2AC4,-0.0068919334984643,-0.307328010308067
ENSG00000204370,SDHD,0.124250338435644,-0.073925277353794
ENSG00000136381,IREB2,0.0914679312188687,0.103316051127882
ENSG00000166477,LEO1,0.105275164071989,0.0025117199481528
ENSG00000214226,C17orf67,0.15561966257797,0.00119969816755371
ENSG00000168268,NT5DC2,0.124056548170128,-0.291553233752855
ENSG00000117620,SLC35A3,-0.0219975483970434,-0.0156881692854377
ENSG00000123836,PFKFB2,-0.0161254123203794,0.183754136265495
ENSG00000130921,MTRFR,-0.0208351543507891,-0.129464684626039
ENSG00000117222,RBBP5,-0.00037989821162719,-0.0442719660912153
ENSG00000140836,ZFHX3,0.0844359538331902,0.111112924630573
ENSG00000138735,PDE5A,0.245054096556788,0.0574921279440146
ENSG00000084072,PPIE,-0.0104777213305272,0.0371230750272328
ENSG00000160972,PPP1R16A,0.115681037342133,0.0704633008518558
ENSG00000104231,ZFAND1,0.114323748391137,0.123490747981273
ENSG00000132330,SCLY,0.104330163443739,-0.132126830667726
ENSG00000104714,ERICH1,0.123161594584559,0.0238243205251921
ENSG00000102984,ZNF821,-0.11179541477247,0.282064752195711
ENSG00000248596,LOC643201,-0.168025443133924,0.456527580216297
ENSG00000181894,ZNF329,0.170848799661149,-0.0277362040686888
ENSG00000127666,TICAM1,0.127441254325646,0.0512490591884428
ENSG00000186300,ZNF555,0.208803552829765,0.0022617662978901
ENSG00000099889,ARVCF,0.23308929313417,-0.079980540284774
ENSG00000122386,ZNF205,-0.06888494068809,0.1882616024498
ENSG00000169139,UBE2V2,-0.008887528873572,0.00930785149328391
ENSG00000109519,GRPEL1,-0.0104626395180109,-0.250294545085137
ENSG00000215067,ALOX12-AS1,0.173558021837475,0.25290364483372
ENSG00000132744,ACY3,-0.065432935696043,0.306630488534359
ENSG00000115271,GCA,0.147785119497306,0.0462801614257801
ENSG00000274211,SOCS7,-0.00290238378716789,0.0078144156815142
ENSG00000204560,DHX16,-0.0068575211996888,0.004910897799524
ENSG00000035499,DEPDC1B,-0.0337569589598518,-0.562328624434205
ENSG00000111700,SLCO1B3,0.105165657571764,0.275698502836183
ENSG00000004779,NDUFAB1,0.118133668507579,-0.0058516360313053
ENSG00000174136,RGMB,-0.0174106134988252,-0.279915041743733
ENSG00000204934,ATP6V0E2-AS1,0.263584411879307,-0.0172688544709247
ENSG00000091583,APOH,0.17368310205295,0.0278173948051664
ENSG00000133138,TBC1D8B,0.138575268100889,0.152073500120466
ENSG00000170631,ZNF16,-0.049193740517636,0.22241527684463
ENSG00000165061,ZMAT4,0.161217854599839,0.327847783112464
ENSG00000174917,MICOS13,-0.0265077138832926,-0.119779993494817
ENSG00000176920,FUT2,-0.152783612706059,-0.561169238426044
ENSG00000103507,BCKDK,-0.0140848238617853,0.0557752381038702
ENSG00000170043,TRAPPC1,0.00385658302899571,-0.174590996532824
ENSG00000239627,RPL12P20,0.219125627884272,0.226841412385576
ENSG00000116584,ARHGEF2,0.0928372322932095,0.034040577301647
ENSG00000231177,LINC00852,-0.100433353833847,0.346081574828737
ENSG00000149485,FADS1,0.092126432938836,-0.447772585933407
ENSG00000167995,BEST1,-0.150572410334827,0.660548369965573
ENSG00000244356,RN7SL398P,0.278539950486488,-0.170565317319922
ENSG00000134262,AP4B1,0.148122531452744,-0.151922305788684
ENSG00000198843,SELENOT,0.107532366507882,-0.212670964514089
ENSG00000112651,MRPL2,0.124728249423332,0.0527021435136123
ENSG00000170100,ZNF778,-0.0259457986290127,0.233994147139871
ENSG00000131475,VPS25,-0.0127745671288449,-0.0121574038653926
ENSG00000186297,GABRA5,0.00665326042405631,0.070253283350121
ENSG00000188042,ARL4C,0.0121133718267538,0.13368265629714
ENSG00000130270,ATP8B3,0.142251433700986,0.112716986950826
ENSG00000020577,SAMD4A,-0.0183713462243784,0.405834726153772
ENSG00000268061,NAPA-AS1,0.32662562188803,-0.196289798520213
ENSG00000169242,EFNA1,-0.0181370639542563,0.527918865432447
ENSG00000277639,LOC105371267,-0.131476633633444,0.29763056753727
ENSG00000134758,RNF138,-0.0437134176066682,0.0020467016335529
ENSG00000206585,RNVU1-7,-0.16379587676229,0.0831131517276495
ENSG00000206596,RNU1-27P,-0.155687944814925,0.26903370022955
ENSG00000205639,MFSD2B,-0.210964269414709,0.729505248983905
ENSG00000119231,SENP5,0.0013748263376081,0.0407265915274118
ENSG00000119280,C1orf198,0.114553228102877,-0.338493269969397
ENSG00000239789,MRPS17,-0.0256694537352462,-0.113055653407883
ENSG00000214146,LINC02026,-0.202584451187549,0.227220083460226
ENSG00000110801,PSMD9,-0.00957099252147189,0.0749703666980661
ENSG00000196428,TSC22D2,0.101845451350816,0.224984314110392
ENSG00000164011,ZNF691,-0.051959171125361,0.105547074043038
ENSG00000127804,METTL16,0.0047264671520235,0.011013555906279
ENSG00000047621,C12orf4,0.12205085856886,-0.0275191256537996
ENSG00000136574,GATA4,0.217492499450634,0.10224996984858
ENSG00000131653,TRAF7,0.00746550021508621,-0.0307117111893013
ENSG00000204923,FBXO48,0.191532677130922,-0.159862909971167
ENSG00000117174,ZNHIT6,-0.0195865247472583,0.011873602015249
ENSG00000236778,INTS6-AS1,-0.147280120987317,0.357200198940915
ENSG00000232573,RPL3P4,-0.0419877767663197,-0.1697833632744
ENSG00000168092,PAFAH1B2,0.0952152475670031,-0.0202457234351514
ENSG00000167968,DNASE1L2,0.294461741109864,0.215836048205602
ENSG00000181264,TLCD5,0.152850974112978,0.0071279499487941
ENSG00000142632,ARHGEF19,0.142516368349185,-0.063022693874063
ENSG00000285897,RNF43,-0.1322643604816,0.393653334846389
ENSG00000160218,TRAPPC10,0.0006115899268707,0.127382949823751
ENSG00000197965,MPZL1,0.0876340690741812,-0.214154911419489
ENSG00000185920,PTCH1,0.164410452025852,-0.453920325066831
ENSG00000185010,F8,0.152465517141341,0.128260021272561
ENSG00000155846,PPARGC1B,0.12188307717767,0.0303102562391397
ENSG00000203705,TATDN3,0.153569176305251,-0.00550327601377189
ENSG00000158486,DNAH3,0.191362967382634,0.144309975890306
ENSG00000135407,AVIL,0.220368052802242,0.725353928936351
ENSG00000154957,ZNF18,-0.058570705250432,0.203501561461591
ENSG00000158163,DZIP1L,-0.051756564101061,0.157799241831545
ENSG00000254827,SLC22A18AS,-0.140958515795841,0.376655240457984
ENSG00000103599,IQCH,0.212585289481925,0.0717516127420822
ENSG00000183914,DNAH2,-0.0464809996317787,-0.389934156453418
ENSG00000229852,LOC122539212,0.207593152627561,-0.110885502139027
ENSG00000173465,ZNRD2,-0.0307157350227571,-0.0223597604278329
ENSG00000001630,CYP51A1,0.102881585395807,-0.570821062451326
ENSG00000104899,AMH,0.196971912324373,0.0992179127472269
ENSG00000139318,DUSP6,0.143749163292067,0.382062515267518
ENSG00000085449,WDFY1,0.0090893389122973,0.17601917875436
ENSG00000251201,TMED7-TICAM2,-0.15532622439907,-0.102627970845308
ENSG00000285943,SPICE1,-0.238335745770126,-0.262413141582812
ENSG00000176624,MEX3C,-0.0018467346859023,0.0025595861849676
ENSG00000188641,DPYD,-0.0354355301371386,0.255452714901694
ENSG00000100744,GSKIP,-0.0210556189858162,0.115649987926455
ENSG00000103037,SETD6,-0.052181330700176,0.204768364113984
ENSG00000273018,FAM106A,0.176966390300109,-0.356101753946123
ENSG00000179387,ELMOD2,0.139261472753749,0.0988602258512768
ENSG00000151640,DPYSL4,0.140724215510575,0.110816305259548
ENSG00000128789,PSMG2,0.115728011436209,-0.170045197825355
ENSG00000070831,CDC42,0.0848766574831019,-0.041828338537898
ENSG00000205707,ETFRF1,0.165623757751628,0.02241682755793
ENSG00000067066,SP100,0.0109886401760247,0.139442131163742
ENSG00000065615,CYB5R4,0.117461421290956,-0.0075623391804842
ENSG00000147799,ARHGAP39,0.13358294768229,-0.095057710443947
ENSG00000102934,PLLP,0.31334481242296,0.448030145868849
ENSG00000153391,INO80C,-0.030028922140503,0.139430731205522
ENSG00000138764,CCNG2,0.16171464702813,0.0681943482597801
ENSG00000186591,UBE2H,0.0887804480957107,0.183886318492755
ENSG00000153246,PLA2R1,0.151869168544178,0.180128200443919
ENSG00000141562,NARF,0.10834052091757,-0.111233118609444
ENSG00000182247,UBE2E2,0.115446415948068,0.18051694200919
ENSG00000108039,XPNPEP1,-2.89458218649952e-05,-0.0297695445984358
ENSG00000105135,ILVBL,0.124510931923862,-0.114384228378371
ENSG00000197472,ZNF695,-0.158897823150662,-0.288597573766874
ENSG00000131591,C1orf159,0.155625776964741,0.108916871235023
ENSG00000116285,ERRFI1,0.100700620958259,0.54333297251463
ENSG00000108819,PPP1R9B,0.0955484349724152,-0.0453340683231586
ENSG00000163155,LYSMD1,0.131909539769596,-0.112662641532806
ENSG00000179941,BBS10,0.137468127145681,-0.230626168992553
ENSG00000226752,CUTALP,-0.031748051087768,-0.203871166041464
ENSG00000234840,LINC01239,0.220742127438207,0.29821183513692
ENSG00000158715,SLC45A3,0.161085510509904,0.051338623085976
ENSG00000175536,LIPT2,-0.104254991866738,0.0099416723798396
ENSG00000239620,PRR20G,-0.095258967554957,-0.367826917475387
ENSG00000079974,RABL2B,0.127329611065809,0.155604256560174
ENSG00000179627,ZBTB42,-0.0376742553496847,-0.144938196214767
ENSG00000164830,OXR1,-0.0174596755335266,-0.158772873797343
ENSG00000116786,PLEKHM2,-0.0043824713225819,0.184759557028592
ENSG00000119509,INVS,0.10191395504965,0.167108292202974
ENSG00000109220,CHIC2,0.181088736571572,0.0512286308682595
ENSG00000187609,EXD3,0.18544566292224,0.462205381313137
ENSG00000042088,TDP1,0.127208629549641,-0.231241919565322
ENSG00000006194,ZNF263,-0.013079443804424,0.162284926523812
ENSG00000156411,ATP5MJ,0.0972250781936534,-0.222725884783532
ENSG00000168143,FAM83B,-0.172454442591213,0.260918466413987
ENSG00000113845,TIMMDC1,0.107600435302251,0.0616506440401944
ENSG00000127184,COX7C,0.103322579609719,-0.123820497144821
ENSG00000151353,TMEM18,-0.0296204427920695,0.0104499581876856
ENSG00000144214,LYG1,-0.160221528757021,0.694324814987871
ENSG00000161202,DVL3,0.103699630979916,-0.071419184708767
ENSG00000112290,WASF1,0.135171847311177,-0.0314966092497041
ENSG00000196867,ZFP28,-0.062266408838074,-0.0164112732800646
ENSG00000114473,IQCG,0.170303371459549,-0.09821637871204
ENSG00000215386,MIR99AHG,0.173552083621609,0.247384055167245
ENSG00000234127,TRIM26,0.001187253292579,0.0968270373767147
ENSG00000116251,RPL22,0.0066500462794333,-0.152945321247865
ENSG00000134852,CLOCK,0.0022424315778573,0.00549053980511571
ENSG00000135744,AGT,0.333984915262633,-0.163595347737901
ENSG00000161958,FGF11,-0.258864988526424,0.56057257155812
ENSG00000198265,HELZ,0.0912231707644511,0.0938241392526639
ENSG00000163584,RPL22L1,-0.0106924773699532,-0.064473781144173
ENSG00000247809,NR2F2-AS1,-0.08612009253931,0.480073788255058
ENSG00000140280,LYSMD2,0.130654853273159,-0.200254547864092
ENSG00000147400,CETN2,-0.0213390040641499,-0.0275784638860154
ENSG00000159082,SYNJ1,-0.0295565736293278,0.0256650521639822
ENSG00000182154,MRPL41,0.114817188878617,0.0811334385191706
ENSG00000152785,BMP3,0.299668751754734,-0.099207151588778
ENSG00000104833,TUBB4A,0.184071933625366,0.333916090830354
ENSG00000112078,KCTD20,-0.00045147764043169,-0.146508532226208
ENSG00000146410,MTFR2,0.177331416351859,-0.544165627758603
ENSG00000135976,ANKRD36,0.0013645985028246,-0.0127576199234458
ENSG00000180543,TSPYL5,0.100480979200766,0.0196598057627691
ENSG00000165060,FXN,0.146211796955339,-0.244206872595848
ENSG00000173905,GOLIM4,0.123264444840044,0.0387385851387618
ENSG00000104408,EIF3E,0.0966890744810052,0.0105097607214655
ENSG00000077348,EXOSC5,-0.0167165802326084,0.0888988854831948
ENSG00000277972,CISD3,0.112187811659081,-0.094237363298344
ENSG00000110619,CARS1,0.0046524602408833,0.357069154111297
ENSG00000242689,CNTF,0.199015602787928,0.215959231877707
ENSG00000186088,GSAP,0.106789217602262,0.25184521681997
ENSG00000137411,VARS2,0.276116149158949,-0.105870454485556
ENSG00000143740,SNAP47,-0.0082697952844368,0.0860537808128321
ENSG00000131269,ABCB7,0.107630749157021,0.0299038349136176
ENSG00000104969,SGTA,0.0930428834940485,-0.141030470967112
ENSG00000152669,CCNO,0.194764338594457,-0.197822723638504
ENSG00000169976,SF3B5,0.221605989709611,-0.109262657197699
ENSG00000144681,STAC,-0.082953400556059,0.0599693232553524
ENSG00000198625,MDM4,0.0099457741024947,0.184424455697968
ENSG00000140718,FTO,0.0928336576265625,0.217519304339162
ENSG00000119446,RBM18,-0.0203636955407238,0.0376132096578194
ENSG00000214182,PTMAP5,0.282560783971499,-0.591245773749811
ENSG00000070214,SLC44A1,0.0050508390866283,-0.092464679346287
ENSG00000101888,NXT2,-0.0341077786272001,0.0423485281599864
ENSG00000130997,POLN,0.281888241002048,0.732955536889285
ENSG00000198930,CSAG1,-0.128303343090608,-0.237192601294026
ENSG00000163945,UVSSA,0.312052716972674,-0.241438598902344
ENSG00000275004,ZNF280B,0.144047299012633,-0.095081363257174
ENSG00000044446,PHKA2,0.0982437032158531,0.0920275893263046
ENSG00000163283,ALPP,-0.236534109055869,-0.093444313458176
ENSG00000279891,FLJ42393,-0.069084764345131,0.152189646460894
ENSG00000196109,ZNF676,-0.152331155916003,-0.305845848228921
ENSG00000139505,MTMR6,0.114672641467501,-0.102562651867166
ENSG00000105993,DNAJB6,0.0020305992815808,-0.106556691753652
ENSG00000149196,HIKESHI,0.121054625929267,-0.092073820964942
ENSG00000133059,DSTYK,-0.0122140283510055,-0.0145130511797753
ENSG00000180185,FAHD1,0.127680146928486,-0.0081597028482667
ENSG00000152457,DCLRE1C,-0.009916224690855,0.117259420428958
ENSG00000167986,DDB1,0.0161351426529611,0.0020640119365706
ENSG00000141040,ZNF287,0.179480837922361,0.0235100318076715
ENSG00000239305,RNF103,-0.007430796864864,0.251184545115681
ENSG00000147509,RGS20,-0.07672792211678,0.079640427874679
ENSG00000196557,CACNA1H,0.0948592273438529,0.249909457438101
ENSG00000131697,NPHP4,0.123001414524063,-0.050317839284105
ENSG00000133619,KRBA1,-0.0496780484980224,0.0925232653587348
ENSG00000111816,FRK,0.00387550243172771,-0.159151589576652
ENSG00000167904,TMEM68,0.132188484545898,0.00503709291334131
ENSG00000182606,TRAK1,0.092611449247051,0.167133065100151
ENSG00000083896,YTHDC1,0.0968648532776173,0.0022170634334104
ENSG00000164070,HSPA4L,0.114144613985418,-0.245676482794404
ENSG00000285991,RAET1E,-0.248641464504345,0.155461432259897
ENSG00000187097,ENTPD5,-0.0197411959630828,0.0397118947020077
ENSG00000172809,RPL38,0.111989849196441,-0.234957969556658
ENSG00000115540,MOB4,-0.0154449811212996,0.108444011183039
ENSG00000172716,SLFN11,0.111093799374519,-0.073160368221934
ENSG00000063244,U2AF2,0.0154456903135873,-0.221424987619429
ENSG00000126778,SIX1,-0.0250111765464516,-0.294304737070553
ENSG00000172766,NAA16,0.12812241943739,0.127525152556373
ENSG00000163382,NAXE,-0.00242780365079,-0.0216253814810659
ENSG00000215271,HOMEZ,0.129066524970089,-0.185394657100359
ENSG00000029363,BCLAF1,0.0922081856820647,0.24955824339425
ENSG00000284770,TBCE,0.108578311629083,-0.0271468844482537
ENSG00000162402,USP24,0.0895282233369322,0.0969638026134159
ENSG00000156172,CFAP418,0.156293522003974,0.205325502653733
ENSG00000231969,MMADHC-DT,0.29232068354295,0.662142065434463
ENSG00000147144,CCDC120,-0.0377071863949064,0.278416138310834
ENSG00000154814,OXNAD1,0.133301552601809,0.0757701556998559
ENSG00000259120,SMIM6,-0.149946521623664,0.0278935864850107
ENSG00000176386,CDC26,-0.034602409868767,0.0170720938958353
ENSG00000165934,CPSF2,0.0887934064469237,-0.0250293326787973
ENSG00000165246,NLGN4Y,0.196099964083116,0.0232818421277237
ENSG00000139725,RHOF,0.0066848402980528,0.193826448301305
ENSG00000115548,KDM3A,0.0026230588813188,0.0851694541917427
ENSG00000164902,PHAX,0.114024322128831,0.0119768718654303
ENSG00000225783,MIAT,-0.076451330736174,-0.057736532221269
ENSG00000100225,FBXO7,0.0012237366326018,-0.054782106060279
ENSG00000086589,RBM22,0.00164829442987161,-0.0135666095554513
ENSG00000166012,TAF1D,0.007927656118356,0.0109253425708977
ENSG00000105464,GRIN2D,0.102728259046025,-0.169065612851101
ENSG00000163938,GNL3,0.0908849556516184,-0.0259309969203027
ENSG00000229419,RALGAPA1P1,0.126375604725714,-0.116349786421962
ENSG00000168826,ZBTB49,-0.072901928131209,0.0882206802429646
ENSG00000107864,CPEB3,-0.073173651103744,0.110764183222776
ENSG00000125166,GOT2,0.0869610609497912,-0.050668013435799
ENSG00000215251,FASTKD5,0.00161847523530161,0.0587893007561214
ENSG00000138050,THUMPD2,0.12984520618754,-0.080443329914279
ENSG00000118096,IFT46,0.12719114199704,-0.0192847508750876
ENSG00000095564,BTAF1,0.100003358800204,0.0590084641419273
ENSG00000172197,MBOAT1,0.146298120106121,-0.331062685190851
ENSG00000101161,PRPF6,0.0083260187844052,-0.077354739873093
ENSG00000154473,BUB3,0.0942610920869756,-0.316478738383846
ENSG00000147050,KDM6A,0.094377491195097,0.193759911430382
ENSG00000260644,HERC2P5,-0.109718936735061,0.284886067949278
ENSG00000087842,PIR,-0.0178142616700279,-0.167739439745769
ENSG00000128534,LSM8,0.111097086107806,-0.094333163674651
ENSG00000158941,CCAR2,0.0110727741649023,0.006717463315463
ENSG00000176102,CSTF3,0.101479491882565,-0.39091592157206
ENSG00000180318,ALX1,0.16569570478171,-0.16268436487319
ENSG00000170222,ADPRM,-0.059258253556303,0.293315077899006
ENSG00000113569,NUP155,0.094217832600455,-0.201552049416804
ENSG00000172432,GTPBP2,0.0063683788343642,0.227122875392204
ENSG00000164040,PGRMC2,0.0026600815471275,0.0878504358137187
ENSG00000147471,PLPBP,0.0017463015575848,-0.0420829233778585
ENSG00000164167,LSM6,-0.094244369008014,-0.204230466532913
ENSG00000167981,ZNF597,0.160390109326548,-0.0347701772360122
ENSG00000140474,ULK3,-0.0109772201653962,0.259031812511913
ENSG00000156928,MALSU1,-0.0200482714814109,-0.076767515247926
ENSG00000103502,CDIPT,0.0043650873246279,0.0829327454799238
ENSG00000049283,EPN3,0.293303512628592,-0.400865266341331
ENSG00000169895,SYAP1,0.0060433432091697,0.063244947566702
ENSG00000166704,ZNF606,0.13771577793372,0.0277082072039498
ENSG00000169189,NSMCE1,-0.0141187267837387,0.157133620938431
ENSG00000254122,PCDHGB7,-0.106315034248701,-0.500277454684862
ENSG00000185127,C6orf120,-0.0272693717042371,0.224328488301853
ENSG00000164022,AIMP1,0.115230405629332,-0.0404487743252493
ENSG00000157379,DHRS1,-0.0363427060196396,0.0397906523271373
ENSG00000102359,SRPX2,0.114709572444145,0.0364715401238421
ENSG00000173950,XXYLT1,-0.0207518687108357,0.0674007389668328
ENSG00000011007,ELOA,0.00620806216911,-0.105920554181828
ENSG00000260896,ARLNC1,0.310268531616641,-0.340840401131674
ENSG00000187838,PLSCR3,0.140050287095135,-0.0133798705928309
ENSG00000127561,SYNGR3,0.130127314197247,0.114883136297738
ENSG00000197077,KIAA1671,0.00326824894156021,0.106880679137036
ENSG00000166938,DIS3L,0.0946459307221581,-0.072891377534307
ENSG00000173085,COQ2,-0.0199646406371311,-0.221377682944803
ENSG00000222898,RN7SKP97,-0.116773047008114,0.154056436617148
ENSG00000034693,PEX3,0.175702511563779,0.0525153046980283
ENSG00000126883,NUP214,0.007745824130573,-0.0047328532550929
ENSG00000188599,NPIPP1,-0.16377945881589,0.483711753256789
ENSG00000253729,PRKDC,0.0108444788460376,-0.0325149884263439
ENSG00000172594,SMPDL3A,-0.157818644626772,0.140600554564089
ENSG00000247095,MIR210HG,-0.099644533701238,0.0850381932703013
ENSG00000049192,ADAMTS6,-0.148912025744909,0.11554542985833
ENSG00000070061,ELP1,0.0969030422358459,-9.91493431583002e-05
ENSG00000115935,WIPF1,-0.0083621238871891,-0.137776253719585
ENSG00000077514,POLD3,-0.00049491797370479,-0.256430733428415
ENSG00000163132,MSX1,0.177262044360183,-0.310184929305295
ENSG00000180155,LYNX1,-0.074162096595243,0.283273150372244
ENSG00000129158,SERGEF,-0.0359032590657391,0.121016148513671
ENSG00000286112,KYAT1,0.225849343343796,-0.408587990628684
ENSG00000241839,PLEKHO2,0.130394250302479,-0.101857752530777
ENSG00000123243,ITIH5,-0.0482750690661093,0.460559568799787
ENSG00000196652,ZKSCAN5,-0.0015733442684468,0.165090125253391
ENSG00000132825,PPP1R3D,-0.0499849302994839,0.0105479491685386
ENSG00000125534,PPDPF,-0.00283133306596989,-0.380425833523933
ENSG00000178947,SMIM10L2A,0.228263202689404,0.204900851962433
ENSG00000066629,EML1,0.103149108486072,-0.136955537979298
ENSG00000063169,BICRA,0.104288481173119,-0.061436096148742
ENSG00000118418,HMGN3,0.133587734016516,0.134752782583887
ENSG00000197816,CCDC180,-0.24272759889658,1.20885921158149
ENSG00000157765,SLC34A2,0.290497437189585,1.30629503610945
ENSG00000109670,FBXW7,-0.0129474418607876,0.279316659328543
ENSG00000170473,PYM1,0.138298820160195,-0.211947492386923
ENSG00000170959,DCDC1,0.212909749920826,0.47956647770834
ENSG00000113387,SUB1,0.0009185096374883,0.00410997053461781
ENSG00000269929,MIRLET7A1HG,-0.0478219174156267,0.155680866009265
ENSG00000197894,ADH5,0.0014778002444775,-0.0155595358046987
ENSG00000151116,UEVLD,0.0993780385012135,-0.083369370656698
ENSG00000150459,SAP18,-0.00641090762551839,-0.0434114471576272
ENSG00000140632,GLYR1,0.0909693657424002,0.0664983812241797
ENSG00000187118,CMC1,0.148821434402827,0.0922555895462123
ENSG00000196636,SDHAF3,0.173090905952813,0.0667917165686544
ENSG00000115008,IL1A,-0.075717340297306,-0.257008389023196
ENSG00000162639,HENMT1,-0.083223557174518,-0.202649388244713
ENSG00000179115,FARSA,0.0005005067822315,-0.0408398130964425
ENSG00000091622,PITPNM3,-0.051655062330691,0.227072988869598
ENSG00000152683,SLC30A6,-0.0014131216263471,-0.0129785818969256
ENSG00000153822,KCNJ16,0.161779688916609,0.496700984823351
ENSG00000125347,IRF1,0.0111756706192789,0.198735356652402
ENSG00000070526,ST6GALNAC1,-0.217942753527076,0.252457164157969
ENSG00000089195,TRMT6,-0.0078181330583555,0.11142847542999
ENSG00000079462,PAFAH1B3,-0.0024739766880494,0.0544513181227962
ENSG00000122643,NT5C3A,0.100687365941487,0.0384923674981336
ENSG00000275835,TUBGCP5,0.105898530922791,-0.00071718735405089
ENSG00000178665,ZNF713,-0.084127873525775,0.0605831138650196
ENSG00000126882,FAM78A,0.308427647747275,-0.318592411053404
ENSG00000155957,TMBIM4,-0.0460162154078535,-0.156856937357554
ENSG00000124575,H1-3,-0.0125206395853573,-0.219211899324605
ENSG00000172409,CLP1,-0.0418393923235219,0.0992186634375935
ENSG00000269959,SPACA6-AS1,0.189236686617749,-0.143942007240239
ENSG00000231187,LOC102724593,0.157765727571627,0.139908751606418
ENSG00000188825,LINC00910,0.175320673146291,-0.073436264172337
ENSG00000186017,ZNF566,0.137202527996111,0.158652802415235
ENSG00000179364,PACS2,0.0054314836788071,0.269947686949437
ENSG00000143420,ENSA,0.095460631801979,0.00448089779169161
ENSG00000180035,ZNF48,-0.019848641527787,0.153416722922541
ENSG00000187187,ZNF546,0.162462448776915,0.166581724211302
ENSG00000231999,LRRC8C-DT,-0.280012627371226,-0.0368498265165395
ENSG00000183431,SF3A3,0.0066915955692127,-0.089854066372671
ENSG00000242247,ARFGAP3,-0.006031389726228,0.0070373503765311
ENSG00000131370,SH3BP5,-0.050395152860651,0.0488016997613681
ENSG00000196683,TOMM7,0.119753748608834,-0.318533583718437
ENSG00000275183,LENG9,0.14721359945154,-0.232902356954857
ENSG00000163393,SLC22A15,0.161838613309204,0.327444208027738
ENSG00000198807,PAX9,-0.0396211268302068,-0.069314717303593
ENSG00000142794,NBPF3,0.142613124971812,0.202457475253077
ENSG00000105186,ANKRD27,0.0041186026034904,0.11072325208674
ENSG00000008838,MED24,0.0094312670524556,0.0677519548082318
ENSG00000176428,VPS37D,0.216000841492899,0.162770967421226
ENSG00000144029,MRPS5,0.0931991427704849,-0.0187315270375358
ENSG00000140006,WDR89,0.13183999408395,-0.177494912100653
ENSG00000116396,KCNC4,0.128292169944131,-0.214699417364212
ENSG00000100304,TTLL12,0.0064048186136093,-0.290664945967066
ENSG00000163516,ANKZF1,-0.0063148389042947,0.177049118000801
ENSG00000103423,DNAJA3,0.0068545820516763,-0.0133399680599977
ENSG00000152455,SUV39H2,0.11442911615081,-0.281888672217011
ENSG00000100528,CNIH1,0.0079912064763923,-0.053992166023614
ENSG00000130803,ZNF317,0.0010746838990638,0.165913304489385
ENSG00000177181,RIMKLA,0.168561734176518,-0.458047282225092
ENSG00000258790,PRORP,0.45477360657763,0.213429475987395
ENSG00000106268,NUDT1,-0.0449691039107607,0.0323153795290165
ENSG00000179933,C14orf119,-0.00436537713690949,0.0038983366416779
ENSG00000172650,AGAP5,0.145187957493528,0.072630336938727
ENSG00000107789,MINPP1,0.112882154335165,-0.0456960183842168
ENSG00000114026,OGG1,-0.0117671561621677,-0.080139379494748
ENSG00000164695,CHMP4C,0.125978906737926,-0.224756864715163
ENSG00000183735,TBK1,0.094667154975791,0.152459979680743
ENSG00000133135,RNF128,-0.143229915407481,0.533923749838747
ENSG00000054611,TBC1D22A,-0.0110581124031442,0.27781209513167
ENSG00000248593,DSTNP2,-0.067026651084767,0.081331831422653
ENSG00000170145,SIK2,0.107905312083352,-0.017282539949169
ENSG00000166866,MYO1A,0.262534983568823,0.547906046131544
ENSG00000072042,RDH11,0.0160897507405161,-0.189316834269898
ENSG00000227640,SOX21-AS1,-0.173834764921152,0.0277166267191512
ENSG00000110841,PPFIBP1,0.0906234039577126,0.267999680094262
ENSG00000170271,FAXDC2,-0.082569248387084,-0.114821633554868
ENSG00000243232,PCDHAC2,-0.0307623645699454,0.0685605646126718
ENSG00000082516,GEMIN5,0.0097679042271555,-0.065860107046335
ENSG00000223891,OSER1-DT,-0.128647173399779,0.681347994191496
ENSG00000087111,PIGS,0.0081435433938862,-0.0074699707486169
ENSG00000167799,NUDT8,0.220999706138194,-0.422021209796001
ENSG00000104147,OIP5,0.187697107887478,-0.27948839065648
ENSG00000172954,LCLAT1,0.0930862928674309,-0.105426846259352
ENSG00000089091,DZANK1,0.169569623478076,0.232723678440134
ENSG00000168237,GLYCTK,0.161547456923366,0.2045419388819
ENSG00000243667,DNAAF10,0.13160719399388,-0.100514110874768
ENSG00000121068,TBX2,0.171985097429482,-0.307085006657465
ENSG00000136237,RAPGEF5,0.226806944237746,-0.0182892053647413
ENSG00000167491,GATAD2A,0.0071715277902519,0.0442746154095594
ENSG00000135823,STX6,0.0943709918741821,-0.0430415502961209
ENSG00000130734,ATG4D,-0.0421151949559128,-0.0051413934363557
ENSG00000188897,LOC400499,0.254517934846976,0.690824461232219
ENSG00000081665,ZNF506,-0.124176196400306,0.236992095580051
ENSG00000100722,ZC3H14,0.0878622434653624,0.017811535490148
ENSG00000219607,PPP1R3G,-0.190587256643034,0.208568479635808
ENSG00000125977,EIF2S2,0.0954604237360484,-0.0483119773567437
ENSG00000087074,PPP1R15A,0.0094690525090587,0.593719555911577
ENSG00000119737,GPR75,-0.0401851632940411,0.0308550274120968
ENSG00000125875,TBC1D20,0.0101166726412157,0.143610044141026
ENSG00000015171,ZMYND11,0.0953062256020127,0.0545865770504874
ENSG00000226711,FAM66C,-0.106021684179159,0.114699362215125
ENSG00000136908,DPM2,-0.0111193433346786,-0.074612208670977
ENSG00000034152,MAP2K3,0.106571329676795,0.219972954315426
ENSG00000185875,THNSL1,0.144961384818674,0.269646654422497
ENSG00000113712,CSNK1A1,0.0914239883112511,-0.0109564733615249
ENSG00000037749,MFAP3,0.0950226486008844,0.0689185492760635
ENSG00000169955,ZNF747,0.133529563856038,0.0069754786629592
ENSG00000132471,WBP2,0.0961724224021093,-0.0249211865218904
ENSG00000163125,RPRD2,-0.00053768546318999,-0.0326337235271161
ENSG00000130962,PRRG1,-0.0135313876727253,0.0200537320569435
ENSG00000174032,SLC25A30,0.119163822954694,-0.0402070729985351
ENSG00000184995,IFNE,0.130600821843252,0.328796876945876
ENSG00000263753,LINC00667,0.12283241247593,-0.00833682485794199
ENSG00000127585,FBXL16,0.233217263078099,-0.177598754827862
ENSG00000110171,TRIM3,-0.0361133829078276,0.187029836666385
ENSG00000198246,SLC29A3,-0.0209073773308934,0.161157015997702
ENSG00000066468,FGFR2,0.184092343362837,0.106440149465976
ENSG00000161217,PCYT1A,0.092728939984505,-0.0488481324025204
ENSG00000105854,PON2,0.0172282853017717,-0.0207204285909936
ENSG00000211445,GPX3,0.149694070381594,-0.419983020564772
ENSG00000153147,SMARCA5,0.0922802624011572,-0.088646906816554
ENSG00000145414,NAF1,0.124122889220391,-0.21807449056615
ENSG00000104870,FCGRT,0.124454566106378,0.434133310667586
ENSG00000179988,PSTK,-0.114667292020193,0.500057064040335
ENSG00000143157,POGK,0.0108923490712114,-0.0215641957794935
ENSG00000134001,EIF2S1,0.00113799260186871,-0.110880273018741
ENSG00000134452,FBH1,0.0042608300154425,0.154505049459534
ENSG00000140830,TXNL4B,-0.0234086309984435,0.0196343153806657
ENSG00000114993,RTKN,0.116971462507718,-0.075917264763517
ENSG00000165730,STOX1,0.227302753180372,-0.379463983274595
ENSG00000107742,SPOCK2,0.226021989997824,0.664028797169195
ENSG00000234444,ZNF736,-0.074011734689829,-0.328756668468872
ENSG00000185115,NSMCE3,0.106037482328546,-0.07472694271521
ENSG00000175216,CKAP5,0.0916886585330196,-0.165035111774123
ENSG00000150630,VEGFC,-0.0220852877588256,0.254957706869517
ENSG00000174373,RALGAPA1,0.0920187100159991,-0.0310139544550344
ENSG00000170962,PDGFD,0.141590576327646,0.0887194583746041
ENSG00000105325,FZR1,-0.0042624773354235,-0.070343622381001
ENSG00000257218,GATC,0.0941891002164653,-0.169456827491557
ENSG00000111752,PHC1,0.116561871788656,0.228720778751839
ENSG00000221995,MYO18A,0.174199872612915,0.467237838944313
ENSG00000134248,LAMTOR5,-0.0245616271567081,0.150637042391158
ENSG00000180855,ZNF443,-0.155054648907333,-0.535457795380099
ENSG00000014824,SLC30A9,-0.0036184609767406,0.153782159988115
ENSG00000157538,VPS26C,0.104306885732463,0.131755975731576
ENSG00000187555,USP7,0.0873769693539267,-0.053032671377441
ENSG00000112852,PCDHB2,-0.038908871217006,-0.091742656545455
ENSG00000213599,SLX1A-SULT1A3,0.605757535408667,-0.123876666658704
ENSG00000274471,HERC2P7,0.196407166489526,0.306554856224867
ENSG00000168228,ZCCHC4,0.152871513288494,0.0520337352683309
ENSG00000171100,MTM1,0.145318190784172,0.218271053418741
ENSG00000156509,FBXO43,0.199826491607073,-0.130060785868712
ENSG00000101230,ISM1,0.280352443808607,0.04416905426404
ENSG00000198168,SVIP,-0.094502604467929,0.0660470227921392
ENSG00000144028,SNRNP200,0.0161643528912503,0.0390381442308621
ENSG00000168556,ING2,-0.090330881326135,-0.23596689588597
ENSG00000145916,RMND5B,0.0036747375248519,0.232739310604297
ENSG00000089737,DDX24,0.0840016309897628,-0.18891853906219
ENSG00000137198,GMPR,0.171906555803993,-0.185511695624504
ENSG00000157837,SPPL3,0.108278301156062,0.123222954053674
ENSG00000159423,ALDH4A1,-0.0151263739484269,0.0637338920030636
ENSG00000137970,RPL7P9,-0.0303680503477677,-0.0226360296494043
ENSG00000196967,ZNF585A,0.159983991249428,0.244368287311022
ENSG00000142444,TIMM29,-0.064022806139786,-0.109197417617509
ENSG00000163710,PCOLCE2,0.152471581935639,-0.0322158422046603
ENSG00000179271,GADD45GIP1,-0.0279183401230372,-0.118356768942478
ENSG00000144589,STK11IP,0.114600273303353,0.169938047392221
ENSG00000172380,GNG12,0.0099682967867876,0.107027026173821
ENSG00000135537,AFG1L,-0.063249317652433,0.131081680377596
ENSG00000186376,ZNF75D,0.120666290014416,0.100219592628151
ENSG00000144283,PKP4,0.0894101696156069,-0.077702700391013
ENSG00000187790,FANCM,0.124345008313323,-0.148718521556573
ENSG00000107829,FBXW4,0.0009028311830924,0.185716005611045
ENSG00000115657,ABCB6,-0.010823214195632,0.112156998035972
ENSG00000236871,LINC00106,0.235771632708592,0.367743494781595
ENSG00000132549,VPS13B,0.0878791808969438,0.234202604732907
ENSG00000215021,PHB2,0.0063352976127929,-0.065574654009818
ENSG00000113361,CDH6,0.190142831585146,-0.0338144878153329
ENSG00000100503,NIN,0.00876321234710251,-0.190857200326693
ENSG00000204564,C6orf136,0.145538956190894,-0.203346610582072
ENSG00000171462,DLK2,0.265139376089788,-0.079988709078365
ENSG00000059769,DNAJC25,0.158176474108148,-0.07488796578907
ENSG00000128159,TUBGCP6,0.100570460206219,0.176602463848428
ENSG00000168288,MMADHC,0.103985318460456,-0.0313800147670398
ENSG00000132429,POPDC3,0.149807581683415,-0.117737061892944
ENSG00000022556,NLRP2,0.0938733882899423,0.09461667099648
ENSG00000155393,HEATR3,0.11645256315315,0.0314889697657292
ENSG00000167702,KIFC2,0.118348889029272,0.567519247464159
ENSG00000253716,MINCR,0.168084652085595,-0.060712927186845
ENSG00000163050,COQ8A,0.142400052858377,0.0608455370429353
ENSG00000228742,LINC02577,-0.0351047763098119,0.0857353985130359
ENSG00000285053,TBCE,0.640450230071895,1.25270554739774
ENSG00000122687,MRM2,0.11844761739047,-0.347273450103861
ENSG00000028839,TBPL1,0.130951870702809,-0.066526360506117
ENSG00000006071,ABCC8,-0.0398188896643207,-0.050144336066223
ENSG00000187239,FNBP1,0.102477253670362,-0.123840192490093
ENSG00000119013,NDUFB3,0.11806246815783,-0.147822425176227
ENSG00000165105,RASEF,-0.002304143705944,0.693032133909667
ENSG00000170802,FOXN2,0.106239984477767,0.153672996822622
ENSG00000103066,PLA2G15,0.124049137243973,-0.181903900741816
ENSG00000150471,ADGRL3,0.260958297053082,0.300219813220813
ENSG00000229082,OR5AW1P,0.261590609338557,0.19224417296201
ENSG00000157613,CREB3L1,-0.119901395416314,-0.510019391031196
ENSG00000169981,ZNF35,-0.0453091165858041,-0.055695479241512
ENSG00000167693,NXN,-0.0041093935883628,0.135630729716611
ENSG00000156697,UTP14A,0.0036689084726939,-0.123386943068943
ENSG00000216775,LOC730101,-0.106967837439981,-0.164097147293751
ENSG00000155097,ATP6V1C1,0.106622048814127,0.150971382650516
ENSG00000182903,ZNF721,0.109891660362844,0.145943794243225
ENSG00000178538,CA8,-0.087577974886748,-0.167416904022022
ENSG00000138166,DUSP5,0.0914628965985027,0.445731012022794
ENSG00000105649,RAB3A,-0.127110096502842,-0.196845115254345
ENSG00000136197,C7orf25,-0.062291745645932,0.191219813116676
ENSG00000262919,CCNQ,-0.0259034579304332,-0.337336242602624
ENSG00000085760,MTIF2,0.095237648759042,-0.069322235751087
ENSG00000133195,SLC39A11,-0.0056476716930189,0.215849727176596
ENSG00000197417,SHPK,-0.0099916961301745,-0.092289726101917
ENSG00000170537,TMC7,-0.0213148105667452,0.137915550007033
ENSG00000155906,RMND1,0.132192385470333,0.0527572675520737
ENSG00000205531,NAP1L4,0.00838023447916551,-0.179167844707026
ENSG00000149596,JPH2,-0.096766043569386,0.391638040029169
ENSG00000151287,TEX30,-0.085933888319135,-0.369507906038358
ENSG00000188010,MORN2,0.18796015974953,-0.061757214950395
ENSG00000109756,RAPGEF2,0.0070839844541262,0.187234101467656
ENSG00000174996,KLC2,0.0014173255662379,0.128270543048482
ENSG00000125089,SH3TC1,0.126041938345515,0.343940002741508
ENSG00000128059,PPAT,0.115140209932823,-0.226234334235055
ENSG00000174516,PELI3,0.137073709492862,-0.066067245473434
ENSG00000095787,WAC,0.0836739392652486,0.0968684271796898
ENSG00000166888,STAT6,0.0132708218249103,0.244912230580275
ENSG00000087053,MTMR2,-0.00076973900204909,-0.083505648424432
ENSG00000242288,BMS1P4-AGAP5,-0.808444516615748,2.10289728616906
ENSG00000101347,SAMHD1,0.0867615343310724,0.0998179196639348
ENSG00000163110,PDLIM5,0.0145517405908497,0.201767193883534
ENSG00000132405,TBC1D14,0.0914605036978528,0.107824763478456
ENSG00000123600,METTL8,-0.0045753967273771,0.0345480250178102
ENSG00000273706,LHX1,0.210053688299197,-0.167817274671623
ENSG00000196843,ARID5A,0.165245841590023,-0.174760768521111
ENSG00000198862,LTN1,0.103414968908632,0.0351304948076834
ENSG00000143630,HCN3,0.135894055580111,0.110976235910368
ENSG00000172824,CES4A,0.212709767968437,0.561735558616684
ENSG00000096080,MRPS18A,-0.0111465056736586,0.0961428193472389
ENSG00000175701,MTLN,-0.0251727575062315,-0.060325222937947
ENSG00000168005,SPINDOC,0.10284515277579,-0.220274458417519
ENSG00000164134,NAA15,0.0915282153369814,-0.081068031095844
ENSG00000227500,SCAMP4,0.0047373632918865,0.0792250509795757
ENSG00000275221,H2AC15,-0.0167343683417023,-0.446252452360137
ENSG00000166068,SPRED1,0.104094218755157,0.279746868537819
ENSG00000255036,SUGT1P4-STRA6LP-CCDC180,0.224110797666567,-0.344129384254431
ENSG00000272808,GCAWKR,-0.144443606685238,0.218634745365503
ENSG00000065883,CDK13,0.0122922718098388,0.0612627763710687
ENSG00000071575,TRIB2,-0.0341684313561328,0.0448303889426776
ENSG00000116670,MAD2L2,0.109345456950924,-0.285131029750189
ENSG00000117519,CNN3,0.00581956604776501,-0.187974782877526
ENSG00000121064,SCPEP1,-0.0226835791456288,0.237248378716894
ENSG00000174839,DENND6A,-0.0170371619893278,-0.0304036886549899
ENSG00000171522,PTGER4,0.193404526021461,-0.145923082588908
ENSG00000254087,LYN,0.0093264523585203,-0.147866769243951
ENSG00000070423,RNF126,-0.0113515219636592,0.152023572361861
ENSG00000260231,KDM7A-DT,0.216765005388078,-0.120099115639824
ENSG00000112210,RAB23,-0.0385608063188068,0.149781040394289
ENSG00000177889,UBE2N,0.0931187928137887,-0.165232067679317
ENSG00000122873,CISD1,0.118449720470408,-0.167809977537089
ENSG00000105270,CLIP3,0.228445727828939,0.778849444836669
ENSG00000115286,NDUFS7,-0.0219842101809024,0.0412139148385388
ENSG00000232472,EEF1B2P3,-0.067756439752565,-0.209580582697118
ENSG00000251669,FAM86EP,-0.080718189763909,0.363945448329834
ENSG00000286070,GGT1,-1.16582118560854,0.863630926912083
ENSG00000132646,PCNA,0.00869684093443501,-0.059159731005006
ENSG00000235374,SSR4P1,-0.153828199459995,-0.147808462386157
ENSG00000248049,UBA6-DT,-0.0405067997326621,0.351409426062473
ENSG00000130939,UBE4B,0.100408167299997,0.0044328907065951
ENSG00000162777,DENND2D,0.142113036176056,0.109547125740376
ENSG00000185591,SP1,0.0117848341096244,-0.0276398793636426
ENSG00000172939,OXSR1,0.0858698477698954,-0.0272631533801562
ENSG00000100445,SDR39U1,-0.0361144490244956,0.410614694587722
ENSG00000148985,PGAP2,0.108766357763701,-0.0187414468034981
ENSG00000131584,ACAP3,-0.009824978293133,0.317179745721031
ENSG00000282977,PCBP2-OT1,-0.143276446472473,0.58483478573186
ENSG00000203950,RTL8A,0.0017493138494951,-0.0286168355159222
ENSG00000197381,ADARB1,-0.0213645598584048,0.37198329900438
ENSG00000114383,TUSC2,-0.0185402650048235,0.0194265376614588
ENSG00000198924,DCLRE1A,-0.0201540674290345,-0.15951616985401
ENSG00000066084,DIP2B,0.0857199806518277,0.166503995069792
ENSG00000125633,CCDC93,0.0985619460345445,-0.0084867675731345
ENSG00000170340,B3GNT2,0.103235540625908,-0.0314301963283573
ENSG00000259426,KIF23-AS1,0.26699497083773,-0.0420579648119908
ENSG00000285077,ARHGAP11B,0.150104104794508,-0.138232723718229
ENSG00000219545,UMAD1,0.314269360613964,-0.059226392962783
ENSG00000113231,PDE8B,0.51440445033955,0.525268174947056
ENSG00000054965,FAM168A,0.100040603590564,0.145361573717151
ENSG00000183666,GUSBP1,-0.0259726564486009,0.0039729630905477
ENSG00000167393,PPP2R3B,0.130168280583095,0.198784703308905
ENSG00000214941,ZSWIM7,0.143641691553679,0.145769141491518
ENSG00000114125,RNF7,0.114559327563202,-0.180128269915878
ENSG00000114739,ACVR2B,0.10539694171107,-0.0249249101262207
ENSG00000074755,ZZEF1,0.0092721765376434,0.168852486191154
ENSG00000071994,PDCD2,0.102381072342913,-0.065014685121642
ENSG00000166171,DPCD,0.158261566103617,0.0525819613640348
ENSG00000221926,TRIM16,-0.052178318436866,-0.0030754920440675
ENSG00000256546,LINC02985,-0.076616544942599,-0.131200637757832
ENSG00000169635,HIC2,-0.0238980219800413,0.0304928113085781
ENSG00000144597,EAF1,0.0948628573747734,0.0327486074115028
ENSG00000127831,VIL1,-0.07420964810179,0.747433887099636
ENSG00000167619,TMEM145,0.200040366380767,0.464729938280139
ENSG00000160446,ZDHHC12,0.111292350992465,-0.251104566722511
ENSG00000162148,PPP1R32,-0.183445452641049,0.528593422728205
ENSG00000184916,JAG2,0.115514821174396,0.0329035465172186
ENSG00000090263,MRPS33,0.115246182084608,-0.0487193231204159
ENSG00000100216,TOMM22,0.102526126307534,-0.215880786862469
ENSG00000163466,ARPC2,0.0808866946171703,-0.092327741604453
ENSG00000125798,FOXA2,-0.0019739842397533,-0.153873957052185
ENSG00000115687,PASK,-0.0053832934321936,-0.253231610887203
ENSG00000184305,CCSER1,0.290850209899422,-0.371317779932797
ENSG00000155744,FAM126B,-0.0103440264722619,-0.0201748327059395
ENSG00000125841,NRSN2,0.0973028539482154,0.079868888365228
ENSG00000198001,IRAK4,-0.028491767079801,0.139337852334115
ENSG00000154237,LRRK1,0.0117060802361082,-0.107207730247444
ENSG00000106346,USP42,0.0072026038363979,-0.0446832057199257
ENSG00000099797,TECR,0.0032139627649343,0.152682349475371
ENSG00000164120,HPGD,0.0011044220291046,0.43707273344098
ENSG00000155099,PIP4P2,-0.060547263090083,0.0578401160787988
ENSG00000160201,U2AF1,0.214121416383523,-0.224153433984307
ENSG00000069248,NUP133,0.0984230035685744,-0.066595402587673
ENSG00000271270,TMCC1-DT,0.145178800900096,-0.0116351383490281
ENSG00000274512,TBC1D3,NA,NA
ENSG00000211448,DIO2,0.152469664068475,0.304975893388414
ENSG00000198961,PJA2,0.0897442047881963,0.137882821463625
ENSG00000103932,RPAP1,-0.0035076121414104,0.0830285731186486
ENSG00000113300,CNOT6,0.0086363672734842,0.0417825066013224
ENSG00000163931,TKT,0.0164452367691252,-0.058381974441365
ENSG00000254996,ANKHD1-EIF4EBP3,-0.104316947415233,0.350131016271548
ENSG00000136238,RAC1,0.0162453828306084,0.0232931289465681
ENSG00000091157,WDR7,-0.00338984091065399,0.0950221415995853
ENSG00000117475,BLZF1,0.0909830059448717,0.0221153157130938
ENSG00000198000,NOL8,0.0928623735990717,0.081591148519655
ENSG00000101350,KIF3B,0.0883489072394542,0.081625353246481
ENSG00000160908,ZNF394,-0.0044700548426901,0.143935386219824
ENSG00000116288,PARK7,0.0064318536709091,-0.132730474376893
ENSG00000056558,TRAF1,-0.02323393961832,0.172682843178117
ENSG00000100804,PSMB5,0.0876884791646661,-0.166493714003344
ENSG00000114098,ARMC8,0.0972192239142799,-0.089617030767904
ENSG00000243566,UPK3B,0.187127345875694,0.436170297912364
ENSG00000121486,TRMT1L,-0.0025118066515517,-0.121420306949924
ENSG00000145191,EIF2B5,-0.0063710684641199,0.122743185661208
ENSG00000148950,IMMP1L,-0.07449591354148,-0.00061149597576459
ENSG00000109016,DHRS7B,-0.0221113237127499,0.0423478224749038
ENSG00000140367,UBE2Q2,0.101662057362661,-0.0397491546786289
ENSG00000174939,ASPHD1,0.177520516065716,0.12995579324674
ENSG00000184156,KCNQ3,-0.324919907331232,0.51896208791763
ENSG00000167283,ATP5MG,-0.0068018388441132,-0.023106945175552
ENSG00000175938,ORAI3,0.129220987259419,0.139861287100182
ENSG00000182963,GJC1,-0.00251328661968109,-0.40476242989327
ENSG00000178467,P4HTM,0.108412133602923,0.191090406116658
ENSG00000163808,KIF15,-0.0235850639293972,-0.351762560719536
ENSG00000221866,PLXNA4,-0.180116794778784,-0.197297991080465
ENSG00000169169,CPT1C,0.188216184870019,0.133260215335395
ENSG00000230989,HSBP1,0.0883815104239264,-0.221173163824972
ENSG00000115084,SLC35F5,0.0915454475480259,0.0786075459680276
ENSG00000125249,RAP2A,-0.0129453074208826,-0.245863841212696
ENSG00000100429,HDAC10,-0.132646578664767,0.375324576272968
ENSG00000062582,MRPS24,-0.0055600140247858,0.0107010900064445
ENSG00000105705,SUGP1,-0.009579672660066,0.0480782166477597
ENSG00000164291,ARSK,0.13938592729644,0.0260488081742569
ENSG00000106609,TMEM248,0.0164853002376214,-0.090977723463058
ENSG00000150768,DLAT,0.003547935362362,-0.0107506036094472
ENSG00000174579,MSL2,-0.00019934643420229,0.0477241775087431
ENSG00000184669,OR7E14P,0.174264202713614,-0.302766445141373
ENSG00000135677,GNS,0.0071825733874825,0.125617028981602
ENSG00000162869,PPP1R21,0.10617451713419,0.183805982980523
ENSG00000129460,NGDN,-0.00453481755266009,0.000324793701979
ENSG00000107021,TBC1D13,0.0045730862139895,-0.101887287931678
ENSG00000085377,PREP,0.00192199917269181,0.0851029563863185
ENSG00000171862,PTEN,0.0146732014657663,0.0522819546338963
ENSG00000262664,OVCA2,0.329423586000858,-0.0031973352035335
ENSG00000137502,RAB30,-0.0194381437419731,0.0820032870560518
ENSG00000187840,EIF4EBP1,0.0069498789574857,0.0167949029963406
ENSG00000255433,LINC02735,-0.159793498853361,-0.55203952762414
ENSG00000124532,MRS2,0.107910490566622,0.15513251791138
ENSG00000018408,WWTR1,0.0930966371570633,-0.0458650898830694
ENSG00000113594,LIFR,-0.00580180505480619,0.047551642205212
ENSG00000126464,PRR12,0.0078244451164841,-0.05354445132055
ENSG00000166225,FRS2,0.0042479262922738,0.0645379023792968
ENSG00000110497,AMBRA1,0.0116238108264049,0.205961795208573
ENSG00000147364,FBXO25,-0.009137005315051,0.365330685482327
ENSG00000171714,ANO5,NA,NA
ENSG00000133247,KMT5C,0.139439792137214,0.0136234262736644
ENSG00000174125,TLR1,0.216424983229333,0.20875462640511
ENSG00000152433,ZNF547,0.255650590723381,0.256287809595321
ENSG00000108423,TUBD1,-0.0282794234302692,0.0254041297143419
ENSG00000175063,UBE2C,0.0029328690300342,-0.653603823330406
ENSG00000174502,SLC26A9,0.210508495754972,0.812265177373667
ENSG00000040199,PHLPP2,0.0089378153247417,0.199650840578291
ENSG00000140299,BNIP2,0.0936723674591678,0.0654059401096739
ENSG00000103591,AAGAB,0.094314970869918,0.0681814418999646
ENSG00000237440,ZNF737,-0.11905921805159,-0.269182831553737
ENSG00000183955,KMT5A,0.103367010456872,-0.138081709054712
ENSG00000134444,RELCH,0.100119319502248,-0.061108069888204
ENSG00000115841,RMDN2,-0.068596314456019,0.0445412179425769
ENSG00000106617,PRKAG2,-0.0193160572326507,0.37562262685541
ENSG00000144909,OSBPL11,-0.0099671916729856,-0.081163464742587
ENSG00000124784,RIOK1,-0.0169053046408179,-0.060048089100048
ENSG00000137492,THAP12,0.0935966708958572,-0.096154232273399
ENSG00000147316,MCPH1,0.0019628132802688,0.151548131967506
ENSG00000124107,SLPI,-0.0164494780129799,-0.417904391510014
ENSG00000154447,SH3RF1,0.0036502157050318,0.128485003238799
ENSG00000179546,HTR1D,-0.0326538405442187,-0.0269397007175959
ENSG00000143742,SRP9,0.0961979476886895,-0.0440808764456644
ENSG00000178691,SUZ12,0.0860835750517165,-0.0104550673264871
ENSG00000075785,RAB7A,0.0147208292958245,0.0142448441992919
ENSG00000186468,RPS23,0.0900160664775295,-0.227781049582784
ENSG00000205423,CNEP1R1,0.116200391536218,0.0414856660735343
ENSG00000119403,PHF19,0.0019588518485034,-0.391198174828598
ENSG00000155629,PIK3AP1,0.107254676272347,0.228284340830313
ENSG00000083817,ZNF416,0.12640745214087,-0.0240344240120424
ENSG00000099910,KLHL22,0.116747021200296,0.0643872708893111
ENSG00000144843,ADPRH,0.177453804358187,0.174140194086927
ENSG00000156515,HK1,0.013361199462619,0.10940781405283
ENSG00000144233,AMMECR1L,0.095356634533728,0.0921659116739046
ENSG00000167523,SPATA33,-0.053352775007167,0.0252331511914137
ENSG00000164932,CTHRC1,-0.081147825895176,-0.272446198691061
ENSG00000188394,GPR21,0.202136797348479,0.208312425660416
ENSG00000135127,BICDL1,0.13168291319195,0.432229074781006
ENSG00000102547,CAB39L,0.183374676278746,-0.0077718660164947
ENSG00000166548,TK2,0.101142541264804,0.35085263732643
ENSG00000126773,PCNX4,0.0954445102751666,0.172184186432029
ENSG00000182551,ADI1,-0.0019144627438536,0.168373669023533
ENSG00000168303,MPLKIP,-0.0196770961357376,0.0973340617081539
ENSG00000137404,NRM,-0.0217610303514842,-0.506473881241529
ENSG00000088826,SMOX,0.0860745526748501,0.181523369729611
ENSG00000198301,SDAD1,0.116137200059061,0.0979341183659689
ENSG00000047932,GOPC,0.087228877500812,0.0850742790774678
ENSG00000171798,KNDC1,0.168689317402202,0.0343247546874179
ENSG00000225972,MTND1P23,-0.145274064822829,0.108575653173924
ENSG00000138386,NAB1,0.0953949044157382,0.364936042158579
ENSG00000275066,SYNRG,0.0878653529043346,0.02196988975725
ENSG00000085719,CPNE3,0.0859476237783066,-0.0355739869274125
ENSG00000138468,SENP7,0.129066909256977,0.136066373747875
ENSG00000103742,IGDCC4,-0.049373267140524,0.331878851072353
ENSG00000077232,DNAJC10,0.0885749727584999,0.0846546802611845
ENSG00000111012,CYP27B1,0.219515042357523,0.256520252294231
ENSG00000165259,HDX,-0.0231508439801483,0.133589295081397
ENSG00000241370,RPP21,NA,NA
ENSG00000150433,TMEM218,-0.033742604390648,-0.0211706741556971
ENSG00000286193,CPLANE1-AS1,-0.145592387412092,0.418411416324708
ENSG00000101843,PSMD10,0.113120304589035,-0.067545271184022
ENSG00000180044,C3orf80,-0.073448958849696,0.184239571696858
ENSG00000115875,SRSF7,0.00821452503544171,-0.108967772969096
ENSG00000105401,CDC37,0.0859345699847544,-0.178527292388333
ENSG00000106355,LSM5,-0.0233026590858875,0.0605106670546987
ENSG00000160294,MCM3AP,0.0166948699491733,0.0485182784962562
ENSG00000136897,MRPL50,0.110874924674328,-0.105343802072822
ENSG00000125846,ZNF133,0.113151091052797,0.0795253627136469
ENSG00000006282,SPATA20,0.0037575929101198,0.266876180297759
ENSG00000150456,EEF1AKMT1,-0.096652473659032,-0.0211015746920862
ENSG00000164405,UQCRQ,0.0979219638329794,-0.240280616124945
ENSG00000148842,CNNM2,-0.0079637102369981,0.234512227884452
ENSG00000172775,PSME3IP1,0.085919715436734,-0.0074966155093442
ENSG00000196739,COL27A1,0.10456329933676,0.0060946652848887
ENSG00000149313,AASDHPPT,0.104891607898509,-0.052506036572328
ENSG00000254469,XNDC1N,-0.0425454317630992,0.0311245873299866
ENSG00000106290,TAF6,0.0037540423310169,0.050726987794289
ENSG00000148468,FAM171A1,0.152703122664239,-0.10412900067093
ENSG00000132972,RNF17,0.200276123591449,-1.10197642481552
ENSG00000163605,PPP4R2,0.0995723739138458,0.043233546795564
ENSG00000053900,ANAPC4,0.112298289099092,0.034421759923482
ENSG00000114251,WNT5A,-0.073462969576962,0.151263544912402
ENSG00000126254,RBM42,0.0850014395036075,-0.110623838862004
ENSG00000102057,KCND1,0.215821700888154,0.604287754289753
ENSG00000177459,ERICH5,0.163269420166198,-0.104206119324847
ENSG00000106610,STAG3L4,NA,NA
ENSG00000186318,BACE1,-0.00548624759115469,0.0651584836329503
ENSG00000111666,CHPT1,0.102179018811945,-0.123303642352643
ENSG00000154845,PPP4R1,0.0125740308099161,-0.00888257779509469
ENSG00000166833,NAV2,0.0889972459122306,0.313094887232682
ENSG00000126500,FLRT1,-0.163937641660839,0.291713771619594
ENSG00000142065,ZFP14,0.125850428752295,0.165003167259977
ENSG00000048052,HDAC9,-0.057386657422899,0.165396305362017
ENSG00000233762,RPS15P4,0.169454876709587,-0.264446874234288
ENSG00000181827,RFX7,0.0029565753648562,-0.0135642601556646
ENSG00000100987,VSX1,0.265614502243524,0.119562110321097
ENSG00000143149,ALDH9A1,0.0994702907592865,-0.085902760931311
ENSG00000011275,RNF216,0.0837812894638771,-0.0366171991400338
ENSG00000108379,WNT3,NA,NA
ENSG00000155893,PXYLP1,0.117208595198284,-0.0325165069291249
ENSG00000198879,SFMBT2,0.0037909933621149,0.234855512459271
ENSG00000185009,AP3M1,0.0130967514343129,-0.137780832290821
ENSG00000288558,DUS4L-BCAP29,0.296315524648745,-0.157031386937422
ENSG00000167186,COQ7,-0.0290693845287465,0.16805828980571
ENSG00000170417,TMEM182,-0.054838047540078,0.144193291164228
ENSG00000057252,SOAT1,0.0901862248905635,0.09702422861163
ENSG00000170089,LOC728554,-0.0110525113510465,-0.278040929966527
ENSG00000277149,TYW1B,0.146139474536386,-0.172800019398318
ENSG00000167604,NFKBID,0.150669306375908,-0.0477150319383399
ENSG00000215790,SLC35E2A,0.140564211931221,0.359524625801563
ENSG00000107951,MTPAP,0.10809337057878,-0.052860939680406
ENSG00000167419,LPO,0.202803465442844,-0.0252018276045083
ENSG00000109805,NCAPG,0.108851902779485,-0.374239956525027
ENSG00000167771,RCOR2,0.260206383329456,0.287236210528582
ENSG00000105339,DENND3,0.100292553350366,0.0328596782466937
ENSG00000181625,SLX1B,0.115810637188124,0.34583290227786
ENSG00000145868,FBXO38,0.095897572136319,0.0636074629243114
ENSG00000110002,VWA5A,0.228165866825947,-0.050070923651885
ENSG00000169446,MMGT1,0.0965459515699847,-0.058783665868132
ENSG00000148057,IDNK,-0.090234252525414,0.324664952632185
ENSG00000071051,NCK2,0.112291413055962,-0.0122683710251412
ENSG00000173848,NET1,0.0125997058843366,0.109912030878524
ENSG00000253537,PCDHGA7,0.219075456778704,-0.141316225304575
ENSG00000198901,PRC1,-0.070768243515443,-0.516983418378794
ENSG00000142920,AZIN2,0.15440846769265,0.284801347439673
ENSG00000175471,MCTP1,0.128202207265487,0.59060097152984
ENSG00000075975,MKRN2,0.00369735354724871,-0.110815822176271
ENSG00000204396,VWA7,0.218279220118462,0.328178510439758
ENSG00000022277,RTF2,0.0110382822585889,-0.072639066466503
ENSG00000176261,ZBTB8OS,0.123087754818401,-0.0202595329741571
ENSG00000155438,NIFK,-0.0238004380457607,-0.121803813117639
ENSG00000046651,OFD1,0.0950014859672387,0.232396574998087
ENSG00000240137,ERICH6-AS1,0.266695512046287,-0.080061457611329
ENSG00000175575,PAAF1,0.103577211443213,-0.074820983490684
ENSG00000116128,BCL9,0.105673937354819,-0.215955947505138
ENSG00000151665,PIGF,0.122326974549649,0.0969544529413619
ENSG00000163507,CIP2A,0.104298663724681,-0.487206616535844
ENSG00000121022,COPS5,0.106124787698989,0.0612872648407334
ENSG00000146085,MMUT,0.128666730234674,-0.074205096173346
ENSG00000204574,ABCF1,0.088242485828088,-0.0179404535591408
ENSG00000139636,LMBR1L,-0.0141693815432317,0.236340061451711
ENSG00000141971,MVB12A,0.121587437790253,0.279319189750472
ENSG00000134265,NAPG,0.105948271321035,0.109034551856151
ENSG00000254901,BORCS8,0.125548408369157,-0.060297636455482
ENSG00000108352,RAPGEFL1,0.143773690794685,0.478786531141083
ENSG00000139239,RPL14P1,-0.095719853639482,-0.118010618372926
ENSG00000165156,ZHX1,0.0932619317465664,0.0782518333495991
ENSG00000131848,ZSCAN5A,0.137117280586821,0.128739491370831
ENSG00000111358,GTF2H3,-0.0101002309618696,0.233110756278989
ENSG00000089692,LAG3,0.22181972936887,0.250811628604241
ENSG00000180190,TDRP,0.120919178644177,-0.058252758240605
ENSG00000180139,ACTA2-AS1,-0.065559076430519,0.558064906523494
ENSG00000213057,C1orf220,-0.719755845263762,0.73318218155068
ENSG00000244115,DNAJC25-GNG10,0.246663420843582,-0.079707666432681
ENSG00000269896,LOC100129534,0.249556965784347,-0.338517976990971
ENSG00000139173,TMEM117,0.1901112682973,0.0371169463342461
ENSG00000163909,HEYL,0.145081268648705,0.159785297465906
ENSG00000206073,SERPINB4,-0.105364790548548,-0.100831182736706
ENSG00000254999,BRK1,-0.0045692531249403,-0.062090540390784
ENSG00000154803,FLCN,0.102536240102858,0.637503448858145
ENSG00000235194,PPP1R3E,0.13250605939176,0.0214033415968795
ENSG00000237190,CDKN2AIPNL,0.117642068826154,-0.077529240231805
ENSG00000286177,LOC105372401,0.175619243118424,0.524295123566151
ENSG00000204262,COL5A2,0.0797495279368694,0.2028018466095
ENSG00000065154,OAT,0.0954518955520455,-0.00794966749447749
ENSG00000007545,CRAMP1,0.00719192661388091,0.128665355841083
ENSG00000123159,GIPC1,0.0935635585205438,0.162732385599741
ENSG00000100003,SEC14L2,-0.0229334228489594,-0.214224555469896
ENSG00000112739,PRPF4B,0.0924430499824356,0.0166949129257902
ENSG00000117543,DPH5,-0.0152324636434305,-0.138013781839826
ENSG00000277150,F8A3,-0.0440348652250918,-0.050762497323999
ENSG00000144935,TRPC1,0.114677673693334,0.225819673135524
ENSG00000161677,JOSD2,0.120285632252394,-0.128072476268118
ENSG00000130311,DDA1,-0.0032278576523603,0.0604638287164209
ENSG00000138172,CALHM2,-0.066009728091037,-0.240211550434195
ENSG00000137962,ARHGAP29,0.0140551842889514,0.0116493621441494
ENSG00000169696,ASPSCR1,0.117469035485848,0.157305858796257
ENSG00000228486,C2orf92,0.27005478186627,0.243843660837101
ENSG00000173486,FKBP2,0.13501896101942,0.0047243719227305
ENSG00000120049,KCNIP2,0.178158672375552,0.542633023158155
ENSG00000154153,RETREG1,0.180497763172343,0.17820067207379
ENSG00000152413,HOMER1,0.106583077579949,-0.091967941096084
ENSG00000151247,EIF4E,-0.001790459649089,0.0846885573113496
ENSG00000188785,ZNF548,-0.031714340543945,0.0723840000237714
ENSG00000249740,LINC01265,0.16383608414152,0.324417538012855
ENSG00000076053,RBM7,0.0050571537502996,0.164336217827291
ENSG00000148773,MKI67,0.00920904768099171,-0.51253971483622
ENSG00000081307,UBA5,-0.0047282269288404,0.0844180235480858
ENSG00000113240,CLK4,-0.0190865804242895,0.120173352070577
ENSG00000158373,H2BC5,0.0085814122561007,-0.23915482037855
ENSG00000140829,DHX38,0.010481857812939,0.0703001276690315
ENSG00000104164,BLOC1S6,0.124855586838058,0.108566797888225
ENSG00000171574,ZNF584,-0.00385052187479529,-0.187718495802492
ENSG00000107897,ACBD5,0.0091897641796428,-0.0183547741415897
ENSG00000139726,DENR,0.0916530327994674,-0.136166952548001
ENSG00000231535,LINC00278,-0.097206343631051,0.118993815409371
ENSG00000148943,LIN7C,0.0085697329101991,0.0993874268714412
ENSG00000086570,FAT2,0.183035369858825,0.39622827012851
ENSG00000078401,EDN1,0.0957932202091994,-0.071025873097365
ENSG00000165675,ENOX2,-0.0102754784793941,-0.061345820951324
ENSG00000135540,NHSL1,0.126327256517344,0.105609056604652
ENSG00000169570,DTWD2,-0.056445200939861,0.0392556803164947
ENSG00000143374,TARS2,0.099613776325253,-0.0165523437472973
ENSG00000170871,KIAA0232,0.101736944174029,-0.0251625279296522
ENSG00000275215,RNA5-8SN3,0.113484244393311,-0.228703905531044
ENSG00000185798,WDR53,-0.0436860478422397,0.0141292026967164
ENSG00000219626,FAM228B,0.207385847840314,0.255133945448447
ENSG00000111490,TBC1D30,0.152134660505803,-0.090464807544537
ENSG00000163788,SNRK,-0.0039415711107106,0.0769212529572702
ENSG00000166912,MTMR10,0.107289894808032,0.0302118640098075
ENSG00000123908,AGO2,0.0214215873336561,-0.0177327682794069
ENSG00000167105,TMEM92,-0.0228063673836409,-0.065168378432815
ENSG00000184786,DYNLT2,-0.122506240833059,-0.95644455614367
ENSG00000163848,ZNF148,0.0107927767317979,0.196172560875457
ENSG00000186106,ANKRD46,-0.0169729555582844,0.0457352400811453
ENSG00000214381,LINC00488,0.210158179052617,0.0073585827711088
ENSG00000137959,IFI44L,0.0181826024933053,0.0763915294355217
ENSG00000140859,KIFC3,0.0836176706390233,0.449804755113136
ENSG00000143578,CREB3L4,0.143570629112422,-0.0027366400192895
ENSG00000170745,KCNS3,-0.068594751605241,-0.25034994392603
ENSG00000063046,EIF4B,0.0804529073975369,-0.054656279010121
ENSG00000200087,SNORA73B,0.170641267052372,-0.361944827390179
ENSG00000089250,NOS1,-0.0194995767295532,0.187367040437432
ENSG00000284194,SCO2,-0.0414016259906535,0.0548026881751993
ENSG00000039650,PNKP,0.0959260278985946,0.306364777864964
ENSG00000183077,AFMID,-0.0231163887358115,0.155254462358391
ENSG00000171206,TRIM8,0.0013449787501143,0.01130460707205
ENSG00000144026,ZNF514,0.102496947980967,-0.01795861804856
ENSG00000187601,MAGEH1,0.17338164758042,-0.223660245065396
ENSG00000115661,STK16,0.115247832530348,0.137272167570041
ENSG00000181610,MRPS23,-0.0014782052572402,0.0105341470626885
ENSG00000174010,KLHL15,0.10436285351547,0.0182407345090937
ENSG00000114698,PLSCR4,0.112286121802453,0.148303528849241
ENSG00000139631,CSAD,-0.018568669968399,0.340821217175055
ENSG00000106327,TFR2,0.203802679226864,-0.253993689622019
ENSG00000077063,CTTNBP2,0.160359535511464,0.24966021793522
ENSG00000198719,DLL1,-0.17166830869812,-0.0247085577474837
ENSG00000134308,YWHAQ,0.0214282773052093,-0.219185525417018
ENSG00000012171,SEMA3B,-0.0075548487263079,0.65363624458621
ENSG00000182600,SNORC,-0.0336954929838408,0.043968710929089
ENSG00000140678,ITGAX,-0.100833998436477,0.520768743968419
ENSG00000136273,HUS1,0.00139563705471511,-0.0493171477839893
ENSG00000149639,SOGA1,0.0850287644088827,-0.239123411048255
ENSG00000137825,ITPKA,0.217240421017185,-0.261589192065548
ENSG00000167705,RILP,-0.065284239833892,-0.105515139934081
ENSG00000096092,TMEM14A,-0.0338397959603382,-0.314889892997353
ENSG00000196455,PIK3R4,-0.0016422426652195,-0.0307380974583709
ENSG00000231185,SPRY4-AS1,0.230219378426581,0.567941557083646
ENSG00000131015,ULBP2,-0.086210937343811,0.0256043913614471
ENSG00000184602,SNN,-0.0160276202570486,0.239436737581294
ENSG00000131849,ZNF132,-0.115831648816199,0.0749901751361465
ENSG00000114638,UPK1B,-0.07347042061491,-0.518141367538033
ENSG00000088833,NSFL1C,0.0169154968247418,-0.087642436440781
ENSG00000133997,MED6,0.109042387741474,-0.087272336124037
ENSG00000102882,MAPK3,0.111754309980034,0.107857239798126
ENSG00000273033,LINC02035,0.131467143513319,-0.075326256753127
ENSG00000172830,SSH3,0.107766299187984,0.0644823487586588
ENSG00000130363,RSPH3,-0.0229107861594676,0.201305138828392
ENSG00000171492,LRRC8D,0.0109276942516624,0.113498922460905
ENSG00000173890,GPR160,-0.102806544410496,0.719587411936965
ENSG00000125386,FAM193A,0.0910713176623649,0.0929761174786515
ENSG00000197620,EOLA1,-0.0179114572955681,0.106831511467495
ENSG00000163682,RPL9,0.104863803702995,-0.252832713819032
ENSG00000158301,GPRASP2,NA,NA
ENSG00000162066,AMDHD2,-0.0247644895182257,0.335911436397855
ENSG00000146830,GIGYF1,0.0868713953238832,0.237529852491449
ENSG00000178974,FBXO34,0.0914444537859513,0.0469474244388805
ENSG00000147604,RPL7,0.103129996879172,-0.104195226288639
ENSG00000083097,DOP1A,-0.0100193126891582,0.106237482345879
ENSG00000110768,GTF2H1,0.0018024426865112,0.165534763918114
ENSG00000091039,OSBPL8,0.0937836525950258,0.0389995823020824
ENSG00000124608,AARS2,0.109410560747841,-0.093904880849365
ENSG00000128284,APOL3,-0.0118187291167811,-0.084793569308313
ENSG00000105137,SYDE1,0.121022202304939,0.0768991526695274
ENSG00000058091,CDK14,-0.125677747075137,0.129917221410898
ENSG00000174080,CTSF,-0.0200532306977145,0.1704792244064
ENSG00000116478,HDAC1,0.0094025874946714,0.0661402952060449
ENSG00000061987,MON2,0.0888103797993561,0.164001512494881
ENSG00000163719,MTMR14,0.003814901849939,0.168240156088909
ENSG00000218510,LINC00339,0.132659011218882,-0.085503700154262
ENSG00000158161,EYA3,0.0048319906182701,-0.060314964393704
ENSG00000145919,BOD1,0.0055707881366976,-0.066326622033258
ENSG00000197457,STMN3,-0.094387437275894,-0.312704482724095
ENSG00000080503,SMARCA2,0.0860057313007532,-0.155527975165888
ENSG00000198205,ZXDA,0.126730644466142,-0.055011881243103
ENSG00000132773,TOE1,-0.0161381986535268,-0.0480963328729937
ENSG00000152503,TRIM36,0.153656490025724,-0.424693523865748
ENSG00000078142,PIK3C3,0.0023597979743948,0.246664619613419
ENSG00000175707,KDF1,-0.14838324150247,-0.090076274395017
ENSG00000188313,PLSCR1,0.0158826053041474,-0.090972740020339
ENSG00000145349,CAMK2D,0.090922267623056,0.114956870222865
ENSG00000006530,AGK,-0.00194849422600279,0.0320462976618083
ENSG00000112695,COX7A2,0.0963831540039994,-0.0021549558357152
ENSG00000160345,PIERCE1,0.22429279551026,0.0827682147747757
ENSG00000110660,SLC35F2,0.0953334419214113,-0.206376044137114
ENSG00000132205,EMILIN2,0.169295863914584,0.218272323873009
ENSG00000241258,CRCP,0.0070996937632983,-0.102345851296216
ENSG00000169967,MAP3K2,0.0150975569744262,0.0749679349272208
ENSG00000133315,MACROD1,-0.066852391666199,0.31579998278527
ENSG00000236699,ARHGEF38,0.249752012528885,0.27811732647329
ENSG00000171428,NAT1,-0.060441076126863,0.274048950466773
ENSG00000141068,KSR1,0.0844842408413466,0.224884798032352
ENSG00000093167,LRRFIP2,0.0923904569744768,-0.054618688144933
ENSG00000178904,DPY19L3,0.101336542307852,0.124190471954552
ENSG00000213963,LOC100130691,0.137644836130754,0.163422728587424
ENSG00000260630,SNAI3-AS1,0.156601383201321,0.215237938772717
ENSG00000178917,ZNF852,0.138161894627817,0.035564304842028
ENSG00000005075,POLR2J,0.113992443340318,-0.376969366090914
ENSG00000280351,LOC100129503,0.258665022641133,0.257500741463351
ENSG00000139168,ZCRB1,-0.0270638097121538,-0.133153762454185
ENSG00000136738,STAM,-0.0095728311895211,0.0742137658260611
ENSG00000278637,H4C1,0.105322880715363,-0.396816836915916
ENSG00000175279,CENPS,-0.0406452535201315,-0.27897862558164
ENSG00000177640,CASC2,0.153684009221831,-0.0434713880607814
ENSG00000226824,LOC100996437,0.213426133581441,0.260643640693721
ENSG00000204316,MRPL38,0.00916628684355601,0.0392687990174109
ENSG00000176476,SGF29,-0.0190978734757051,0.0454987466112631
ENSG00000196591,HDAC2,0.0967905954756063,-0.0448018500788574
ENSG00000170892,TSEN34,0.103236665572757,-0.128527356955575
ENSG00000231683,LOC101927136,0.11275217773282,-0.052025520885904
ENSG00000178573,MAF,-0.127934120173557,0.565478746494657
ENSG00000135437,RDH5,0.24066439616469,0.366880686716512
ENSG00000080802,CNOT4,0.107860483522435,0.0412178813039
ENSG00000205544,TMEM256,0.139791739696761,-0.208625489726205
ENSG00000186132,C2orf76,0.206734220727097,-0.154817327677272
ENSG00000274349,ZNF658,0.14022074062601,0.074277881858185
ENSG00000083812,ZNF324,-0.0096271556049557,0.109313129302055
ENSG00000122515,ZMIZ2,0.0908814747921215,0.0611752121767116
ENSG00000225377,NRSN2-AS1,0.127995682809854,0.193325184416409
ENSG00000165434,PGM2L1,0.0874114787617014,0.163751027424941
ENSG00000250420,AACSP1,-0.067890932103492,-0.410805890441343
ENSG00000113048,MRPS27,0.0834094215883566,-0.0154421375160386
ENSG00000213901,SLC23A3,0.253477463909822,0.361647823764767
ENSG00000099998,GGT5,-0.0345405005504449,0.974987127484262
ENSG00000117640,MTFR1L,0.101543685893679,0.127309460653281
ENSG00000154222,CC2D1B,0.0050776430006889,0.206728756391095
ENSG00000128578,STRIP2,0.096676901398766,0.178161074235292
ENSG00000069493,CLEC2D,0.158156643357082,0.0345219554907508
ENSG00000261087,ZNNT1,-0.072425097469986,0.0731963530055084
ENSG00000169118,CSNK1G1,0.0175383815417161,0.12846345112539
ENSG00000158623,COPG2,0.102246842635053,0.0377858002077122
ENSG00000127311,HELB,-0.0071514442929029,0.0653200790101781
ENSG00000105656,ELL,0.120241526143139,0.171024095310302
ENSG00000075711,DLG1,0.0124406173218433,0.17559264769589
ENSG00000150401,DCUN1D2,0.14129315072166,-0.07458103698553
ENSG00000256771,ZNF253,0.248582577328899,-0.855648894726396
ENSG00000182512,GLRX5,0.0978821694781056,-0.089717050799126
ENSG00000213186,TRIM59,-0.00090548781404589,-0.304880396869595
ENSG00000138433,CIR1,0.137322722388431,-0.088448703368784
ENSG00000072518,MARK2,0.0853117856545856,0.160555285662395
ENSG00000183496,MEX3B,-0.05031896123679,-0.711071149891635
ENSG00000185305,ARL15,0.123603274879483,0.158099888674355
ENSG00000163875,MEAF6,0.111511622282163,-0.0333632797595592
ENSG00000204922,UQCC3,-0.0248249214354197,0.168729745219408
ENSG00000100311,PDGFB,0.137946913331618,-0.062437262012808
ENSG00000273297,LOC105375519,0.119968525622856,-0.090102042500105
ENSG00000185252,ZNF74,0.123712799691414,-0.063147115331508
ENSG00000106244,PDAP1,0.014223486045921,-0.075305821994905
ENSG00000128228,SDF2L1,-0.0286607372756385,-0.182448924201419
ENSG00000189227,C15orf61,0.167000294697943,-0.0276075238991049
ENSG00000143512,HHIPL2,0.103098396629591,0.34736970854489
ENSG00000186141,POLR3C,0.0038856757793322,0.11330544326214
ENSG00000254463,PPIAP41,-0.168252684306553,0.136000828380044
ENSG00000138802,SEC24B,0.0125056180789524,-0.0497680967072436
ENSG00000155096,AZIN1,0.0876000025320188,0.0445066275422598
ENSG00000244306,DUXAP10,0.0793380518496452,0.0626153799716549
ENSG00000148358,GPR107,0.0197645828127361,-0.0115898050915239
ENSG00000203739,PRDX6-AS1,-0.084028173558893,0.204569484442427
ENSG00000008018,PSMB1,0.00278732089460181,-0.096628260082834
ENSG00000138622,HCN4,0.271555765793794,-0.375495283770079
ENSG00000171853,TRAPPC12,0.0961040491933208,0.0638827607829826
ENSG00000214198,TTC41P,0.233072676016145,-0.276559306197139
ENSG00000104356,POP1,-0.013475408833054,0.0247475082876818
ENSG00000158636,EMSY,0.0960066766790508,-0.0383803519187063
ENSG00000158427,TMSB15B,-0.145175661583494,-0.222530977454349
ENSG00000213123,DYNLT2B,-0.133265659921367,0.00464286650196021
ENSG00000245849,RAD51-AS1,0.148998907946782,0.309088997767383
ENSG00000108684,ASIC2,-0.102815018883645,-0.175378012460439
ENSG00000125319,HROB,-0.0142402578619416,-0.295070943160508
ENSG00000206530,CFAP44,0.105715590785054,0.30947351187029
ENSG00000112812,PRSS16,0.147227903458156,-0.086461280603829
ENSG00000065150,IPO5,0.013591408273024,-0.259475128471473
ENSG00000118369,USP35,0.123568294757178,0.220464448986131
ENSG00000158856,DMTN,0.0148153233148532,0.198363836875724
ENSG00000091127,PUS7,0.0942707858122516,-0.232942674984756
ENSG00000138495,COX17,-0.0286064758105798,-0.155806873440392
ENSG00000073849,ST6GAL1,0.104006035332276,0.163967728237925
ENSG00000120075,HOXB5,-0.0437286977688008,0.312322926959496
ENSG00000101624,CEP76,0.131227583798194,0.0199211167116228
ENSG00000146540,C7orf50,0.10060297543897,-0.179592301502196
ENSG00000108342,CSF3,0.170875982533391,0.172811577886534
ENSG00000152475,ZNF837,-0.140557035422662,0.5032697430719
ENSG00000147123,NDUFB11,0.0875868954679012,-0.119787735161933
ENSG00000162999,DUSP19,0.193145598355437,0.0701718432454595
ENSG00000088812,ATRN,0.0193678583988097,0.006073295322632
ENSG00000233461,LOC122526782,0.118306966111074,0.121853947975412
ENSG00000137273,FOXF2,-0.0239034174365386,-0.0350479617736262
ENSG00000167637,ZNF283,-0.0358075969609801,0.161912427232949
ENSG00000236801,RPL24P8,-0.101391874330636,0.0246288146555014
ENSG00000253910,PCDHGB2,0.162464438260889,-0.13467260606074
ENSG00000147536,GINS4,-0.0024548307781677,-0.318914568842059
ENSG00000165568,AKR1E2,0.0957476741702111,0.149764743790465
ENSG00000126768,TIMM17B,0.010039081162987,-0.119468231329795
ENSG00000099204,ABLIM1,0.0169455092171031,0.290093970250807
ENSG00000130159,ECSIT,-0.0103118462414692,0.150169062095187
ENSG00000141279,NPEPPS,0.0197794892417407,-0.0020142172576663
ENSG00000111875,ASF1A,0.119353566057891,-0.304741953256192
ENSG00000058729,RIOK2,-0.0069713310434678,-0.0296590985683465
ENSG00000185627,PSMD13,0.0082948314350486,0.0180325033342113
ENSG00000139160,ETFBKMT,0.222431414939785,0.466464530580878
ENSG00000101811,CSTF2,0.0922603172879137,-0.093321981133969
ENSG00000253719,ATXN7L3B,0.0158853560999278,-0.0435655429238524
ENSG00000146776,ATXN7L1,0.0015467567695612,0.140183160438757
ENSG00000036448,MYOM2,0.207233087209532,-0.192044897827519
ENSG00000212694,LINC01089,0.138376016543119,0.372519404493085
ENSG00000120314,WDR55,0.014580591157504,0.0892892773019508
ENSG00000155827,RNF20,0.0872058862411437,-0.00092254448194429
ENSG00000156521,TYSND1,0.0884525885090578,0.0174814397651273
ENSG00000204569,PPP1R10,0.0124657197290167,0.207105128919848
ENSG00000228695,CES1P1,NA,NA
ENSG00000043093,DCUN1D1,0.096847793994257,0.0491475937627226
ENSG00000242732,RTL5,0.131780117096625,0.224588652925346
ENSG00000141741,MIEN1,-0.0023419967757915,-0.033457368983587
ENSG00000169738,DCXR,-0.013035328164319,0.09977307727345
ENSG00000007520,TSR3,0.109008465229376,0.0452766804498349
ENSG00000159216,RUNX1,NA,NA
ENSG00000180089,TMEM86B,0.201541728301145,0.0365852409979425
ENSG00000129991,TNNI3,0.238968661503838,0.0648558979599164
ENSG00000204610,TRIM15,0.224317779517175,0.310189058489422
ENSG00000092208,GEMIN2,-0.0313004191845607,-0.0444181725038923
ENSG00000039560,RAI14,0.0802202922051238,0.0321663811994509
ENSG00000167671,UBXN6,-0.0012685228962118,0.209453281673723
ENSG00000234737,KRT18P15,-0.128715571443099,0.164121599795225
ENSG00000182325,FBXL6,-0.00077717773237329,0.220544855640379
ENSG00000266258,LINC01909,-0.102138835472788,0.635303091432727
ENSG00000165609,NUDT5,0.0863009496645967,0.0526919546599623
ENSG00000168495,POLR3D,-0.0012756653870962,-0.060067889599915
ENSG00000125246,CLYBL,0.187002550199997,0.178830704127958
ENSG00000104325,DECR1,0.103753914338148,0.173202076495483
ENSG00000118496,FBXO30,0.0009213292510291,-0.145469012523154
ENSG00000157992,KRTCAP3,-0.110124381383965,0.254300349702964
ENSG00000110628,SLC22A18,0.0037274019051239,0.344034413469108
ENSG00000144744,UBA3,0.0921787265699486,0.0889106923569625
ENSG00000091428,RAPGEF4,-0.130011831568989,0.609246805750724
ENSG00000172771,EFCAB12,0.218143127121233,0.0615268338472077
ENSG00000111785,RIC8B,0.0946169349174949,0.064856526156207
ENSG00000266028,SRGAP2,0.0816018488693293,-0.183316971364717
ENSG00000215559,ANKRD20A11P,-0.100839174810474,0.571815106530308
ENSG00000164136,IL15,0.0999821200657617,0.394803674002025
ENSG00000141295,SCRN2,-0.0072535655800729,0.236617816669772
ENSG00000006451,RALA,-0.00058697013399009,0.0202524912654058
ENSG00000261423,TMEM202-AS1,0.171005482442471,-0.015824079304238
ENSG00000086504,MRPL28,0.110744396943213,0.0536127614336199
ENSG00000152380,FAM151B,-0.142865077575836,0.381574761250665
ENSG00000152818,UTRN,0.0181734663141012,0.247061799938492
ENSG00000169093,ASMTL,-0.0134479393083181,-0.00157715452398999
ENSG00000109111,SUPT6H,0.0229522955853544,0.110529671178387
ENSG00000012211,PRICKLE3,0.104701839491423,-0.137180395230822
ENSG00000062822,POLD1,0.0167682331457882,-0.08838563772708
ENSG00000107937,GTPBP4,0.0851643007601222,0.0816993774687144
ENSG00000266074,BAHCC1,0.0907613987334553,0.132846761387213
ENSG00000116521,SCAMP3,0.0153006221339265,-0.00425546118321329
ENSG00000134955,SLC37A2,-0.157728418865564,0.15266745778174
ENSG00000102606,ARHGEF7,0.0112387982897709,0.104538706808853
ENSG00000198026,ZNF335,-0.00081303421602529,0.228007859635725
ENSG00000105519,CAPS,0.203230191244545,0.36663524561689
ENSG00000065243,PKN2,0.0926790813296275,0.113876414387159
ENSG00000023041,ZDHHC6,0.0937955162118521,-0.109085256590254
ENSG00000136943,CTSV,-0.071569697421712,0.160574756656009
ENSG00000257267,ZNF271P,-0.0063560916378524,0.145548509242365
ENSG00000086717,PPEF1,0.250772840271508,0.0847994893414791
ENSG00000153827,TRIP12,0.0249086312112311,0.100701826541484
ENSG00000198712,COX2,0.159697485712048,-0.243339899358696
ENSG00000144810,COL8A1,-0.0437795138995499,0.174457324172694
ENSG00000138709,LARP1B,0.111766851350352,-0.00864252907794229
ENSG00000122971,ACADS,-0.0432992355048991,0.0415438801890392
ENSG00000189180,ZNF33A,0.00115067481729261,0.178116736653795
ENSG00000258315,C17orf49,-0.0414116164052122,-0.254995742311374
ENSG00000138028,CGREF1,-0.040896219299228,0.183788209829946
ENSG00000153904,DDAH1,-0.0023436171675458,0.127981800944102
ENSG00000228793,LOC100507336,0.226261896170723,0.162791381750753
ENSG00000142327,RNPEPL1,0.0117152300642012,0.0762423056282725
ENSG00000176953,NFATC2IP,0.0892834774782845,-0.116301270356393
ENSG00000087253,LPCAT2,-0.0217202613877915,-0.06965719908109
ENSG00000198160,MIER1,0.0010291210716665,0.152142722035141
ENSG00000164674,SYTL3,0.181743118658735,0.170916079216712
ENSG00000157191,NECAP2,0.0058233538726539,0.15632481158965
ENSG00000182628,SKA2,0.0048877199859689,-0.132349780370925
ENSG00000114520,SNX4,-0.00732388644302859,0.23493253184991
ENSG00000154582,ELOC,0.009881408725065,-0.0288506838796316
ENSG00000168890,TMEM150A,-0.0266735046538375,0.423601001896483
ENSG00000273604,EPOP,0.103116170837143,-0.295644840821604
ENSG00000204516,MICB,-0.00390537452809159,-0.361763458071313
ENSG00000178741,COX5A,0.0879026840081072,-0.188357196291848
ENSG00000155592,ZKSCAN2,-0.000142864978373,0.166497823480489
ENSG00000198590,APRG1,0.146653508432081,0.609129262934212
ENSG00000267100,ILF3-DT,0.148277462589494,-0.341765677755323
ENSG00000139835,GRTP1,0.173336204499754,0.516980006965069
ENSG00000106025,TSPAN12,-0.154553345998846,-0.339344469324468
ENSG00000251432,LINC02615,0.117709305270969,0.220832871779543
ENSG00000222036,POTEM,0.226635736208039,0.115912622910048
ENSG00000122435,TRMT13,0.132852039742236,0.0268840749335347
ENSG00000105397,TYK2,0.0117573124507888,0.156846106913126
ENSG00000247092,SNHG10,0.137618207224364,-0.279378518531101
ENSG00000198689,SLC9A6,0.0976585045451359,-0.101438279135232
ENSG00000159055,MIS18A,0.141225360196504,-0.140140536934165
ENSG00000197933,ZNF823,0.176710793281164,-0.705607474154149
ENSG00000198642,KLHL9,0.0963155847180383,-0.0194313669409472
ENSG00000151338,MIPOL1,0.10770437529804,-0.072883220176426
ENSG00000060718,COL11A1,0.178107134351366,0.447089703093184
ENSG00000182580,EPHB3,-0.077550388041995,0.152347130176593
ENSG00000152422,XRCC4,0.129218632814962,-0.121605744303338
ENSG00000130202,NECTIN2,0.0775376027220615,0.0902098869839742
ENSG00000164032,H2AZ1,0.0030844823230842,-0.328045022641107
ENSG00000243477,NAA80,0.171161383553455,-0.374162382610954
ENSG00000154529,CNTNAP3B,0.0931196280500825,0.464849685385357
ENSG00000177556,ATOX1,-0.0122617554896303,-0.09049752415832
ENSG00000055332,EIF2AK2,0.0199991481389017,-0.095663749944227
ENSG00000197312,DDI2,0.0103341436279712,0.0527445635730149
ENSG00000196778,OR52K1,0.198797515591116,0.936129411943939
ENSG00000129084,PSMA1,0.0166032657988919,-0.117245411198276
ENSG00000196961,AP2A1,0.079440888799632,-0.00768493118567719
ENSG00000138443,ABI2,0.0814820520412602,0.199276941214799
ENSG00000239704,CDRT4,0.436613657368936,0.0476221612548914
ENSG00000101460,MAP1LC3A,-0.090298240416478,0.383490977844459
ENSG00000101191,DIDO1,0.0799816101467346,0.143106234966806
ENSG00000141582,CBX4,0.0103300706556317,0.11416086946108
ENSG00000232450,RPS2P14,0.202163299329174,-0.340695952978157
ENSG00000163491,NEK10,0.204045449939393,-0.08588934769025
ENSG00000167220,HDHD2,-0.0144471318223965,0.316045648916703
ENSG00000102901,CENPT,0.0999315803852551,0.0872231241877631
ENSG00000184787,UBE2G2,0.0844552577507604,0.0290818434460506
ENSG00000177051,FBXO46,-0.0059466220326738,0.0510128428236183
ENSG00000196177,ACADSB,-0.0057929433228581,0.0094323699358244
ENSG00000187554,TLR5,0.230934453490275,0.467208545938462
ENSG00000196372,ASB13,0.104162755286652,-0.0047145225219607
ENSG00000138768,USO1,0.0827554138714578,0.162158733570679
ENSG00000087128,TMPRSS11E,-0.073449439370134,-0.99985795769482
ENSG00000237711,MTCO3P11,-0.156216152807299,0.616681727907802
ENSG00000214837,LINC01347,0.151443859664461,0.158455658189722
ENSG00000251364,SYT9-AS1,0.205811195974373,0.277931724282342
ENSG00000092847,AGO1,0.0873452734583378,0.110459158163877
ENSG00000125651,GTF2F1,0.0097814569374349,-0.074838167070228
ENSG00000129667,RHBDF2,0.0128419217053769,0.178580314988918
ENSG00000169251,NMD3,0.0107545154201773,0.0511269706654797
ENSG00000141756,FKBP10,0.0793017747880646,0.218275660730393
ENSG00000119699,TGFB3,-0.129680498088383,-0.290917748067823
ENSG00000263069,RNF213-AS1,0.380571350801087,0.64031172781909
ENSG00000129625,REEP5,0.018870763481065,-0.13200678312303
ENSG00000090266,NDUFB2,0.104383507438822,-0.261846781502243
ENSG00000166902,MRPL16,0.0963539777298183,-0.089010717139435
ENSG00000092140,G2E3,0.0999870520158932,-0.17531513044245
ENSG00000188419,CHM,-0.00094966386560489,0.311133502800569
ENSG00000135111,TBX3,0.0086100447232282,0.0107159087051457
ENSG00000141367,CLTC,0.017025396327512,0.0168034799437485
ENSG00000255517,DPP3-DT,0.172083542666042,0.0701851124155265
ENSG00000198498,TMA16,-0.0080265066687524,0.0172214344464981
ENSG00000149483,TMEM138,0.0921177614129579,0.0971316865113499
ENSG00000204956,PCDHGA1,0.226086147924871,0.20650808931661
ENSG00000255624,C10orf88B,0.184055011497369,0.0150385196534746
ENSG00000224051,CPTP,-0.0125553548442823,-0.087719513359653
ENSG00000224975,INE1,0.183728864895131,0.0198040821502414
ENSG00000171450,CDK5R2,0.222363185568905,-0.51352578153401
ENSG00000214654,B3GALT9,-0.0381626222312102,-0.088938983081487
ENSG00000103160,HSDL1,-0.00526465506403,0.214641096819186
ENSG00000176853,FAM91A1,0.0918468604756257,0.0943425361502672
ENSG00000173889,PHC3,0.0164252199696875,-0.0055113816328137
ENSG00000170954,ZNF415,-0.142616806421337,-0.178001311542361
ENSG00000130479,MAP1S,-0.0009845607417144,-0.156861360020506
ENSG00000126249,PDCD2L,0.112594435511889,-0.0459669307105507
ENSG00000197724,PHF2,0.0932669108080361,-0.055349956006486
ENSG00000137449,CPEB2,0.0094192529347503,0.300218066968883
ENSG00000001036,FUCA2,0.0181925497262845,-0.06276114119481
ENSG00000005810,MYCBP2,0.018322842458232,0.122248246119137
ENSG00000007392,LUC7L,0.00928829792421521,0.0842095743139624
ENSG00000168936,TMEM129,-0.002912558247367,0.105349322967063
ENSG00000183978,COA3,0.0010997431173751,-0.060748859942622
ENSG00000013392,RWDD2A,-0.063062117899971,0.457233356086148
ENSG00000157514,TSC22D3,0.106050712368141,0.131968014501815
ENSG00000135341,MAP3K7,0.0915630436057322,0.0552099856426167
ENSG00000100906,NFKBIA,0.0161297910705525,0.194426307823361
ENSG00000115282,TTC31,0.0934136506593715,0.0680704676565869
ENSG00000123689,G0S2,0.164548222300193,-0.218314670341547
ENSG00000157110,RBPMS,0.01846170393757,0.115179700563984
ENSG00000100938,GMPR2,0.00923561295313621,0.0645984823075725
ENSG00000183696,UPP1,-0.0154957428815841,0.199413091545048
ENSG00000160299,PCNT,0.0114972938577814,0.0059129588638239
ENSG00000251562,MALAT1,0.0781500233017348,0.280249650794871
ENSG00000215126,CBWD6,0.113339848026733,0.0213267872277414
ENSG00000171729,TMEM51,0.102808337110187,0.0404286341506038
ENSG00000198856,OSTC,-0.0055468896484634,-0.219681115517561
ENSG00000100219,XBP1,0.088947525113832,0.305471820157919
ENSG00000265354,TIMM23,0.0858716464657316,-0.068519639979787
ENSG00000166206,GABRB3,0.0765964829819566,0.16546711334055
ENSG00000267040,ATP8B1-AS1,0.22312509924298,0.126148004861384
ENSG00000163704,PRRT3,-0.087542571451007,0.12701766711039
ENSG00000179630,LACC1,-0.0461360554543119,0.0836141612594331
ENSG00000137216,TMEM63B,0.0883857179188587,0.201337384319549
ENSG00000107862,GBF1,0.0238694365923574,0.0819381017428841
ENSG00000179588,ZFPM1,0.131232243506868,-0.0296904072134357
ENSG00000213918,DNASE1,0.102101890473152,0.126097205903497
ENSG00000148677,ANKRD1,0.162091839225382,0.732955025528922
ENSG00000103043,VAC14,0.0155172434633634,0.226188977486819
ENSG00000170296,GABARAP,0.0207586744709341,0.0237042550673802
ENSG00000244509,APOBEC3C,0.0078173728683817,0.0562792178469426
ENSG00000145700,ANKRD31,0.216243626246128,0.258962071499025
ENSG00000164151,ICE1,0.0814375743880507,-0.108269311919707
ENSG00000132768,DPH2,0.00239121981853881,0.0654834712083392
ENSG00000005893,LAMP2,0.0160242222048947,0.109282976509811
ENSG00000198858,R3HDM4,-0.0029920046605834,0.105732808709422
ENSG00000085491,SLC25A24,0.0921194850824525,-0.268364905221642
ENSG00000165996,HACD1,0.103647628422032,0.137947886206717
ENSG00000175470,PPP2R2D,0.0081883895519498,0.119586939915832
ENSG00000170214,ADRA1B,-0.0333142261413132,-0.164771724048555
ENSG00000104427,ZC2HC1A,0.14063021604398,-0.139096701827754
ENSG00000204138,PHACTR4,0.0152590796246314,0.0358934759006404
ENSG00000147140,NONO,0.0784353739743564,-0.160300938402256
ENSG00000171503,ETFDH,-0.0191552596565452,0.315310234820064
ENSG00000136522,MRPL47,0.118011449944694,-0.177458982162714
ENSG00000027001,MIPEP,0.111879354206952,-0.145787982849184
ENSG00000009830,POMT2,0.0100502687500422,0.0282412681012578
ENSG00000046604,DSG2,0.022554945722457,-0.054119871331394
ENSG00000258867,LINC01146,0.154872315552218,0.166107876257573
ENSG00000163041,H3-3A,0.0131742470360072,-0.093433181479194
ENSG00000182310,SPACA6,0.118153848376236,0.45438772505291
ENSG00000133104,SPART,0.0105665157773649,0.0081811971644754
ENSG00000112305,SMAP1,0.0038644509397221,-0.086947144322
ENSG00000005339,CREBBP,0.015890540325279,0.103707682073065
ENSG00000161956,SENP3,0.109073645720154,-0.065221055610104
ENSG00000126746,ZNF384,0.0069983851993374,0.198317729681344
ENSG00000105197,TIMM50,0.0129706978397778,-0.102111284620399
ENSG00000151882,CCL28,-0.100674649703653,0.0235941734571847
ENSG00000257242,LINC01619,-0.112251795035418,0.120711903253188
ENSG00000164093,PITX2,-0.095377132789595,-0.245564549569997
ENSG00000095139,ARCN1,0.0228330195175202,-0.0364939117837548
ENSG00000167363,FN3K,0.146129154521661,0.370507693316012
ENSG00000198918,RPL39,0.161421156738995,-0.227875586436172
ENSG00000164916,FOXK1,0.0763330929321349,0.0182648899156769
ENSG00000105127,AKAP8,-0.0011532160061858,0.052161604372254
ENSG00000182511,FES,-0.112354742119437,0.326464621083507
ENSG00000250608,NUDT16-DT,0.232225076162758,0.244477532698493
ENSG00000132466,ANKRD17,0.0189522927975304,0.0960807349946143
ENSG00000177685,CRACR2B,-0.14129851709287,0.631849033376268
ENSG00000164241,C5orf63,-0.03580993877885,0.120534140085368
ENSG00000131100,ATP6V1E1,0.0852005104606388,0.0018487477569759
ENSG00000095794,CREM,0.0981629135951562,0.0404295111005476
ENSG00000288702,UGT1A3,-0.0275240020248858,0.571040247082456
ENSG00000125864,BFSP1,0.183607330887653,-0.142902493902849
ENSG00000125247,TMTC4,0.100776919103754,-0.082206895122876
ENSG00000177479,ARIH2,0.0841258854712561,0.0578196534968968
ENSG00000112339,HBS1L,0.0922975255079792,0.0961700021844399
ENSG00000237827,RPS15AP29,0.239512622734084,0.43344077392529
ENSG00000114857,NKTR,0.0185071102549122,0.144083374753303
ENSG00000119203,CPSF3,0.0871238866529401,-0.0296807999152471
ENSG00000175886,RPL7AP66,0.203863695078552,-0.301437359111788
ENSG00000205978,NYNRIN,0.205500144144424,0.566629131073047
ENSG00000277400,MAFIP,-0.053593955494487,0.0139617779625571
ENSG00000156239,N6AMT1,-0.0280106025254445,0.182439069797664
ENSG00000213071,LPAL2,-0.077578800002941,0.322616925733532
ENSG00000150722,PPP1R1C,0.209695734283933,0.227319006264942
ENSG00000146414,SHPRH,0.0912505066074477,-0.058363073813918
ENSG00000288722,F8A1,0.0081265801522016,-0.103741885656378
ENSG00000264529,DNAJB6P8,-0.132333795398129,0.57002287329281
ENSG00000137142,IGFBPL1,0.131958303468848,-0.487477859595788
ENSG00000114841,DNAH1,-0.0403045541997381,0.825562311648972
ENSG00000165410,CFL2,0.0914840430227236,0.139998267238053
ENSG00000155465,SLC7A7,0.0849588117966034,0.497990005105452
ENSG00000121289,CEP89,0.0886388991847436,-0.127487899642866
ENSG00000170312,CDK1,-0.067759905939161,-0.321998838375098
ENSG00000135049,AGTPBP1,0.103566730595036,0.224610437898854
ENSG00000225828,FAM229A,-0.612646871925631,1.01608122657352
ENSG00000166582,CENPV,0.0933135993755951,-0.189410703022975
ENSG00000213889,PPM1N,0.17297545447836,-0.143987595708855
ENSG00000149970,CNKSR2,0.120742295920052,0.497246374773662
ENSG00000113456,RAD1,-0.0022199124265499,-0.272905019738221
ENSG00000184378,ACTRT3,-0.073918238107016,-0.074558177844149
ENSG00000173744,AGFG1,0.0759341250749469,0.0017334468958514
ENSG00000059691,GATB,0.11222593154089,-0.141213917130639
ENSG00000100568,VTI1B,0.0171018442014405,-0.00044306460024679
ENSG00000118508,RAB32,0.130984918726534,0.131453194271662
ENSG00000102738,MRPS31,0.113897284888344,-0.104123007866697
ENSG00000106733,NMRK1,0.127969658371747,0.121860588855211
ENSG00000211455,STK38L,-0.0078426560744459,0.0851784810561664
ENSG00000010310,GIPR,0.223876129865765,0.269063461437146
ENSG00000054392,HHAT,-0.0344864139485892,0.204048981636962
ENSG00000188895,MSL1,0.0826125403856457,-0.095438588605588
ENSG00000204387,SNHG32,0.0060445902730905,0.228348412378587
ENSG00000116903,EXOC8,0.0087551960043455,0.159279109608666
ENSG00000112208,BAG2,-0.00036377793633389,-0.246541514407066
ENSG00000248333,CDK11B,0.00272683301279771,-0.093305312459946
ENSG00000186230,ZNF749,0.0966379559325678,-0.096652671945
ENSG00000125971,DYNLRB1,-0.00089519692617619,-0.0320774207857741
ENSG00000114650,SCAP,0.0160587858506954,0.127973150360573
ENSG00000118495,PLAGL1,0.114369386650024,-0.028681255866318
ENSG00000226084,RPL17P6,0.16009705743549,-0.145893529755045
ENSG00000104872,PIH1D1,0.0056819648555551,0.149772493876034
ENSG00000180370,PAK2,0.0819025877047525,-0.114761180628702
ENSG00000127884,ECHS1,0.00736807969569121,-0.00548935612462
ENSG00000164209,SLC25A46,0.0906371595501004,0.104755277387128
ENSG00000037474,NSUN2,0.0103391267069827,0.0171633488766707
ENSG00000104973,MED25,0.0102929257002522,0.0760289754504411
ENSG00000186298,PPP1CC,0.0205756065065945,-0.150145442895472
ENSG00000185015,CA13,-0.072372557820899,0.210335150920277
ENSG00000116586,LAMTOR2,0.117354176079807,-0.0026779994808853
ENSG00000124126,PREX1,0.114316827486226,-0.24497387332582
ENSG00000164825,DEFB1,-0.146153589898829,0.558049183569084
ENSG00000101871,MID1,0.0760100948033457,0.170960638236957
ENSG00000154640,BTG3,-0.00924680126883259,-0.203018508381263
ENSG00000092199,HNRNPC,0.0725687997397105,-0.0225971425219677
ENSG00000007384,RHBDF1,0.103041635546995,0.183584655169577
ENSG00000117385,P3H1,0.0119085430084132,0.0524497589629164
ENSG00000267080,ASB16-AS1,0.110177536470969,-0.056993443631823
ENSG00000229404,LINC00858,0.1618043709756,0.43562840436971
ENSG00000168397,ATG4B,0.0898993663001734,0.265001988832924
ENSG00000057019,DCBLD2,0.0773722889723426,0.0823533236899223
ENSG00000198932,GPRASP1,-0.0204054683583418,0.211211394862013
ENSG00000003096,KLHL13,0.215757727954191,-0.404884258299519
ENSG00000171311,EXOSC1,0.104010164643402,-0.0380691292007045
ENSG00000126267,COX6B1,0.083817827126967,-0.139217300755367
ENSG00000164008,C1orf50,-0.0344789038973389,0.0577092013433703
ENSG00000133106,EPSTI1,0.114498762297674,-0.0142139846191189
ENSG00000139324,TMTC3,0.0907957638382445,-0.0322802995798739
ENSG00000165304,MELK,0.0104616202899368,-0.36445269761987
ENSG00000085117,CD82,-0.050013029643498,-0.149041812105094
ENSG00000281000,SNORD3D,0.231867471748623,-0.528341987130371
ENSG00000188428,BLOC1S5,0.126059829188707,-0.114865914798833
ENSG00000158290,CUL4B,0.0814772852857743,0.136462713351244
ENSG00000138798,EGF,-0.0471319263965227,-0.084075572455711
ENSG00000223478,ZDHHC12-DT,-0.125264879910075,0.7069927215895
ENSG00000225630,MTND2P28,0.192018718009091,-0.243372793429486
ENSG00000197106,SLC6A17,-0.0223295360060375,-0.38956828859053
ENSG00000120647,CCDC77,0.0994081703059856,-0.486346859782594
ENSG00000165801,ARHGEF40,0.0134458563400571,-0.115955279779505
ENSG00000091436,MAP3K20,0.0785035958233111,-0.019223060225621
ENSG00000173692,PSMD1,0.0209949231762992,-0.105845095410112
ENSG00000204152,TIMM23B,0.121497129628058,-0.0086641010274868
ENSG00000213753,CENPBD2P,NA,NA
ENSG00000197479,PCDHB11,0.220985162633428,-0.422167509191122
ENSG00000278662,GOLGA6L4,NA,NA
ENSG00000027847,B4GALT7,0.0973704388886622,-0.105281798684343
ENSG00000116198,CEP104,0.0896269624496404,0.0848711092538896
ENSG00000214391,TUBAP2,0.199145098461078,-1.0582354681166
ENSG00000106105,GARS1,0.0806591944615812,0.162437031491957
ENSG00000269743,SLC25A53,-0.098979262278396,0.175025615895883
ENSG00000100347,SAMM50,0.007507968134229,-0.095383878895336
ENSG00000244041,LINC01011,-0.091948628809845,-0.17675137728077
ENSG00000132613,MTSS2,0.0879646070171577,-0.126421894001534
ENSG00000172243,CLEC7A,0.242540839716863,0.280392772512347
ENSG00000105258,POLR2I,-0.0127133461406429,-0.0312584963520064
ENSG00000124839,RAB17,0.210214798387427,0.312930669621369
ENSG00000101343,CRNKL1,0.0922114481770103,-0.0013850769112684
ENSG00000170234,PWWP2A,0.00186376705949971,0.0801896834419459
ENSG00000125962,ARMCX5,-0.0041527307812546,0.0769489899310878
ENSG00000185189,NRBP2,0.0049032614506739,0.0812574446966891
ENSG00000178078,STAP2,-0.063598443251738,-0.0291338685458307
ENSG00000082213,C5orf22,0.0893956426676967,-0.0257130749239993
ENSG00000042429,MED17,0.0902151614565959,0.0364713973502237
ENSG00000064547,LPAR2,-0.081040848869407,0.284019320868263
ENSG00000230979,RPL18AP6,0.211591594536305,0.103952743734659
ENSG00000156876,SASS6,-0.0161473702455528,-0.0129285747221626
ENSG00000163468,CCT3,0.0189259368285411,-0.204401473652397
ENSG00000164023,SGMS2,-0.0016359776396898,0.14570087284446
ENSG00000184432,COPB2,0.0757600934855902,-0.0047465435410175
ENSG00000119402,FBXW2,0.0200638272035966,0.181880075902442
ENSG00000125779,PANK2,0.0850929849506306,0.213590655727963
ENSG00000105856,HBP1,-0.0038036454066617,0.486776380675231
ENSG00000197208,SLC22A4,-0.018430207878275,-0.138197399393559
ENSG00000169607,CKAP2L,-0.0021291879445384,-0.556761124808282
ENSG00000167202,TBC1D2B,0.0839025322839705,-0.0421731885146606
ENSG00000179134,SAMD4B,0.082369862811683,-0.0151773133844472
ENSG00000127952,STYXL1,-0.00093601913190859,0.0118314435923249
ENSG00000162851,TFB2M,0.10178586182965,0.0041826420204148
ENSG00000089486,CDIP1,0.117471662873086,0.382819230411031
ENSG00000138640,FAM13A,0.0105555435053724,0.385375951735064
ENSG00000138185,ENTPD1,0.419492375918283,-0.0223501480779845
ENSG00000169660,HEXD,0.103876519476996,0.518696715025457
ENSG00000196208,GREB1,0.152283289478053,0.248886625460008
ENSG00000123179,EBPL,-0.0084966178450633,0.167846292981783
ENSG00000152439,ZNF773,-0.0158197475683003,0.275780240909114
ENSG00000108591,DRG2,0.0130789824828617,0.15523455812052
ENSG00000286140,DERPC,0.154311468409282,-0.2853497094475
ENSG00000001561,ENPP4,0.172180254057865,-0.228738756198022
ENSG00000079156,OSBPL6,0.122769395326438,-0.198687582695205
ENSG00000077454,LRCH4,0.0996968771725315,0.0713360553587305
ENSG00000258498,DIO3OS,-0.108846413051711,0.5593471844173
ENSG00000132793,LPIN3,0.10227068685323,0.179452642744186
ENSG00000139211,AMIGO2,0.0205373014402115,0.275642470856337
ENSG00000237596,LOC644135,-0.0478679438686281,0.879137660619303
ENSG00000167550,RHEBL1,0.196248491572703,-0.0204166596500883
ENSG00000171056,SOX7,-0.083151708390024,-0.063693897444226
ENSG00000160679,CHTOP,0.0183904627721101,0.0766566734294892
ENSG00000001631,KRIT1,0.0132500083291758,0.134411022235814
ENSG00000149084,HSD17B12,0.0867170847872237,-0.0487574601637289
ENSG00000147255,IGSF1,-0.0124713612198683,0.364044027624579
ENSG00000180233,ZNRF2,-0.0110846480322838,0.0227232238959983
ENSG00000213999,BORCS8-MEF2B,NA,NA
ENSG00000188493,C19orf54,0.0922731066253094,0.155070544319721
ENSG00000152700,SAR1B,0.0134211983072776,0.0957075809119067
ENSG00000268471,MIR4453HG,-0.101509671139521,-0.154408197328534
ENSG00000144401,METTL21A,0.121193296837181,-0.16133569178346
ENSG00000009335,UBE3C,0.0216353526367498,0.0829095875216812
ENSG00000266865,LOC107984974,-0.099987177470839,-0.0213965709182318
ENSG00000156795,NTAQ1,-0.0251574555356748,-0.108180407942016
ENSG00000116678,LEPR,0.11847154441922,0.004716527321194
ENSG00000021300,PLEKHB1,0.185069046838214,-0.668780174226427
ENSG00000261040,WFDC21P,0.194534284947879,-0.0491575589682322
ENSG00000162613,FUBP1,0.0233664238009581,-0.342763408428989
ENSG00000267322,SCARNA17,NA,NA
ENSG00000123411,IKZF4,0.124801561581745,-0.081555383357678
ENSG00000125378,BMP4,0.0956129770724163,0.128719757094505
ENSG00000168291,PDHB,0.00944360719289061,0.200938224482793
ENSG00000170571,EMB,-0.0283427295708549,-0.0062826912380794
ENSG00000253558,LOC100422441,0.230776372129236,0.178025304824846
ENSG00000135900,MRPL44,0.0910822624453047,0.104206277758187
ENSG00000131323,TRAF3,0.0193216773434262,0.0048285083978616
ENSG00000197024,ZNF398,0.0139064178794469,0.0888705992941318
ENSG00000242802,AP5Z1,0.0971446022110094,0.42489716298289
ENSG00000124615,MOCS1,0.16975639627293,0.357796775332935
ENSG00000132275,RRP8,0.0101515831437018,-0.0032642533382426
ENSG00000101052,IFT52,0.107182471736255,-0.0661305240404
ENSG00000153551,CMTM7,0.111885356242286,-0.28971417041566
ENSG00000214960,CRPPA,-0.106961313404144,-0.168624100524274
ENSG00000069956,MAPK6,0.0804744302934161,0.0285578184206596
ENSG00000196981,WDR5B,-0.0220781618699907,-0.055724764975677
ENSG00000232119,MCTS1,0.0911007110859936,-0.0148585413589097
ENSG00000185551,NR2F2,0.0144059417890125,-0.058140467219025
ENSG00000144445,KANSL1L,-0.0219717336704969,0.0693383492999834
ENSG00000111300,NAA25,0.0875245260028373,0.022384282387419
ENSG00000196437,ZNF569,0.136984719466325,-0.17310130175882
ENSG00000198380,GFPT1,0.0227246191192581,0.0284524675876758
ENSG00000141965,FEM1A,0.0109161397723294,0.006544040543986
ENSG00000259112,NDUFC2-KCTD14,0.369192170019443,-0.399760589712262
ENSG00000177990,DPY19L2,0.182387249082858,0.323905641087012
ENSG00000106006,HOXA6,0.195254760655196,-0.612376615225728
ENSG00000088836,SLC4A11,-0.029667608412593,0.248156008347128
ENSG00000117360,PRPF3,0.0788169177392975,-0.0401281177184881
ENSG00000260852,FBXL19-AS1,-0.0123686884336296,0.0897954102162693
ENSG00000132128,LRRC41,0.0130314260369706,0.167293605778438
ENSG00000127081,ZNF484,0.104029951187021,0.0117289921172336
ENSG00000177406,NINJ2-AS1,-0.0484147785234527,0.282432690010535
ENSG00000269821,KCNQ1OT1,0.0215710226652802,0.121653455961542
ENSG00000132031,MATN3,-0.0445509294515754,-0.118232733563403
ENSG00000170776,AKAP13,0.0266931437546956,0.200854480756081
ENSG00000151690,MFSD6,0.0829930736900091,0.124133888497295
ENSG00000143393,PI4KB,0.0794585129216071,0.0512687830084593
ENSG00000132475,H3-3B,0.0236097706625824,-0.124717051595823
ENSG00000151748,SAV1,-0.001135648926483,0.0195775000852521
ENSG00000239382,ALKBH6,0.101841125281403,0.0254731942302479
ENSG00000198060,MARCHF5,0.00524933956853951,0.0734901637758481
ENSG00000185046,ANKS1B,0.203888455437902,-0.0366730162657739
ENSG00000118777,ABCG2,-0.0057372925612492,-0.218324889533201
ENSG00000169964,TMEM42,-0.0393821522205347,0.258330026155444
ENSG00000128908,INO80,0.0132728576474356,0.22402373874367
ENSG00000188321,ZNF559,0.126716082988203,-0.0473376506535536
ENSG00000240280,TCAM1P,0.201680080243273,-0.504714123272064
ENSG00000110697,PITPNM1,0.0201344103235379,0.121416354270063
ENSG00000144713,RPL32,0.0786358782129805,-0.168353714200429
ENSG00000143772,ITPKB,0.118417815122491,-0.222848833111683
ENSG00000074356,NCBP3,0.0178384485523962,0.210613909457703
ENSG00000129535,NRL,-0.127368924873996,0.10831636942216
ENSG00000150540,HNMT,-0.099775919624853,0.351992433108687
ENSG00000177225,GATD1,0.0125470324685047,0.114086583550318
ENSG00000169599,NFU1,0.108063538332639,-0.0496408181920787
ENSG00000278599,TBC1D3E,0.163403438600557,0.580257749669112
ENSG00000184005,ST6GALNAC3,-0.05508493480261,0.591895358267333
ENSG00000142655,PEX14,0.103427257756596,0.0450219581400575
ENSG00000114790,ARHGEF26,0.1252728365605,-0.541084686196196
ENSG00000109911,ELP4,0.0938657490388469,0.0984590171688174
ENSG00000250546,LINC02994,0.219477902219879,0.299892557004878
ENSG00000153879,CEBPG,0.0189589161536011,0.059626656164789
ENSG00000119943,PYROXD2,-0.0197617561784138,0.165433851781157
ENSG00000101213,PTK6,-0.0313482019518022,0.042730915032845
ENSG00000184232,OAF,-0.0094751529648958,0.220131344817717
ENSG00000131069,ACSS2,0.0951527987026492,0.159338468543848
ENSG00000123395,ATG101,0.0151761462427469,-0.057864171828937
ENSG00000090776,EFNB1,-0.0120266672661634,0.340739828757431
ENSG00000132003,ZSWIM4,0.119324094734647,0.190960713194451
ENSG00000132196,HSD17B7,-0.0137055517962779,-0.190505430706128
ENSG00000164236,ANKRD33B,0.0921420260871645,0.165626489506271
ENSG00000165732,DDX21,0.0794799994715081,-0.00072176637286349
ENSG00000172575,RASGRP1,-0.0183459745751396,0.164427128468224
ENSG00000172613,RAD9A,0.107160352577102,0.233862538448898
ENSG00000125629,INSIG2,0.117351183096652,0.186541137642499
ENSG00000198732,SMOC1,0.0020453584642435,0.851318695896093
ENSG00000188522,FAM83G,0.020151377479735,0.0366269009751466
ENSG00000026751,SLAMF7,0.188854476849799,-0.158551915609239
ENSG00000165637,VDAC2,0.0124309575004972,-0.065584126364749
ENSG00000241837,ATP5PO,0.0156586883599776,-0.0106479500438473
ENSG00000115423,DNAH6,0.194195072306612,-0.173537036779
ENSG00000038274,MAT2B,0.0128050918945274,0.061634635181079
ENSG00000162377,COA7,0.0096998477025499,0.0706228229098056
ENSG00000129911,KLF16,0.011092816059906,-0.101005120142774
ENSG00000064933,PMS1,0.099321802371812,-0.099596157782919
ENSG00000128203,ASPHD2,0.144701573478501,-0.449685418554413
ENSG00000258733,LINC02328,-0.129725160310522,-0.281773260863057
ENSG00000134453,RBM17,0.011339178705253,-0.0368608639440229
ENSG00000105176,URI1,0.0790980272643368,0.128052248143685
ENSG00000183624,HMCES,0.0981410367152791,-0.243153114494555
ENSG00000135333,EPHA7,-0.120947425198038,-0.097302853095027
ENSG00000198492,YTHDF2,0.0784308800427181,0.0330912334822117
ENSG00000158793,NIT1,0.0900262230106445,0.0776649988993755
ENSG00000144655,CSRNP1,0.0123521091338037,0.284344776320322
ENSG00000160145,KALRN,0.1599805386245,0.205117162935899
ENSG00000124181,PLCG1,0.0875021911550438,0.025629930929957
ENSG00000116266,STXBP3,0.106352529012134,0.110022926417668
ENSG00000118804,STBD1,0.116876564879023,-0.584487081148358
ENSG00000213341,CHUK,0.0870453423673425,0.0510260083391148
ENSG00000160613,PCSK7,0.0104613586296671,0.0030416281229649
ENSG00000239672,NME1,0.0210938663423203,-0.242999475693601
ENSG00000176678,FOXL1,-0.101797816035507,-0.110272852442505
ENSG00000103942,HOMER2,-0.0101798946504547,0.179379961157471
ENSG00000137547,MRPL15,0.0009143314442568,0.0098110429476649
ENSG00000134072,CAMK1,-0.059357301826527,0.604654996793395
ENSG00000183604,SMG1P5,0.0958772664282947,0.301616135220685
ENSG00000184983,NDUFA6,0.0047169515313765,-0.181491669401372
ENSG00000250251,PKD1P6,0.101283130506028,0.192655920733564
ENSG00000124120,TTPAL,0.0154523302702027,0.0601893563728252
ENSG00000167536,DHRS13,0.140690051914826,-0.134174667798416
ENSG00000169857,AVEN,0.106994421282663,-0.085028764805985
ENSG00000129195,PIMREG,-0.0073728880561952,-0.680100689746255
ENSG00000221944,TIGD1,0.101960820366177,-0.096427119267372
ENSG00000177981,ASB8,-0.0027433745446587,0.134447493261157
ENSG00000274925,ZKSCAN2-DT,0.145175260053067,0.209731351492964
ENSG00000152620,NADK2,0.113008258301351,-0.0148670970042598
ENSG00000148655,LRMDA,0.127964665109884,0.802162310774114
ENSG00000282458,WASH5P,0.117482885123103,-0.479442268291081
ENSG00000100124,ANKRD54,0.101674802266098,0.0098348129826064
ENSG00000106479,ZNF862,0.0012088163514428,0.305169335771527
ENSG00000231365,WARS2-AS1,0.0009746937689176,0.169024956224445
ENSG00000124831,LRRFIP1,0.0217858715743168,0.0664435402785022
ENSG00000034053,APBA2,0.0916829485863998,-0.173127129525826
ENSG00000265417,LOC100129774,0.188758454405619,0.447289984485486
ENSG00000240849,PEDS1,0.0949031394709772,0.0328942879985421
ENSG00000119242,CCDC92,0.0921531143230144,0.206765766808639
ENSG00000100211,CBY1,0.114409720398731,0.176909372838639
ENSG00000278299,TBC1D3C,0.19570250532968,0.300332581779257
ENSG00000167644,C19orf33,-0.0488943940333044,-0.553862038140734
ENSG00000173262,SLC2A14,-0.076435319956797,0.73974837921998
ENSG00000128989,ARPP19,0.0232755453732857,0.0282623238596816
ENSG00000186198,SLC51B,0.14489833525582,0.193017392200176
ENSG00000106853,PTGR1,0.0737435363855212,-0.358019316447798
ENSG00000245750,DRAIC,NA,NA
ENSG00000184445,KNTC1,0.0181639774503626,-0.136095547125059
ENSG00000212747,RTL8B,0.126644599906212,-0.233129332992157
ENSG00000165474,GJB2,-0.066943419370414,0.38351677336502
ENSG00000183828,NUDT14,-0.0075034997808354,0.325279529513821
ENSG00000164338,UTP15,0.0874429776810241,-0.0014438849396378
ENSG00000197587,DMBX1,0.158368789102809,-0.268408469979224
ENSG00000104886,PLEKHJ1,-0.00329833219584159,-0.158599115809295
ENSG00000156650,KAT6B,0.0124046731600338,0.0875350109490789
ENSG00000115839,RAB3GAP1,0.0792459353958032,0.121126034853059
ENSG00000145216,FIP1L1,0.008286703363843,-0.163820843730923
ENSG00000138085,ATRAID,0.0185649695077015,-0.0254081232411359
ENSG00000171914,TLN2,0.0923012488392034,0.0306087752436992
ENSG00000135093,USP30,-0.0132869525203662,0.0355530627283455
ENSG00000174446,SNAPC5,0.0040081484898771,-0.070866713609118
ENSG00000155115,GTF3C6,0.107856314088576,-0.150153500550424
ENSG00000105607,GCDH,0.119631242789103,-0.061072957554074
ENSG00000171858,RPS21,0.0925413066600182,-0.277967320100479
ENSG00000160226,CFAP410,0.16220573049041,0.48484306648318
ENSG00000213593,TMX2,0.0228043830792974,-0.010782972568363
ENSG00000111653,ING4,0.117467313698186,0.333918599612164
ENSG00000154781,CCDC174,-0.00052856577453069,0.263529994257069
ENSG00000101558,VAPA,0.0763063286271341,-0.0042790172927191
ENSG00000127527,EPS15L1,0.08813779670951,-0.03967713386433
ENSG00000140694,PARN,0.0820163701380306,-0.062764116900011
ENSG00000165629,ATP5F1C,0.0834764766162126,0.0250696482433251
ENSG00000081853,PCDHGA2,-0.0465217085545921,-0.129115812658416
ENSG00000174606,ANGEL2,0.0112964856407095,0.112864248253236
ENSG00000106031,HOXA13,0.154136275624436,-0.490355233911509
ENSG00000158092,NCK1,0.0112875172270623,0.215929644222054
ENSG00000227039,ITGB2-AS1,-0.130908651545295,0.613535252732087
ENSG00000119703,ZC2HC1C,0.153582771444615,-0.105039330242827
ENSG00000135045,C9orf40,-0.0196488514192361,-0.423277953644449
ENSG00000153487,ING1,0.11225548928455,-0.249507272428294
ENSG00000088727,KIF9,0.158890622381659,-0.07416231989592
ENSG00000153006,SREK1IP1,-0.0026303190778463,0.0190648200567701
ENSG00000162065,TBC1D24,0.0089950041128797,0.0690567039538824
ENSG00000180011,PTGR3,0.0001389557420351,-0.0394238555944126
ENSG00000204673,AKT1S1,0.0837692215297396,0.0775910121521756
ENSG00000008294,SPAG9,0.0765504083657569,0.143246920080885
ENSG00000198125,MB,0.16573411011992,-0.0069031332550148
ENSG00000105085,MED26,-0.0192182515978363,0.0681074279936341
ENSG00000113966,ARL6,0.128720989920236,0.197412659428753
ENSG00000255857,PXN-AS1,0.148752443180813,-0.628476804426803
ENSG00000143933,CALM2,0.0263320516524336,-0.094855471669806
ENSG00000124496,TRERF1,0.00745157672686481,-0.018660131780753
ENSG00000275491,LINC01730,-0.109508793986553,0.714394870683011
ENSG00000164169,PRMT9,0.116211666522861,-0.093491800176194
ENSG00000154146,NRGN,-0.109736138271112,-0.415220308101413
ENSG00000038358,EDC4,0.0148276410943639,0.0060031036682506
ENSG00000076351,SLC46A1,0.0164392928190878,-0.0453203402831675
ENSG00000151065,DCP1B,0.101052400875032,0.159646420603263
ENSG00000089053,ANAPC5,0.0770829940371405,-0.0074719266222502
ENSG00000251013,GAPDHP62,-0.110913633740059,0.229272024818323
ENSG00000165115,KIF27,0.114061564320922,0.204988333109753
ENSG00000135549,PKIB,-0.0561299555866,0.0727534396772954
ENSG00000127990,SGCE,0.0876202686279468,0.00259500276007611
ENSG00000082996,RNF13,0.0126467324181613,0.150365515363373
ENSG00000181885,CLDN7,-0.0244076515180406,-0.223935594392421
ENSG00000106615,RHEB,0.00533846306983531,0.0230247482974645
ENSG00000123124,WWP1,0.0161944732513192,0.122372830152816
ENSG00000059573,ALDH18A1,0.0201009993072056,-0.12091589444854
ENSG00000149548,CCDC15,-0.05693785988597,-0.200608437405774
ENSG00000175155,YPEL2,-0.0058891570404424,0.0381112010685797
ENSG00000105698,USF2,0.0177294694202716,0.130747588725229
ENSG00000117151,CTBS,0.123736010314319,0.155724776343489
ENSG00000134996,OSTF1,-0.0111482427511453,-0.254888006160183
ENSG00000130751,NPAS1,0.217381001872936,0.808124463773341
ENSG00000079246,XRCC5,0.0752365267881195,-0.11764948169664
ENSG00000182195,LDOC1,0.0028320220360885,-0.081514432027385
ENSG00000155313,USP25,0.0814808560028169,0.153022590912145
ENSG00000167244,IGF2,-0.036464011108361,-0.327908906664228
ENSG00000171132,PRKCE,0.0862276111029905,0.154461343517524
ENSG00000143842,SOX13,0.090416945372419,0.0361529604226172
ENSG00000214223,HNRNPA1P10,-0.0349223400285814,-0.339991922454633
ENSG00000071553,ATP6AP1,0.0224545450210528,0.176855655834867
ENSG00000077713,SLC25A43,0.014272524213783,-0.0073987208567207
ENSG00000225151,GOLGA2P7,0.0894554988595902,-0.053354535589955
ENSG00000143669,LYST,0.0074207416848036,0.308558797129292
ENSG00000185721,DRG1,0.0172255630529753,-0.225379508110873
ENSG00000004399,PLXND1,0.0223842897811435,0.279767882722815
ENSG00000167355,OR51B5,-0.121746425630828,-0.331392396769532
ENSG00000089685,BIRC5,0.0135591296045591,-0.567427980570531
ENSG00000269439,PGLS-DT,-0.052102000383506,0.477304257406568
ENSG00000054277,OPN3,0.0804515573112201,0.175390571173195
ENSG00000284691,LOC728743,0.454247683867315,0.622656599927849
ENSG00000109572,CLCN3,0.0795860323718795,0.0919340815606715
ENSG00000138190,EXOC6,0.0053531738862231,0.136633755166165
ENSG00000176907,TCIM,0.0799586228659849,0.280628340320946
ENSG00000015475,BID,0.0117274429609505,0.084656717497538
ENSG00000112759,SLC29A1,0.0947934530857165,-0.265356491548872
ENSG00000136144,RCBTB1,0.103695787316267,0.334815126725595
ENSG00000023697,DERA,0.00325356970636211,-0.109691043656271
ENSG00000267169,ADGRL1-AS1,-0.112140340661963,-0.143742531859235
ENSG00000159348,CYB5R1,0.0993624441376416,-0.175879938723369
ENSG00000136827,TOR1A,0.0113685134646118,0.0018762622758163
ENSG00000177125,ZBTB34,0.005615840865381,0.0751104079516695
ENSG00000244045,TMEM199,0.0904593015805205,-0.0456190631840957
ENSG00000163946,TASOR,0.0807760121692111,-0.0180947363984498
ENSG00000111911,HINT3,0.0006393428329768,0.0070736324733665
ENSG00000106546,AHR,0.0227504772526279,0.280921892126736
ENSG00000171045,TSNARE1,0.129782051749858,0.227422777050263
ENSG00000148175,STOM,0.0249550641266586,0.285733675384047
ENSG00000140740,UQCRC2,0.0757115780630718,0.212946546539025
ENSG00000149308,NPAT,0.0902514609798507,-0.165424936868372
ENSG00000257103,LSM14A,0.0259228695430076,-0.083374190114236
ENSG00000089248,ERP29,0.0160026480946484,-0.063434555956805
ENSG00000164403,SHROOM1,0.109017143084621,-0.328538650165784
ENSG00000146909,NOM1,0.0079199803307476,0.0102763529680388
ENSG00000119844,AFTPH,0.0841886327223015,0.199567471718181
ENSG00000101337,TM9SF4,0.0230667855909831,0.147592701279838
ENSG00000250565,ATP6V1E2,-0.0167418407649392,0.317213362464433
ENSG00000113552,GNPDA1,0.091285913208098,0.149720739826898
ENSG00000196812,ZSCAN16,0.134143832878205,0.163024240285661
ENSG00000162144,CYB561A3,0.0141820061760466,-0.214889744042134
ENSG00000157224,CLDN12,0.0150250269257648,0.0738104815445486
ENSG00000156030,MIDEAS,0.0231926839626453,0.0314145697882068
ENSG00000132749,TESMIN,0.14592391880643,0.0925148841479666
ENSG00000146243,IRAK1BP1,0.143675568635609,-0.0242756839183962
ENSG00000265962,GACAT2,0.195176519837609,-0.126473012512786
ENSG00000088854,DNAAF9,0.091602153608483,0.276988211748257
ENSG00000116574,RHOU,-0.0140677111809057,0.410921297090306
ENSG00000113658,SMAD5,0.0197032566121479,0.0731559952808387
ENSG00000125430,HS3ST3B1,-0.060580538340616,0.30526455072684
ENSG00000183814,LIN9,0.100272273965267,-0.169157632075085
ENSG00000136100,VPS36,0.0066976934830442,0.0856082821576515
ENSG00000183155,RABIF,0.0014776677493359,0.0234846068733791
ENSG00000275740,RBM27,0.201344830887473,-0.555536154021996
ENSG00000173614,NMNAT1,0.137345229128943,0.150954539575433
ENSG00000134602,STK26,0.113092329321086,-0.023901814076133
ENSG00000169087,HSPBAP1,0.135209778704692,0.362562152745798
ENSG00000224531,SMIM13,0.0078701295570697,0.188713058504607
ENSG00000162227,TAF6L,-0.0109459139653128,-0.00893445537853309
ENSG00000032444,PNPLA6,0.0181196296314882,0.424628166819306
ENSG00000226742,HSBP1L1,0.124777913996145,0.269379023128229
ENSG00000148343,MIGA2,0.0001627913764738,0.0054594336064324
ENSG00000247137,ANKRD42-DT,0.120304349349297,0.0054669936070405
ENSG00000112149,CD83,0.177394709274681,-0.5517508425336
ENSG00000167699,GLOD4,0.0152462613520104,0.153601063783113
ENSG00000128011,LRFN1,0.108578970771578,-0.075135265821879
ENSG00000172663,TMEM134,0.10748066305363,-0.0366119899954233
ENSG00000173276,ZBTB21,0.088616689135886,0.0480724053959607
ENSG00000227954,TARID,0.125262714297663,0.461168625506093
ENSG00000130508,PXDN,-0.0054693032319431,0.297737023416132
ENSG00000132964,CDK8,0.0042716420988746,0.149353076314904
ENSG00000136888,ATP6V1G1,0.0877691612081675,-0.160999449566688
ENSG00000111215,PRH1,NA,NA
ENSG00000145740,SLC30A5,0.0132364097237462,0.0460095326899971
ENSG00000167766,ZNF83,-0.070017812592424,0.12391136042678
ENSG00000080824,HSP90AA1,0.0166167915545145,-0.592546307830872
ENSG00000125454,SLC25A19,-0.0126832926667676,-0.376348322057488
ENSG00000136824,SMC2,0.0104896382463381,-0.089778065086369
ENSG00000116667,C1orf21,0.128280878117678,-0.063604690080792
ENSG00000114902,SPCS1,0.0036065615912318,-0.116191574668134
ENSG00000234684,SDCBP2-AS1,0.110825662574955,0.433591499017913
ENSG00000172795,DCP2,0.0879204726858257,-0.083137686714679
ENSG00000175854,SWI5,0.11852919937705,-0.180478870870443
ENSG00000182858,ALG12,0.0076750401437693,0.113801854257153
ENSG00000136146,MED4,0.0979869102098639,-0.067767642778829
ENSG00000241945,PWP2,0.137108157555268,-0.0150481167478131
ENSG00000171365,CLCN5,0.0996869812232187,0.180821155637534
ENSG00000244219,TMEM225B,-0.091548288678123,0.171653886097948
ENSG00000135686,KLHL36,0.0885023908551229,-0.061770002370758
ENSG00000149657,LSM14B,0.0101357581121746,-0.093840292947997
ENSG00000276903,H2AC16,-0.00186602093825559,-0.535451011352888
ENSG00000007402,CACNA2D2,0.207395526863469,0.356250430294658
ENSG00000158769,F11R,0.0220312131823173,-0.180719633982837
ENSG00000180747,SMG1P3,0.0862580871653048,0.262864876033921
ENSG00000155189,AGPAT5,0.0083292903413432,-0.060118975786014
ENSG00000108479,GALK1,0.0005554909629224,0.240491181644985
ENSG00000111247,RAD51AP1,-0.00806983045039,-0.294633692860008
ENSG00000109062,SLC9A3R1,0.0800377426573853,0.0220650649694189
ENSG00000183527,PSMG1,0.0922679076113839,-0.254762374657506
ENSG00000149050,ZNF214,-0.110467498322096,-0.196965101108302
ENSG00000171320,ESCO2,0.0897756852835016,-0.455985578939773
ENSG00000203666,EFCAB2,0.11710064169162,0.197541908915428
ENSG00000141639,MAPK4,-0.00667036438956359,0.758965301746502
ENSG00000256294,ZNF225,0.10959120581609,0.0670388363946072
ENSG00000119707,RBM25,0.0221625966178576,0.0255049743915457
ENSG00000144354,CDCA7,0.0071287284951664,-0.406068072522761
ENSG00000185761,ADAMTSL5,-0.0355888095109038,0.0678047740121317
ENSG00000054116,TRAPPC3,0.0070170674293407,0.0934661514727241
ENSG00000114378,HYAL1,-0.077613631053231,0.684323203123204
ENSG00000131471,AOC3,0.181485700613433,0.482863030541859
ENSG00000081052,COL4A4,0.0159859009717247,0.201468070710427
ENSG00000171928,TVP23B,0.0078195780116689,0.048347267934465
ENSG00000106133,NSUN5P2,-0.0311034733933918,0.649965618548687
ENSG00000126217,MCF2L,0.144830894283466,0.259910958947569
ENSG00000179965,ZNF771,-0.070395780642574,-0.064247354279997
ENSG00000288709,F8A2,-0.00305675612605179,-0.056227555427023
ENSG00000012983,MAP4K5,0.0176085072750859,0.0313478636127822
ENSG00000124370,MCEE,0.156472753876281,-0.099482613205224
ENSG00000079785,DDX1,0.0768205177102377,-0.0365840580912982
ENSG00000125755,SYMPK,0.0251263747643671,0.210416085388933
ENSG00000100426,ZBED4,0.0807719628315866,-0.120449546429712
ENSG00000114127,XRN1,0.0804468940506199,0.097347549965326
ENSG00000143479,DYRK3,0.0078666185462398,-0.0149156612038623
ENSG00000163040,CCDC74A,0.170576056936326,-0.26982441619232
ENSG00000104731,KLHDC4,0.0161706989673964,0.192896910110048
ENSG00000161204,ABCF3,0.0845315252089701,0.201338334763456
ENSG00000172244,C5orf34,0.115105178627297,-0.372542565215448
ENSG00000196284,SUPT3H,-0.0304671547680998,0.0148561309034985
ENSG00000089902,RCOR1,0.0229791445965392,0.0984823305465415
ENSG00000173852,DPY19L1,0.075454819063627,0.0481999586398842
ENSG00000068305,MEF2A,0.0884548909079813,0.121185121564038
ENSG00000062370,ZNF112,0.119861212505276,0.0285525306604355
ENSG00000107560,RAB11FIP2,0.0145705540045982,0.06206569917747
ENSG00000267508,ZNF285,-0.054702042441267,0.375660038711486
ENSG00000101445,PPP1R16B,0.224470792773863,0.105688417578127
ENSG00000064726,BTBD1,0.0803230240771904,-0.036196547370744
ENSG00000097096,SYDE2,0.137474303623328,-0.088296409360821
ENSG00000148288,GBGT1,0.193219138024233,-0.155745955313462
ENSG00000085276,MECOM,-0.0367032458973631,0.155773169478185
ENSG00000123374,CDK2,0.0153295008656004,-0.287508520428616
ENSG00000229043,ZFAND2A-DT,-0.0233028466839144,0.235842947830981
ENSG00000065526,SPEN,0.0253258447644623,-0.0110906070215704
ENSG00000181038,METTL23,0.0918703472728449,0.0975974529300664
ENSG00000243660,ZNF487,-0.063508069291999,0.278013435508425
ENSG00000081803,CADPS2,-0.0326018927782286,-0.109206158390957
ENSG00000064652,SNX24,0.0019846189198205,0.247128832094504
ENSG00000134056,MRPS36,0.142401667115013,-0.072698180335606
ENSG00000064115,TM7SF3,0.0221923334064975,0.0590932808973054
ENSG00000222011,FAM185A,-0.0191582731081618,0.0196898249397341
ENSG00000132394,EEFSEC,0.109665984237684,0.140243041439424
ENSG00000176532,PRR15,0.00660899631890451,0.0926841842077984
ENSG00000153531,ADPRHL1,-0.0160517907809087,-0.15260258566651
ENSG00000110906,KCTD10,0.0167708004186632,0.0270368515180403
ENSG00000113211,PCDHB6,-0.071397245041383,-0.293713959432482
ENSG00000214309,MBLAC1,0.191741073516277,-0.777454099527541
ENSG00000251022,THAP9-AS1,0.0084036204624786,-0.06177715181636
ENSG00000178149,DALRD3,-0.0037944327569611,0.0171652231486167
ENSG00000137478,FCHSD2,0.0929229458907246,-0.0291063302335814
ENSG00000144381,HSPD1,0.0806913893004591,-0.332443433240775
ENSG00000160216,AGPAT3,0.024071686913371,0.073026509583686
ENSG00000243716,NPIPB5,0.143723512021594,0.184995704297848
ENSG00000197121,PGAP1,0.0125470519420013,0.0091361883081932
ENSG00000212128,TAS2R13,-0.061401542428477,0.0632117753798455
ENSG00000111845,PAK1IP1,0.0997448130483595,-0.058674466641459
ENSG00000258818,RNASE4,0.115408545153385,0.604056062274587
ENSG00000091592,NLRP1,-0.028015525838252,-0.110709975274531
ENSG00000156831,NSMCE2,0.104501775815745,-0.082493151159712
ENSG00000170004,CHD3,0.0249277120382279,0.1379396695002
ENSG00000145979,TBC1D7,NA,NA
ENSG00000109381,ELF2,0.0857101936714728,-0.099772927092503
ENSG00000107745,MICU1,0.082842038281229,0.14675970815884
ENSG00000170369,CST2,-0.100908198286071,-0.266605162653621
ENSG00000110717,NDUFS8,0.0839071791200337,-0.06524274827621
ENSG00000237272,OR51R1P,0.19370751103635,0.538030517870951
ENSG00000177426,TGIF1,0.0761694993562054,0.048877229677298
ENSG00000186462,NAP1L2,-0.140311619762599,-0.486811133347036
ENSG00000111110,PPM1H,0.0869620564045914,0.105765057532567
ENSG00000128262,POM121L9P,-0.11026536844288,1.39944527202322
ENSG00000214367,HAUS3,-0.0091346821735953,-0.08387103599765
ENSG00000128185,DGCR6L,-0.0124306973018149,-0.0199665587720855
ENSG00000130433,CACNG6,0.00608087765300881,0.132792921593026
ENSG00000188786,MTF1,0.0124643977850115,-0.054328287930096
ENSG00000221947,XKR9,0.197140666517998,-0.153545201795503
ENSG00000152402,GUCY1A2,-0.05856996000755,0.613904551880629
ENSG00000091140,DLD,0.0834270434916229,0.118423075466299
ENSG00000174276,ZNHIT2,-0.0205078533550862,-0.072369530094233
ENSG00000104660,LEPROTL1,0.0180096977467217,0.018703221252877
ENSG00000140326,CDAN1,0.0983228079155442,-0.045654292755242
ENSG00000136999,CCN3,0.124074721273723,-0.27512704221124
ENSG00000172794,RAB37,-0.089184841624584,0.689639626396436
ENSG00000171962,DRC3,-0.119178772484085,0.744638090463808
ENSG00000187546,AGMO,0.159172628306179,0.164376830252041
ENSG00000207005,RNU1-2,-0.082869524149426,-0.057812294723917
ENSG00000237991,RPL35P1,0.202362457660189,-0.239564503897715
ENSG00000158552,ZFAND2B,-0.0218601074214557,0.308297189162917
ENSG00000196821,ILRUN,0.0253778755346964,-0.0316359098686363
ENSG00000198315,ZKSCAN8,0.0823816678859007,0.123514119449307
ENSG00000122034,GTF3A,0.0131816707681614,-0.091654976261174
ENSG00000131398,KCNC3,-0.0395905001623131,0.168672310748899
ENSG00000152061,RABGAP1L,0.0855400241371355,0.149502203333612
ENSG00000127603,MACF1,0.0724709192964065,0.300477080960599
ENSG00000187678,SPRY4,0.0911023261986837,0.102758521345551
ENSG00000218891,ZNF579,0.004806742684806,0.0914175344156261
ENSG00000170627,GTSF1,-0.102433620719707,-0.108272899562436
ENSG00000091656,ZFHX4,0.0130357829133979,-0.0099404750557151
ENSG00000275318,LOC100419515,-0.096704334570489,0.54466129410849
ENSG00000196642,RABL6,0.0809441540759841,-0.061792301293021
ENSG00000143727,ACP1,0.0186421998409215,-0.114505481887775
ENSG00000164877,MICALL2,0.0063987778846514,0.211453986405944
ENSG00000173120,KDM2A,0.0215150245412966,0.0047604197020579
ENSG00000172301,COPRS,0.0963419762184329,-0.188110295799071
ENSG00000213339,QTRT1,0.0013722246076659,0.338721081365836
ENSG00000166664,CHRFAM7A,-0.0228716047968254,0.0413479587586813
ENSG00000102595,UGGT2,0.08514963289398,0.159438681313452
ENSG00000257815,PRANCR,0.1300199560489,-0.0112727122094324
ENSG00000215146,LOC441666,0.22773935989926,-0.14558725551202
ENSG00000181126,HLA-V,0.392936835423211,-0.10515772045006
ENSG00000239282,CASTOR1,-0.031428131672261,0.0564101974063641
ENSG00000137337,MDC1,0.0178249336640941,-0.252536758150846
ENSG00000174851,YIF1A,0.0193789794823828,-0.0366423952401954
ENSG00000141503,MINK1,0.0806819731444774,0.0862600227058928
ENSG00000117616,RSRP1,0.0078966235214198,0.08452399100749
ENSG00000171303,KCNK3,-0.0082695015976294,0.115009674979681
ENSG00000051341,POLQ,0.0169971759338019,-0.12138695752444
ENSG00000229638,RPL4P4,0.139188627695017,-0.438747941510184
ENSG00000122779,TRIM24,0.082089208802536,0.136540651165411
ENSG00000175324,LSM1,-0.00085599099552549,-0.0227558107068254
ENSG00000254470,AP5B1,0.021598894309924,0.012542743316683
ENSG00000175224,ATG13,0.0792417812919881,0.212399591993561
ENSG00000288905,LSP1P5,NA,NA
ENSG00000007341,ST7L,0.0980477274983237,0.0157521420071189
ENSG00000170606,HSPA4,0.0783204210228887,-0.061571809819932
ENSG00000157353,FCSK,0.106170137128562,0.361610052784692
ENSG00000161133,USP41,0.319258674844991,-0.629110998714294
ENSG00000128512,DOCK4,0.0794439747156395,0.443020121368791
ENSG00000163795,ZNF513,0.101324689960983,0.0966557689749342
ENSG00000188001,TPRG1,-0.0256219908984331,0.393744676962645
ENSG00000163728,TTC14,0.00590705381608361,0.102291941139929
ENSG00000079931,MOXD1,-0.075532254176215,-0.207863337475589
ENSG00000223361,FTH1P10,-0.107835603603377,0.468376037150195
ENSG00000170113,NIPA1,0.0176886535799886,0.0236269011583161
ENSG00000173068,BNC2,0.0035386678608701,0.464137373523327
ENSG00000175213,ZNF408,0.0032975714871825,0.176895160173597
ENSG00000285990,NBEAP6,0.301430438023632,0.518230678071194
ENSG00000167131,CCDC103,0.400476174091286,0.497247983270396
ENSG00000143224,PPOX,0.112565291646672,0.0451660092462338
ENSG00000100379,KCTD17,-0.0023644133049542,0.237937435051022
ENSG00000073584,SMARCE1,0.0212755085156994,-0.095326320181777
ENSG00000108528,SLC25A11,0.0179783129142401,0.0920709656289184
ENSG00000144659,SLC25A38,0.0145315605859479,0.0663152980401761
ENSG00000204209,DAXX,NA,NA
ENSG00000206127,GOLGA8O,0.147033696639257,0.175163494698572
ENSG00000094916,CBX5,0.0697268286982676,-0.143066730277091
ENSG00000110075,PPP6R3,0.0775616638156344,0.0974771292315733
ENSG00000131480,AOC2,0.119980252184405,0.348306213777072
ENSG00000172888,ZNF621,0.0134715549661492,0.158293501131292
ENSG00000124356,STAMBP,0.0766698608444339,0.0469033860503795
ENSG00000154102,C16orf74,-0.042181370868223,-0.100213924998883
ENSG00000157036,EXOG,0.0013868847649862,-0.03515561424837
ENSG00000185022,MAFF,-0.0093321234491279,0.601681421671139
ENSG00000197622,CDC42SE1,0.0793532719540887,0.0938230520986153
ENSG00000143633,C1orf131,0.0940225328480843,-0.099380012036434
ENSG00000112769,LAMA4,-0.0185787187658276,0.059199009499137
ENSG00000198925,ATG9A,0.0236228961623822,0.0870151757824388
ENSG00000267855,NDUFA7,-0.0093544416808089,0.0372793931996542
ENSG00000162997,PRORSD1P,0.163721562772565,-0.255007068065205
ENSG00000062485,CS,0.0253828206538715,-0.129211627148229
ENSG00000183479,TREX2,-0.208295152048872,-0.220679448548998
ENSG00000268916,CSAG3,0.221775483619781,-0.457783570913303
ENSG00000165949,IFI27,0.0762917335075028,0.080860303203251
ENSG00000198346,ZNF813,0.158740971179074,-0.315356330464388
ENSG00000039523,RIPOR1,0.0172463564255775,-0.050986567467316
ENSG00000153165,RGPD3,0.150460699853081,-0.00911399696013999
ENSG00000159335,PTMS,0.019099430579994,-0.308467109152975
ENSG00000126107,HECTD3,0.013118343076851,0.122217857699733
ENSG00000229474,PATL2,-0.0368381084692097,0.308096025003421
ENSG00000125388,GRK4,0.183584295684926,-0.229355969125935
ENSG00000118690,ARMC2,0.195299132158087,-0.262318056151591
ENSG00000108854,SMURF2,0.0809225055040052,0.0195058879003584
ENSG00000137055,PLAA,0.019477404282404,0.0136145829366835
ENSG00000276023,DUSP14,0.0966631298499008,-0.054566712000292
ENSG00000099326,MZF1,0.0087672009256383,0.312796268912859
ENSG00000162614,NEXN,-0.133376848444743,-0.17196894873724
ENSG00000082074,FYB1,0.000922443254644,0.383151083361712
ENSG00000173992,CCS,-0.006748765501923,0.104737077464597
ENSG00000134864,GGACT,-0.055344110212321,0.454018812683644
ENSG00000154114,TBCEL,0.0917044692536561,0.0916356396267446
ENSG00000176022,B3GALT6,0.0065260141029942,0.0395165551854926
ENSG00000127507,ADGRE2,-0.061442918190001,-0.110206406768333
ENSG00000163738,MTHFD2L,-0.0033996791112085,0.0654625044034602
ENSG00000169116,PARM1,-0.0224883390257064,0.0985179358682688
ENSG00000124635,H2BC11,0.0138706817744504,-0.597765452492582
ENSG00000146707,POMZP3,0.117597863295378,-0.066396217818307
ENSG00000183878,UTY,0.0021839558043965,0.187457130081251
ENSG00000196792,STRN3,0.0815780099090413,0.190848045638467
ENSG00000079335,CDC14A,0.120288830953496,-0.055274598058476
ENSG00000148019,CEP78,0.0873126639052971,-0.3028920458718
ENSG00000121316,PLBD1,-0.064535102158393,-0.143944086164072
ENSG00000079819,EPB41L2,0.0852967162251313,-0.217294288080225
ENSG00000176020,AMIGO3,-0.09995876604659,0.738452908193472
ENSG00000073921,PICALM,0.0266871033594329,0.206018497053776
ENSG00000146373,RNF217,0.0825201853447135,0.215256589533471
ENSG00000230581,ACTG1P14,-0.106285822571727,0.183069245083988
ENSG00000123297,TSFM,0.0910611421820777,-0.119239015189878
ENSG00000011009,LYPLA2,0.0165793783602781,0.202292780766661
ENSG00000136270,TBRG4,0.0214664686771378,-0.0374041186824518
ENSG00000145675,PIK3R1,0.0152592440762697,0.046977795221334
ENSG00000188295,ZNF669,-0.0251838342959387,0.0788166574437038
ENSG00000067177,PHKA1,0.0128913691831101,0.132523275094095
ENSG00000187243,MAGED4B,0.171807935447441,0.198353898630866
ENSG00000089022,MAPKAPK5,0.0789643634722859,0.0107562032702457
ENSG00000084731,KIF3C,0.0247676342427607,0.0053236043474706
ENSG00000128683,GAD1,0.182647424290999,-0.628476442670175
ENSG00000244005,NFS1,0.085220142060057,0.0326348730149498
ENSG00000143314,MRPL24,0.0855713319308347,-0.182442262005172
ENSG00000282826,FRG1CP,0.0853261946999157,-0.057416501683239
ENSG00000272752,STAG3L5P-PVRIG2P-PILRB,0.158882874697182,0.38059879775432
ENSG00000141447,OSBPL1A,-0.00103296638191529,0.0840078459363238
ENSG00000122741,DCAF10,0.0186255698261346,0.113584669338589
ENSG00000128604,IRF5,0.102207934157353,-0.193398010773183
ENSG00000265646,TUFMP1,-0.085753095840311,0.324307855108404
ENSG00000138759,FRAS1,0.0822434023088194,0.403069273585133
ENSG00000234155,LINC02535,-0.072013822120642,0.0865377864637631
ENSG00000146416,AIG1,0.0989869233171961,0.123162551961429
ENSG00000150455,TIRAP,-0.0078044602808511,0.0199677486559195
ENSG00000151131,NOPCHAP1,0.0833276313697795,-0.0021769539167344
ENSG00000180801,ARSJ,0.0933424128030774,-0.0157849293563466
ENSG00000166575,TMEM135,0.0067506471813812,0.241688847221383
ENSG00000173801,JUP,0.0274591888792394,0.258941476663664
ENSG00000239653,PSMD6-AS2,-0.0374149333050172,0.113779702509819
ENSG00000167996,FTH1,0.0221205562740287,0.0857890948022945
ENSG00000130768,SMPDL3B,-0.0290758087454537,0.320903554175329
ENSG00000095002,MSH2,0.0123193793633576,-0.292570683368827
ENSG00000274600,RIMBP3B,-0.081766850125472,-0.0195861461357135
ENSG00000166734,GOLM2,0.0766019859639978,0.0742223107954807
ENSG00000114770,ABCC5,0.0201631272578548,0.100835721929583
ENSG00000104823,ECH1,0.0793491696315972,0.0024471861266675
ENSG00000125656,CLPP,0.0961530294935003,0.0170139836193443
ENSG00000100206,DMC1,0.192827297620446,-0.161849075746567
ENSG00000197912,SPG7,NA,NA
ENSG00000137700,SLC37A4,0.0090335886268241,0.199181484834792
ENSG00000198040,ZNF84,0.0155955858143438,0.104415664917866
ENSG00000137074,APTX,0.0834978556305904,0.0694635691966878
ENSG00000161912,ADCY10P1,-0.086927398093118,-0.264623095590942
ENSG00000168610,STAT3,0.0304090703160355,0.0607924877551804
ENSG00000260339,HEXA-AS1,0.213979051958353,0.0742741408787416
ENSG00000168243,GNG4,-0.0287246725377269,0.0918084785910469
ENSG00000107175,CREB3,0.0209584691247535,-0.096458724586682
ENSG00000129354,AP1M2,-0.00643560141902959,-0.441262024285881
ENSG00000148356,LRSAM1,0.0862421769410375,0.215194856633382
ENSG00000224034,LINC02561,0.125742103929434,0.0005066077214531
ENSG00000157259,GATAD1,0.0845011017306038,0.100957713864101
ENSG00000117410,ATP6V0B,0.0164795456911804,0.0762061988844009
ENSG00000106089,STX1A,0.0878359284465059,0.288045466802022
ENSG00000090554,FLT3LG,-0.0272554530340826,0.0331666154173665
ENSG00000215788,TNFRSF25,-0.069077478738353,0.551764341054408
ENSG00000187446,CHP1,0.0696211253209135,0.375660902029856
ENSG00000197008,ZNF138,-0.008341068485954,-0.205430314953637
ENSG00000169972,PUSL1,-0.008725890361892,-0.310894577863581
ENSG00000170638,TRABD,0.0143398140261495,0.0598662896150877
ENSG00000155868,MED7,-0.0045492091598051,-0.090043140938353
ENSG00000265666,RARA-AS1,0.189468357619193,-0.087366933419783
ENSG00000104760,FGL1,-0.00087766544103639,0.273952814622402
ENSG00000113269,RNF130,0.0177439302535143,-0.098205198425108
ENSG00000121964,GTDC1,-0.0063215798235278,-0.0374901306973342
ENSG00000102362,SYTL4,0.110044554714805,0.057101347865697
ENSG00000248592,STIMATE-MUSTN1,0.143318820136758,-0.162405076620789
ENSG00000139190,VAMP1,0.103349808459344,-0.066692119515541
ENSG00000260456,C16orf95,-0.050114954732005,0.265469003221164
ENSG00000090061,CCNK,0.0813835475200355,-0.092206717550819
ENSG00000274917,RNA5-8SN5,0.121803451204914,-0.152469658299362
ENSG00000186212,SOWAHB,-0.059728204802707,0.292973140533358
ENSG00000180694,TMEM64,0.0889140802626196,-0.113870226751923
ENSG00000178057,NDUFAF3,0.0960659502595556,-0.206414640417585
ENSG00000149328,GLB1L2,-0.036472225292177,-0.512093771640159
ENSG00000067191,CACNB1,-0.0066395752198754,0.011554539134128
ENSG00000269293,ZSCAN16-AS1,-0.063334159789438,-0.296371156335657
ENSG00000196781,TLE1,0.0793475521725573,0.327382298686532
ENSG00000256802,LOC100130111,0.0105993037055516,0.313409238717343
ENSG00000065802,ASB1,0.0804327866748611,0.163479475042829
ENSG00000138738,PRDM5,0.107662217230139,-0.051227242862002
ENSG00000213281,NRAS,0.0181445105039478,0.0010004755842408
ENSG00000152443,ZNF776,0.0127075354905714,0.214148023448801
ENSG00000160584,SIK3,0.0179273267880257,0.190060942499943
ENSG00000156384,SFR1,-0.0083831081095341,-0.249072693192232
ENSG00000174306,ZHX3,0.0889633859369698,0.252408535308079
ENSG00000136848,DAB2IP,0.0773756286589432,-0.055113967095929
ENSG00000132561,MATN2,0.121982810979884,-0.337304154181913
ENSG00000196757,ZNF700,-0.088983401640867,-0.331271359950497
ENSG00000142149,HUNK,0.147321173981578,-0.63975403798313
ENSG00000171680,PLEKHG5,0.130106759525003,0.186237803468336
ENSG00000171453,POLR1C,0.0071533007286317,0.0429052193399267
ENSG00000135002,RFK,0.0936300396930767,0.240063052913217
ENSG00000178229,ZNF543,0.113806101725541,0.0750180418855183
ENSG00000277196,LOC102724788,-0.070171383999263,0.445330427606397
ENSG00000144120,TMEM177,0.0002839915036449,-0.197602609796129
ENSG00000011114,BTBD7,0.0790599461025557,0.0356406876728069
ENSG00000154545,MAGED4,0.147418766393475,0.191715138460089
ENSG00000122678,POLM,-6.21159672751989e-05,-0.0352853685440728
ENSG00000000460,C1orf112,0.0890421736115246,-0.388237784624468
ENSG00000165915,SLC39A13,0.0938020436561003,0.0458483924435953
ENSG00000134375,TIMM17A,0.017368729366192,0.0204630451428809
ENSG00000113282,CLINT1,0.0743261199512297,0.111870112587223
ENSG00000175928,LRRN1,0.135568279110892,-0.219315189447579
ENSG00000116213,WRAP73,0.0984481242063213,0.0679404353609746
ENSG00000160714,UBE2Q1,0.0760978451893488,-0.015824838048736
ENSG00000164171,ITGA2,0.0218497021967476,0.50826021544204
ENSG00000223459,TCAF1P1,0.00351286907842181,0.0001560957456393
ENSG00000197062,ZSCAN26,-0.00311061424813629,-0.0239481755920354
ENSG00000176208,ATAD5,0.0886307482218784,-0.204292095562736
ENSG00000132541,RIDA,0.117950858475556,0.0746092336113491
ENSG00000072786,STK10,0.0203315752423469,-0.0480765627646955
ENSG00000164919,COX6C,0.0863843713254559,-0.18675222213037
ENSG00000151348,EXT2,0.0761194015571785,0.0831115279892168
ENSG00000108465,CDK5RAP3,0.080707398842549,0.256101197332408
ENSG00000119121,TRPM6,-0.0067074214780963,0.0113878984089346
ENSG00000180425,C11orf71,0.13971418371554,-0.00674160303546219
ENSG00000150867,PIP4K2A,0.0153805472409873,0.0162053161600546
ENSG00000006459,KDM7A,0.0977728481107265,0.193783853847137
ENSG00000162650,ATXN7L2,-0.0359524077813754,-0.051863190304944
ENSG00000164509,IL31RA,-0.0425830662414385,0.185916603733642
ENSG00000114767,RRP9,0.0863050222585292,-0.0494395015413864
ENSG00000158805,ZNF276,0.0868631230935546,0.241052651242521
ENSG00000273888,FRMD6-AS1,-0.0833913138192,-0.0115755138895625
ENSG00000141580,WDR45B,0.0242933623594513,0.0910475505869392
ENSG00000183114,FAM43B,0.17143691111216,-0.135156618333167
ENSG00000029639,TFB1M,0.111268433332393,0.124372070363441
ENSG00000170854,RIOX2,0.0185505818040744,0.0453462458483636
ENSG00000184845,DRD1,0.176497419180467,0.707649674086297
ENSG00000172785,CBWD1,0.0968170700331434,-0.0250037667643346
ENSG00000196911,KPNA5,-0.0163088717002761,0.135864299107383
ENSG00000203721,LINC00862,0.001139701278404,0.198341759321932
ENSG00000121931,LRIF1,0.0145247019593376,0.101123555945717
ENSG00000148841,ITPRIP,0.0769220854441158,0.285260502526354
ENSG00000183010,PYCR1,0.0815932145255357,-0.0154504310802145
ENSG00000116771,AGMAT,0.110861779337558,0.242900065587509
ENSG00000115364,MRPL19,0.0797050715484052,0.0343727643283402
ENSG00000075568,TMEM131,0.025217509736284,0.131864693561486
ENSG00000111670,GNPTAB,0.0828299324924034,-0.0177196169053175
ENSG00000277758,SYT15B,0.15166193270951,-0.340307021549112
ENSG00000197535,MYO5A,0.027055541068435,-0.00716576224904979
ENSG00000152804,HHEX,0.0931005915191752,0.230098980639642
ENSG00000120662,MTRF1,0.111891000841042,0.0501620302788489
ENSG00000121210,TMEM131L,0.0051202861774118,-0.103126499299612
ENSG00000141456,PELP1,0.0246692860423059,-0.0282411955612064
ENSG00000070950,RAD18,0.0198563444868168,-0.272937146772652
ENSG00000110025,SNX15,0.0881064831620061,0.165165470152167
ENSG00000108100,CCNY,0.0190224494013087,0.100221435507987
ENSG00000126106,TMEM53,0.109750177343787,-0.0212363021737316
ENSG00000155876,RRAGA,0.0207483292058758,0.180664549013171
ENSG00000165669,FAM204A,0.0115901744998479,0.107293189490381
ENSG00000203668,CHML,NA,NA
ENSG00000102781,KATNAL1,0.0075125369697933,-0.0292310359708384
ENSG00000181284,TMEM102,0.107754347025443,0.104145872579621
ENSG00000174989,FBXW8,0.0868349398127786,0.101301199761389
ENSG00000176658,MYO1D,0.0995929245642268,-0.0297440463145899
ENSG00000069966,GNB5,0.0775671549060121,0.0615037208048679
ENSG00000145358,DDIT4L,0.120669490949542,0.258553580534991
ENSG00000125450,NUP85,0.0813044863547261,-0.339267050628594
ENSG00000126602,TRAP1,0.0234131680459081,-0.119029698587033
ENSG00000165660,ABRAXAS2,0.0929171926261388,0.0460373926754704
ENSG00000108021,TASOR2,0.024644380666812,0.0593131241864334
ENSG00000056736,IL17RB,0.155179203313877,-0.151328770067725
ENSG00000178531,CTXN1,-0.0359953592845754,-0.0441700419576645
ENSG00000119383,PTPA,0.0267870416457466,0.030750917394886
ENSG00000066697,MSANTD3,0.0918479914268315,-0.169603347222517
ENSG00000066422,ZBTB11,0.018248246593671,0.211924988274318
ENSG00000124279,FASTKD3,-0.00057087144339439,-0.0311396311451165
ENSG00000163785,RYK,0.0782080625919336,0.0843831340431481
ENSG00000148411,NACC2,0.0779563926525205,0.00549940994112751
ENSG00000164576,SAP30L,0.0099690544368098,-0.084474742628813
ENSG00000270629,NBPF14,0.0921272644950177,-0.087378086344906
ENSG00000109320,NFKB1,0.0754105271738222,0.185585791204319
ENSG00000112062,MAPK14,0.0185845049774868,-0.074846125508549
ENSG00000181222,POLR2A,0.0285706522076228,0.158694142517485
ENSG00000174652,ZNF266,0.00204744813241661,0.145478755417552
ENSG00000198826,ARHGAP11A,0.0807345468784565,-0.336784070852632
ENSG00000197136,PCNX3,0.0265117953400698,0.0968209042374919
ENSG00000126091,ST3GAL3,0.0949679291615335,0.201023497946362
ENSG00000060642,PIGV,0.0026160830060922,0.0756633583199346
ENSG00000171792,RHNO1,0.0884184700852984,-0.176064057166811
ENSG00000254876,SUGT1P4-STRA6LP,-0.067355413389528,0.0745456164666221
ENSG00000214691,LINC01913,-0.07079781003927,0.57262008388917
ENSG00000100632,ERH,0.0264562604556652,-0.232197758416863
ENSG00000171960,PPIH,0.0043254775574657,-0.205087935404463
ENSG00000272142,LYRM4-AS1,0.150659479638431,0.172249727696746
ENSG00000159596,TMEM69,0.100425861292688,0.123988636435819
ENSG00000247572,CKMT2-AS1,0.103867905350978,0.0556425298701948
ENSG00000176988,FMR1NB,-0.0298965765735796,-0.427283412776956
ENSG00000112773,TENT5A,0.0228740051181364,0.308088129354227
ENSG00000205334,LINC01460,0.144257978483647,-0.0418075169353539
ENSG00000198242,RPL23A,0.107685719465521,-0.182284538749698
ENSG00000258441,LINC00641,0.0856930147044255,0.297432255624219
ENSG00000134780,DAGLA,0.0070192914090299,0.032834046923375
ENSG00000171889,MIR31HG,0.0164325406007434,0.191702761945152
ENSG00000030110,BAK1,0.0095602508788365,-0.138882580548587
ENSG00000165689,ENTR1,0.084443266898562,-0.0067871369591431
ENSG00000214753,HNRNPUL2,0.0239088266492537,-0.209566346765327
ENSG00000100372,SLC25A17,0.092058088662773,0.00391242332317721
ENSG00000140263,SORD,0.0176271629266558,-0.176192723713053
ENSG00000240038,AMY2B,0.157622704633068,0.486415827099833
ENSG00000177888,ZBTB41,0.0865117167547584,0.0111334471808502
ENSG00000103723,AP3B2,-0.071501421235532,0.194069007670912
ENSG00000147119,CHST7,-0.0158444844185455,0.355346376083905
ENSG00000245149,RNF139-DT,-0.0340925630632633,0.0706947702933018
ENSG00000196873,CBWD3,-0.0101688260449591,0.0054081777958973
ENSG00000070047,PHRF1,0.0199763729156038,-0.0119967861177033
ENSG00000204176,SYT15,-0.085105774887494,-0.150063170856346
ENSG00000119411,BSPRY,0.183206838155693,-0.059235507659302
ENSG00000173621,LRFN4,0.0150032060545722,0.0770320323014079
ENSG00000125850,OVOL2,0.186854898508083,-0.746466345041653
ENSG00000281406,BLACAT1,-0.0488205939241132,0.130943655534894
ENSG00000237149,ZNF503-AS2,0.116736168233414,0.318977190900353
ENSG00000138658,ZGRF1,0.0071950872866588,-0.185035726133411
ENSG00000171557,FGG,0.0149239702611706,0.495718348825834
ENSG00000178035,IMPDH2,0.0744050531927205,-0.251763320628155
ENSG00000204947,ZNF425,0.173735639654461,0.817546705631058
ENSG00000111530,CAND1,0.0232370806673315,-0.06392944126382
ENSG00000147133,TAF1,0.0273656594899539,0.0496272032787086
ENSG00000188219,POTEE,0.16138005711569,0.0981162144756267
ENSG00000140876,NUDT7,0.146738339420682,0.00758892386483771
ENSG00000213860,RPL21P75,0.107316053158316,-0.188184961889208
ENSG00000170946,DNAJC24,0.098830451904792,0.134524501407976
ENSG00000185800,DMWD,0.0200371404328015,0.217920753256915
ENSG00000133460,SLC2A11,0.117877804306992,0.102228037978093
ENSG00000160055,TMEM234,0.103778966489887,0.327889415841226
ENSG00000234329,RPL7AP16,-0.073082625707989,0.212882695007699
ENSG00000172428,COPS9,0.110418760698281,-0.250247494222646
ENSG00000105552,BCAT2,0.0195277108299206,-0.055453611943419
ENSG00000187257,RSBN1L,0.0164846947869392,0.0198138182110991
ENSG00000224083,MTCO1P11,0.165725586467835,0.427825623780255
ENSG00000114942,EEF1B2,0.0132109749401654,-0.0221626752340684
ENSG00000232956,SNHG15,0.0047522980516732,0.166552544588402
ENSG00000172818,OVOL1,-0.053641351925147,-0.017439008969259
ENSG00000144524,COPS7B,0.0214180747964287,-0.0306574988326258
ENSG00000160796,NBEAL2,0.0282495044562172,0.255187796437099
ENSG00000130749,ZC3H4,0.024803356764917,0.120800689680708
ENSG00000144118,RALB,0.0778456638307929,-0.181038224594381
ENSG00000198551,ZNF627,0.426352264862812,-0.0320776255440141
ENSG00000110042,DTX4,0.0138145789001141,0.0596770482795817
ENSG00000157873,TNFRSF14,0.17344009551564,0.164091083884776
ENSG00000143178,TBX19,-0.0286860186209401,0.316353204786185
ENSG00000137073,UBAP2,0.0766418627049297,-0.042376430343956
ENSG00000242259,C22orf39,0.110268782962067,-0.061412095937221
ENSG00000061273,HDAC7,0.0238353086410306,0.107057461588437
ENSG00000251322,SHANK3,0.0068052237282937,-0.250791477830972
ENSG00000103245,CIAO3,0.0097546418636338,0.194778969169566
ENSG00000067221,STOML1,-0.0056064124461415,-0.0080548606107786
ENSG00000275793,RIMBP3,-0.0377505321086668,-0.129311739637572
ENSG00000086619,ERO1B,-0.0102613564244513,0.442081951941917
ENSG00000102572,STK24,0.070931489925243,0.109471497294064
ENSG00000141452,RMC1,0.0864010516068318,-0.070872340234912
ENSG00000177728,TMEM94,0.0771210858937798,0.226764079374828
ENSG00000150627,WDR17,0.109453927221062,0.39075311191444
ENSG00000155657,TTN,-0.0129615717950089,-0.210666566803212
ENSG00000106591,MRPL32,0.0162289325237849,-0.060303038142762
ENSG00000143436,MRPL9,0.0856761472735524,-0.19369919040871
ENSG00000121410,A1BG,-0.086815291073582,0.551159498387408
ENSG00000231307,RPS3P2,0.184355709411755,0.137952877778914
ENSG00000119333,DYNC2I2,0.0185870658969599,-0.286981701179044
ENSG00000175832,ETV4,0.0153655766756315,0.352050334937918
ENSG00000283196,LOC107985911,0.0035705688081751,0.0304642091556171
ENSG00000004864,SLC25A13,0.0793762203307992,0.0712587253393227
ENSG00000132635,PCED1A,0.0069992463669379,0.563128020200797
ENSG00000132581,SDF2,0.0857554819172359,-0.077351468384727
ENSG00000272674,PCDHB16,-0.0424568442353496,-0.861396392427459
ENSG00000163608,NEPRO,0.0799746267512207,0.0848982071810555
ENSG00000162426,SLC45A1,0.144910292053528,0.71320462379331
ENSG00000176148,TCP11L1,0.075546872049535,0.215584094612915
ENSG00000136709,WDR33,0.0276307663660682,0.0594684859991217
ENSG00000170502,NUDT9,0.0980462759215234,0.0379115188470097
ENSG00000162139,NEU3,0.086677079530873,-0.214862244044905
ENSG00000215305,VPS16,0.0156081070389285,0.236188136647706
ENSG00000169903,TM4SF4,0.0176421010974725,0.225065115366101
ENSG00000150776,NKAPD1,0.0131371216934654,0.209478580516751
ENSG00000107443,CCNJ,0.0976609211130877,-0.149644076646397
ENSG00000099622,CIRBP,0.0172538501955875,0.290007593294489
ENSG00000103253,HAGHL,0.147536331464981,0.143106308471144
ENSG00000009780,FAM76A,0.119968780942529,0.0375520673270465
ENSG00000178921,PFAS,0.0769085582668127,-0.157390227461811
ENSG00000165197,VEGFD,-0.099150519804418,-0.506895683235181
ENSG00000100106,TRIOBP,0.0202838868736106,0.120182183340158
ENSG00000155545,MIER3,0.0830822878538303,0.105776910530127
ENSG00000105711,SCN1B,0.0979437271090696,0.269369230278902
ENSG00000102048,ASB9,-0.00435327626242719,-0.0320353826614243
ENSG00000138785,INTS12,0.0080634283043774,0.0804659906512383
ENSG00000226049,TLK2P1,-0.0181043369373853,-0.0045813992252644
ENSG00000058668,ATP2B4,0.0291315347368178,0.0100762277050685
ENSG00000130703,OSBPL2,NA,NA
ENSG00000101197,BIRC7,-0.0422495360386654,0.540759471985722
ENSG00000186073,CDIN1,0.103455483066909,0.0056751338768695
ENSG00000041988,THAP3,0.109442451404228,-0.0170831885893869
ENSG00000187372,PCDHB13,-0.0292107509238831,-0.387827403274281
ENSG00000102125,TAFAZZIN,0.0881359670267018,0.28382846894288
ENSG00000099251,HSD17B7P2,-0.0404835055010084,-0.062859230358357
ENSG00000151632,AKR1C2,0.0707864189110911,0.0136147969703075
ENSG00000168918,INPP5D,0.178841221641368,0.892560446849217
ENSG00000178502,KLHL11,0.0859855464892671,-0.053244185681351
ENSG00000214389,RPS3AP26,-0.0345756730814185,0.00422952305984271
ENSG00000124380,SNRNP27,0.0019611631038008,0.146629521722295
ENSG00000145850,TIMD4,-0.0028607759984914,0.250178424832306
ENSG00000155275,TRMT44,0.0954252229330946,0.0138175225785649
ENSG00000120899,PTK2B,0.0786005668862622,0.209851116100916
ENSG00000158966,CACHD1,0.108923753108629,0.160859161061835
ENSG00000143353,LYPLAL1,0.111298954470302,0.107743577781147
ENSG00000173867,DET1,-0.082931917382478,0.350332470666609
ENSG00000164649,CDCA7L,0.0915373648328608,-0.255275728502942
ENSG00000105879,CBLL1,0.0209768858911294,-0.0120712881937349
ENSG00000148218,ALAD,0.09228725488604,-0.0323631676845633
ENSG00000166803,PCLAF,0.0062909594640688,-0.668985701644912
ENSG00000258667,HIF1A-AS3,-0.065850023517787,0.455934370973728
ENSG00000102878,HSF4,0.11646608278345,0.561515109053333
ENSG00000225733,FGD5-AS1,0.025590347001814,-0.0454306699152809
ENSG00000255284,GATD1-DT,0.141883284272483,0.39097401057232
ENSG00000165861,ZFYVE1,0.0165969020217435,0.34131804505147
ENSG00000104866,PPP1R37,0.0177037115931761,0.114403641159141
ENSG00000122218,COPA,0.0314937716230258,0.0679840837564931
ENSG00000110237,ARHGEF17,0.0808837323307733,0.119052210059864
ENSG00000235529,AGAP1-IT1,0.143581085021097,0.052441459109619
ENSG00000173145,NOC3L,0.083410206057309,-0.059029702192572
ENSG00000127423,AUNIP,0.110348653546624,-0.318669244264931
ENSG00000103429,BFAR,0.024259168227229,-0.0361526427162418
ENSG00000186642,PDE2A,-0.102716502390437,0.210492398568663
ENSG00000058063,ATP11B,0.0834009358814568,0.0579190468741115
ENSG00000167207,NOD2,0.18637784246107,0.679194862331976
ENSG00000160716,CHRNB2,0.174624795903334,0.173761262032481
ENSG00000164885,CDK5,0.0897764191775364,0.0170608998081494
ENSG00000115042,FAHD2A,0.0900341033877652,-0.123343262271376
ENSG00000169490,TM2D2,0.0800309713592595,-0.063822434594883
ENSG00000113532,ST8SIA4,0.0828586690689657,0.0158058052717486
ENSG00000232859,LYRM9,0.200206236926568,-0.225875015982982
ENSG00000171467,ZNF318,0.0182572570654683,-0.063843501770283
ENSG00000144362,PHOSPHO2,-0.0478156228743844,0.290344091278075
ENSG00000174405,LIG4,-0.0022588964541369,0.433807350150256
ENSG00000172296,SPTLC3,0.186194863936068,-0.107385000289267
ENSG00000178301,AQP11,-0.056163958584083,0.46077669156
ENSG00000111684,LPCAT3,0.0793564104205843,0.108785974681738
ENSG00000272447,LOC642361,-0.060912407401717,0.182629291410275
ENSG00000143258,USP21,0.0877667064162249,0.0919144252356585
ENSG00000138271,GPR87,-0.105899905144057,-0.109116468719112
ENSG00000169609,C15orf40,0.0952127417922657,0.0198602087064417
ENSG00000140332,TLE3,0.0755570792887422,-0.375234251218839
ENSG00000163346,PBXIP1,0.0917319153514416,0.072829096340945
ENSG00000187094,CCK,-0.063275031633483,-0.854776689001445
ENSG00000278845,MRPL45,0.0808082426345349,0.00304724313357201
ENSG00000176834,VSIG10,0.0814961282166733,0.0692766698901277
ENSG00000060237,WNK1,0.0698934332798894,0.0684100882596043
ENSG00000113460,BRIX1,0.0789315577793215,-0.161659717820561
ENSG00000160325,CACFD1,0.113568504872466,0.220768200743164
ENSG00000134748,PRPF38A,0.0164553191162955,-0.117879855392601
ENSG00000106927,AMBP,0.14438803023074,-0.105495780374732
ENSG00000179152,TCAIM,0.000328956829622,-0.0105810125037734
ENSG00000198155,ZNF876P,0.138861453575489,-0.826442294944062
ENSG00000197989,SNHG12,0.0172751020737298,0.0166930764006684
ENSG00000013619,MAMLD1,0.0075399791326163,-0.0400709478741559
ENSG00000237686,SCIRT,0.169897090007022,0.0914757031524469
ENSG00000130382,MLLT1,0.078907015592507,-0.055707085137152
ENSG00000128271,ADORA2A,-0.132881069789695,0.0650336930087489
ENSG00000064300,NGFR,-0.095108283630477,0.521088537827464
ENSG00000230021,LOC101928626,-0.065591841473659,0.257004720129015
ENSG00000166823,MESP1,-0.078076566608744,-0.17906018704062
ENSG00000143575,HAX1,0.0241189391705201,-0.075431631478726
ENSG00000120738,EGR1,-0.0227711593264771,0.688391698297066
ENSG00000168062,BATF2,0.0260017953118798,0.311188168209269
ENSG00000104904,OAZ1,0.0261768596946812,-0.193800849207577
ENSG00000167302,TEPSIN,0.0884821996416349,0.196738512513
ENSG00000078699,CBFA2T2,0.0793598101349215,0.0901593302571126
ENSG00000288622,PDCD6-AHRR,1.12835020094242,-0.702887981379435
ENSG00000163406,SLC15A2,0.173070265379369,-0.126054327676114
ENSG00000157570,TSPAN18,-0.060893099344816,0.401949984326443
ENSG00000101310,SEC23B,0.0259138607731194,0.0137552303608944
ENSG00000130529,TRPM4,0.0189193600541763,0.168311476189323
ENSG00000079337,RAPGEF3,0.188996736650628,0.0605745828383189
ENSG00000100697,DICER1,0.0272101689757538,-0.0189866672282706
ENSG00000011295,TTC19,0.0230168450483886,0.0769382827838828
ENSG00000138801,PAPSS1,0.0908050350090524,-0.050222484798044
ENSG00000168209,DDIT4,0.0709215733006074,0.250098025409522
ENSG00000117593,DARS2,0.0216132619426503,-0.116600732162227
ENSG00000107779,BMPR1A,0.0210283108413124,0.0739930278158435
ENSG00000142892,PIGK,0.0937886138169648,-0.0068768699215438
ENSG00000151014,NOCT,0.0099090595449746,0.276186095641211
ENSG00000224424,PRKAR2A-AS1,-0.067189379983167,-0.135599225827285
ENSG00000164332,UBLCP1,0.0793600356768414,0.327615840341139
ENSG00000166133,RPUSD2,-0.0052099920504261,-0.218851452676999
ENSG00000186260,MRTFB,0.0717471165988101,0.131327466090431
ENSG00000023572,GLRX2,0.008532667122433,0.209072219791891
ENSG00000099365,STX1B,0.124756798368639,0.173684595218648
ENSG00000100629,CEP128,0.00574589880970981,-0.192347923597734
ENSG00000173473,SMARCC1,0.0293701466369061,-0.0115710760565739
ENSG00000184923,NUTM2A,-0.0489545235774015,-0.00871384916981149
ENSG00000051596,THOC3,0.090564134714014,-0.092073574547298
ENSG00000165948,IFI27L1,-0.0067996436203783,0.0961677101536141
ENSG00000196233,LCOR,0.0310873901342034,0.102125038122118
ENSG00000083123,BCKDHB,0.109071636847663,0.23623102953727
ENSG00000143643,TTC13,0.0853357181589235,-0.066465338888175
ENSG00000144711,IQSEC1,0.013784235030996,-0.085852399774055
ENSG00000128463,EMC4,0.0237292738127066,-0.070479698892566
ENSG00000173611,SCAI,0.0016456566705735,-0.087415757848298
ENSG00000010810,FYN,-0.0189223300755919,0.255759077475532
ENSG00000198898,CAPZA2,0.0743169592395425,0.141333635552195
ENSG00000159377,PSMB4,0.019151541476762,-0.15764026179548
ENSG00000015133,CCDC88C,0.0131219581609325,-0.0364943237503653
ENSG00000164300,SERINC5,0.0232955905492215,0.454034199264153
ENSG00000259332,ST20-MTHFS,0.426047819320996,-1.36159897426879
ENSG00000136819,C9orf78,0.0905781280407258,-0.202726743978467
ENSG00000249850,KRT18P31,0.131146830091955,0.0807643331444975
ENSG00000116793,PHTF1,0.0145938503918136,0.0664409636527492
ENSG00000163444,TMEM183A,0.0877110127983808,-0.082598492287817
ENSG00000103534,TMC5,0.0929735236558278,0.37392832446395
ENSG00000100505,TRIM9,0.0923572553142382,-0.289354229045914
ENSG00000204248,COL11A2,-0.07926266010982,1.00969281448524
ENSG00000171124,FUT3,0.188412539394293,0.14673988990814
ENSG00000077380,DYNC1I2,0.0218235869801855,-0.082871095736084
ENSG00000129250,KIF1C,0.0727409756061951,-0.219724667012545
ENSG00000235652,EPM2A-DT,-0.113643860083193,0.0073263453408307
ENSG00000096060,FKBP5,0.0732485748681645,-0.317152527692567
ENSG00000100395,L3MBTL2,0.0189627548356168,0.0091913021913306
ENSG00000157020,SEC13,0.0273329281931885,-0.075183876429975
ENSG00000100028,SNRPD3,0.0739025323496161,-0.221989991845717
ENSG00000183773,AIFM3,0.158377936719115,0.396650822357319
ENSG00000149346,SLX4IP,0.079282996392081,0.0580744810974438
ENSG00000147439,BIN3,0.0839358107063963,0.073911487142978
ENSG00000111696,NT5DC3,0.0823058519032609,-0.0202548906229813
ENSG00000198081,ZBTB14,-0.00381882958832309,-0.123556637357327
ENSG00000139131,YARS2,0.0898322208827167,-0.0453782538030808
ENSG00000174109,C16orf91,0.00605990048279621,-0.080581164834377
ENSG00000188372,ZP3,0.0931444033234065,0.195408666073741
ENSG00000161813,LARP4,0.02879282169039,0.0613277311073188
ENSG00000013441,CLK1,0.0872402223769912,0.111599270331168
ENSG00000064651,SLC12A2,0.0744482556628303,0.479655066239031
ENSG00000214940,NPIPA8,-0.00907659434922459,0.0901624160584618
ENSG00000142178,SIK1,0.0286210947020393,0.375791796689081
ENSG00000217930,PAM16,0.091769140711216,0.1772896099216
ENSG00000111319,SCNN1A,0.076549397784269,0.0641483307943411
ENSG00000184402,SS18L1,0.0903872139569394,0.126973694714711
ENSG00000228315,GUSBP11,0.0888653361941789,0.258062585994714
ENSG00000120437,ACAT2,0.0110692227446085,-0.36566512175123
ENSG00000196152,ZNF79,0.102898728768886,0.158087860036115
ENSG00000275074,NUDT18,-0.0127954948255534,0.318814181083508
ENSG00000156983,BRPF1,0.0198303384678274,-0.0434935378338837
ENSG00000164327,RICTOR,0.0734164435012699,0.253606498002834
ENSG00000130560,UBAC1,0.0121824947977508,-0.0447375995870516
ENSG00000110011,DNAJC4,-0.00039345616397679,0.14215971257168
ENSG00000161057,PSMC2,0.073244406894167,-0.111925165430374
ENSG00000047056,WDR37,0.0099066950133678,0.204888406884672
ENSG00000188910,GJB3,-0.065128404336083,-0.112485176300831
ENSG00000185664,PMEL,-0.069769846292581,-0.074746724528691
ENSG00000147475,ERLIN2,0.0743152484478415,0.0012281686569286
ENSG00000172548,NIPAL4,-0.0192311885717438,0.593370285568241
ENSG00000166295,ANAPC16,0.0197992913954727,0.0351443211963295
ENSG00000171121,KCNMB3,-0.02611754075218,0.0929738936738901
ENSG00000160813,PPP1R35,0.0001598364021708,-0.06802316480036
ENSG00000114279,FGF12,0.159106543137939,0.452123425994997
ENSG00000154265,ABCA5,0.0960568657733926,0.472743956282024
ENSG00000271503,CCL5,0.153899243384476,-0.086459781095267
ENSG00000188315,C3orf62,0.115937602727169,0.1930915857908
ENSG00000243244,STON1,0.171188279401698,0.677912830942641
ENSG00000125966,MMP24,0.020997889583924,0.555556193303571
ENSG00000158258,CLSTN2,-0.052013941890858,0.298478427445187
ENSG00000147274,RBMX,0.0679960063880775,-0.116752828098891
ENSG00000280639,LINC02204,0.115725129156501,0.0162042206218642
ENSG00000149577,SIDT2,0.0884284445326231,0.22635065341347
ENSG00000158555,GDPD5,0.00552400547253101,0.10239666569508
ENSG00000164603,BMT2,0.0983434356336047,0.0686781125941994
ENSG00000166272,WBP1L,NA,NA
ENSG00000273802,H2BC8,0.152239071300837,-0.295138437400964
ENSG00000095752,IL11,0.0075028234807035,0.678020079844834
ENSG00000141542,RAB40B,0.132181237936807,0.0716418198210093
ENSG00000145781,COMMD10,0.00906802494988281,0.0254714837675272
ENSG00000265148,TSPOAP1-AS1,-0.068495810999265,0.495363217391939
ENSG00000107185,RGP1,0.0754509586845826,0.0582561753311324
ENSG00000237973,MTCO1P12,0.02274518292267,-0.0081577322232492
ENSG00000069998,HDHD5,0.0918078284260877,-0.0055895639291955
ENSG00000104267,CA2,-0.0332750064932121,0.621171795525241
ENSG00000196189,SEMA4A,-0.076067397930139,0.415750616307662
ENSG00000109118,PHF12,0.0777060866290537,-0.0050576005916334
ENSG00000113838,TBCCD1,0.0999804240546735,-0.0295234548070542
ENSG00000013375,PGM3,0.0152899864205177,-0.0376625370106928
ENSG00000129473,BCL2L2,0.0204367265406826,0.048855934423076
ENSG00000267121,FMNL1-DT,0.120954022075895,0.914429625402663
ENSG00000259803,SLC22A31,-0.076308545517657,0.76954368994443
ENSG00000224596,ZMIZ1-AS1,0.156623744037285,0.0045594140252971
ENSG00000132763,MMACHC,0.100346453959783,-0.201836044356237
ENSG00000163832,ELP6,0.0900017875287948,-0.0436953765081509
ENSG00000005206,SPPL2B,0.0089920284776464,0.301784473368202
ENSG00000126767,ELK1,0.0180326149329985,-0.086035032393341
ENSG00000212802,RPL15P3,-0.011194120704967,-0.10761911648563
ENSG00000133069,TMCC2,-0.029910566545968,-0.165299202359926
ENSG00000143207,COP1,0.0784944772679209,0.0637109908094564
ENSG00000176410,DNAJC30,0.0060125748960122,0.0069327916051851
ENSG00000079134,THOC1,0.0883746920608615,-0.0420691638037887
ENSG00000049883,PTCD2,0.0795594746671344,0.156182818230674
ENSG00000198718,TOGARAM1,0.020889571790665,0.147261603331605
ENSG00000198818,SFT2D1,0.0074993877138284,0.15718899768858
ENSG00000204177,BMS1P1,0.0903432443050746,0.00836894153843661
ENSG00000130733,YIPF2,0.0069066737892947,-0.12547002759747
ENSG00000088682,COQ9,0.0195227922050752,0.187900608285168
ENSG00000067601,PMS2P4,0.103701257313627,-0.0133281555189329
ENSG00000138035,PNPT1,0.028736903074482,0.120608540449114
ENSG00000178752,ERFE,-0.0380030111114025,0.105564133727634
ENSG00000169641,LUZP1,0.0290120185947802,-0.0361449064145263
ENSG00000253953,PCDHGB4,-0.0247405032181853,0.0933700662390201
ENSG00000169925,BRD3,0.0742853634031774,-0.207039299258476
ENSG00000015479,MATR3,0.0183956890104939,-0.060507427462774
ENSG00000126970,ZC4H2,0.0986495518786857,0.0363099390425277
ENSG00000118922,KLF12,0.00894860788168021,0.166513185862034
ENSG00000136114,THSD1,0.0998804408684229,0.0183066611138916
ENSG00000065621,GSTO2,0.170794552658847,0.0696837479653659
ENSG00000130147,SH3BP4,0.0743656233528072,0.120484919417117
ENSG00000173320,STOX2,0.0871047608083306,-0.195045407462584
ENSG00000198793,MTOR,0.028535188814163,0.107177751427723
ENSG00000110074,FOXRED1,0.0895859031942724,0.0567393558848765
ENSG00000175193,PARL,0.093344791249574,-0.089937654949369
ENSG00000122783,CYREN,0.0196232094894794,0.0329719845884364
ENSG00000287151,C2orf27A,0.119695327717842,0.0920700851738567
ENSG00000213613,RPL11P3,0.172541958357259,0.139019010795323
ENSG00000143418,CERS2,0.0334587664231355,0.115350349333055
ENSG00000145113,MUC4,-0.004093301277001,-0.0058343424720246
ENSG00000091317,CMTM6,0.079758104506099,-0.096110754835033
ENSG00000236438,FAM157A,0.13405435445019,0.223043580004207
ENSG00000136463,TACO1,0.0187585562799726,-0.141718380230029
ENSG00000204758,RPL26L1-AS1,0.124446039706662,0.254655170312515
ENSG00000177932,ZNF354C,0.128446615539932,0.087232027909195
ENSG00000102743,SLC25A15,0.0945996122389792,-0.284944987105888
ENSG00000224420,ADM5,0.185434604214367,0.186684944728861
ENSG00000144579,CTDSP1,0.0721215108030703,0.135443202214414
ENSG00000101391,CDK5RAP1,0.0184902583684702,0.12084385168028
ENSG00000196313,POM121,0.0297764907477149,0.0140954406743803
ENSG00000226015,CCT8P1,-0.061001159179717,0.236148412013004
ENSG00000010318,PHF7,0.176041311266383,-0.059347609740931
ENSG00000130640,TUBGCP2,0.0262028397101175,0.0290589976832121
ENSG00000111412,SPRING1,0.0741061448878313,-0.048855041081372
ENSG00000164548,TRA2A,0.0734005426899776,0.0838001063383665
ENSG00000197601,FAR1,0.0737793408115945,-0.070689520552998
ENSG00000283122,HYMAI,0.176911247684293,0.0261011938560924
ENSG00000202058,RN7SKP80,0.158587162279558,-0.343767097897631
ENSG00000102390,PBDC1,0.0074401429951257,-0.133761509538539
ENSG00000144182,LIPT1,0.123408836532056,-0.262028979553522
ENSG00000146476,ARMT1,0.00297423515365421,0.101569693407636
ENSG00000168566,SNRNP48,0.0913304943895722,-0.109649506489009
ENSG00000112855,HARS2,0.0780003007614675,0.0160689275895843
ENSG00000145375,SPATA5,0.020638661255043,-0.209261464126652
ENSG00000230894,LOC107987014,0.159026688075723,-0.120543251308494
ENSG00000131459,GFPT2,0.0765897612136377,0.264561809745841
ENSG00000113356,POLR3G,-0.0121781092512643,-0.209785503294495
ENSG00000120742,SERP1,0.0298114302934975,-0.070487979474659
ENSG00000132467,UTP3,0.0829185402947851,-0.259345545095464
ENSG00000189164,ZNF527,0.113736276841574,-0.0357547481586863
ENSG00000196369,SRGAP2B,0.0804165675804629,-0.073048991444781
ENSG00000108599,AKAP10,0.0776578299198925,0.147058799865436
ENSG00000178927,CYBC1,0.0719279282509918,0.0431880974724911
ENSG00000253485,PCDHGA5,-0.0243084394355035,-0.221516715337697
ENSG00000145088,EAF2,0.148651355346156,-0.144160846983639
ENSG00000137843,PAK6,NA,NA
ENSG00000259479,SORD2P,0.125112930904818,-0.164690001787253
ENSG00000115241,PPM1G,0.027405913645989,-0.130230981531034
ENSG00000164430,CGAS,0.0936046622116414,-0.32605348146159
ENSG00000198700,IPO9,0.0298509129933953,0.0306650953520742
ENSG00000101000,PROCR,0.023658332991545,0.0278204291410164
ENSG00000031003,FAM13B,0.0785004424013312,0.384142582339898
ENSG00000270878,GCATP1,0.15809886473384,-0.225224383468532
ENSG00000197808,ZNF461,0.0030389639827836,0.313964227124906
ENSG00000125352,RNF113A,0.0913977097999989,-0.207895964552033
ENSG00000153140,CETN3,0.118390874582181,-0.280583431615165
ENSG00000224271,EPIC1,0.129415649492523,0.0495125958778097
ENSG00000187189,TSPYL4,-0.0038149086469795,-0.22743070170557
ENSG00000089094,KDM2B,0.0800923695340152,-0.107649193226487
ENSG00000167257,RNF214,0.0827909539409124,-0.0112084716454225
ENSG00000104812,GYS1,0.0720568160510799,0.0329867810824977
ENSG00000161036,LRWD1,0.0168927170369794,0.0639605980470125
ENSG00000213398,LCAT,-0.0379849991901496,0.547600462874823
ENSG00000184277,TM2D3,0.0859562116227158,0.133318360709069
ENSG00000215190,LINC00680,-0.0110151908273371,0.0013417742171819
ENSG00000172819,RARG,0.0755503946188344,0.07563240241868
ENSG00000102043,MTMR8,-0.0436411047390218,-0.0468949610997432
ENSG00000183023,SLC8A1,-0.0354743979305728,-0.355679125369435
ENSG00000085274,MYNN,0.0157104873252739,0.193621760297812
ENSG00000066248,NGEF,0.0032881888426362,-0.239556662600862
ENSG00000245614,DDX11-AS1,0.144993833548907,-0.438232286907177
ENSG00000274276,LOC102724560,0.20142197387032,0.157822493315945
ENSG00000198680,TUSC1,-0.0121872981156215,0.0873787657983404
ENSG00000151093,OXSM,0.108011695691664,0.0794994668648693
ENSG00000223797,ENTPD3-AS1,0.168058646469642,0.334621725314258
ENSG00000137203,TFAP2A,0.0186813041460036,0.191341199065811
ENSG00000151474,FRMD4A,-0.0015056759211145,0.4680503443529
ENSG00000107331,ABCA2,0.0226624408130495,0.0188791252448675
ENSG00000237399,PITRM1-AS1,-0.0418130987942519,0.339307035767296
ENSG00000114745,GORASP1,0.0779807137901688,-0.0402724384032667
ENSG00000077549,CAPZB,0.0311228597112609,-0.120240738612663
ENSG00000116489,CAPZA1,0.029326985765305,-0.0480493194187568
ENSG00000146067,FAM193B,0.0809378676453657,0.375109168634335
ENSG00000166377,ATP9B,0.0206702473654382,-0.081629091319111
ENSG00000182093,GET1,0.0914458646692899,0.0211376343081729
ENSG00000197563,PIGN,0.0160881188349151,0.0218055476319415
ENSG00000132670,PTPRA,0.030856346131977,0.0425595573643881
ENSG00000102710,SUPT20H,0.0237825359830918,-0.052656654630722
ENSG00000111880,RNGTT,0.0835954849364518,0.0050788466992272
ENSG00000105875,WDR91,0.0881972993801557,-0.11329092467302
ENSG00000102870,ZNF629,0.0268977532294911,0.0029469455671463
ENSG00000085382,HACE1,0.113516430008905,0.0105950048265613
ENSG00000143847,PPFIA4,-0.0275262194666833,0.443166178949247
ENSG00000173482,PTPRM,0.028973793879804,0.322646180802119
ENSG00000184937,WT1,0.112408355028147,-0.396047105994797
ENSG00000138587,MNS1,0.166817607076582,-0.239004820474007
ENSG00000127863,TNFRSF19,-0.071721983223109,0.701246559341179
ENSG00000101413,RPRD1B,0.0276809255851163,0.0586030446338239
ENSG00000242110,AMACR,0.094094077489372,-0.066689922999982
ENSG00000215424,MCM3AP-AS1,-0.00098982346217149,-0.052845319786858
ENSG00000006695,COX10,0.0800080572872759,-0.03635074604681
ENSG00000052723,SIKE1,0.0840652389652486,0.0134855716366136
ENSG00000189212,DPY19L2P1,-0.0111554248648764,-0.160065985117691
ENSG00000103024,NME3,-0.0048347800652399,0.112775581949653
ENSG00000151553,FHIP2A,0.0225436631029851,-0.0250704623440066
ENSG00000119599,DCAF4,0.0112322100111519,0.212338501420237
ENSG00000228049,POLR2J2,0.0898789171735191,0.0854369266272889
ENSG00000198258,UBL5,0.0155074555423486,-0.191116564267715
ENSG00000117569,PTBP2,0.0841559439674866,-0.0296880706999537
ENSG00000083838,ZNF446,0.0071224562105327,0.271121693120152
ENSG00000163006,CCDC138,0.0930128283314812,-0.204415192554914
ENSG00000131037,EPS8L1,-0.007398753902078,0.0598907206109357
ENSG00000228223,HCG11,0.0004594077172058,0.115747952160117
ENSG00000167565,SERTAD3,0.0739911469932976,-0.054484628862957
ENSG00000212907,ND4L,0.103349962847585,-0.378559806212876
ENSG00000114416,FXR1,0.0266140508817097,-0.058902510388411
ENSG00000026036,RTEL1-TNFRSF6B,0.132194991528382,0.905996694608421
ENSG00000073464,CLCN4,0.0918915048934714,0.347561576744612
ENSG00000009844,VTA1,0.080079035156724,0.0960568197540266
ENSG00000186665,C17orf58,-0.0252752375866644,-0.254687794214202
ENSG00000244161,FLNB-AS1,0.160869649210395,0.373763062443144
ENSG00000056586,RC3H2,0.0250943428694963,-0.0101402179550976
ENSG00000173928,SWSAP1,0.16543784486745,-0.463029662967782
ENSG00000077238,IL4R,0.0760548447063894,0.339820815090681
ENSG00000163964,PIGX,0.0945458927099242,0.088800465955413
ENSG00000105963,ADAP1,0.139913968570957,-0.0162559619143066
ENSG00000102804,TSC22D1,0.0298572082052887,0.311079024474414
ENSG00000267041,ZNF850,0.117979974524368,-0.657229657842057
ENSG00000110446,SLC15A3,0.0877588049412489,-0.179599949134002
ENSG00000177030,DEAF1,0.0810663955835837,0.0501684791464141
ENSG00000104783,KCNN4,0.0802952643571515,0.21246435249593
ENSG00000167114,SLC27A4,0.0800482145544028,-0.081627875692378
ENSG00000178700,DHFR2,-0.0011167397598972,-0.0395379266105255
ENSG00000112245,PTP4A1,-0.0057930246781037,0.38191698016853
ENSG00000232838,PET117,0.151712257323146,-0.146425529150319
ENSG00000168672,LRATD2,0.0172567148159156,0.127174549763717
ENSG00000132604,TERF2,0.0734125268693178,0.0922384666538958
ENSG00000236204,LINC01376,-0.0301269309787596,0.619795628400157
ENSG00000084676,NCOA1,0.0734729394962466,-0.0378513509965433
ENSG00000248508,SRP14-DT,0.121444927825472,0.142643240255704
ENSG00000070770,CSNK2A2,0.0289626396199217,-0.032671070174018
ENSG00000117713,ARID1A,0.072378744485849,0.0119251854454518
ENSG00000269713,NBPF9,0.0750339171181113,0.176017428948528
ENSG00000177570,SAMD12,0.24565289313199,0.309036271674803
ENSG00000183153,GJD3,0.16839983311304,-0.250872917860539
ENSG00000220793,RPL21P119,-0.0123650709707516,-0.181010879618168
ENSG00000104859,CLASRP,0.0855897335468323,0.318380589127428
ENSG00000114742,WDR48,0.07674437578401,0.125568844004944
ENSG00000221817,PPP3CB-AS1,-0.0156300280583224,0.340714157526267
ENSG00000140264,SERF2,0.0702801114475891,-0.213994669672935
ENSG00000101276,SLC52A3,-0.0148075186911586,0.259908708042916
ENSG00000171843,MLLT3,0.0746449126985308,0.162104092392856
ENSG00000112983,BRD8,0.0751058431146351,-0.069682776774753
ENSG00000242071,RPL7AP6,0.0088571907228665,-0.267342178151729
ENSG00000147408,CSGALNACT1,0.026793230645829,0.378512955946803
ENSG00000164074,ABHD18,0.0116767094530776,0.099947628621922
ENSG00000083937,CHMP2B,0.07597037625023,0.144424569597327
ENSG00000110429,FBXO3,0.0194736520981275,0.120651151027671
ENSG00000176401,EID2B,0.130426955841046,-0.44100694374063
ENSG00000077585,GPR137B,0.103691619831724,-0.0140445737878176
ENSG00000206344,HCG27,-0.052749884087038,0.184813422279598
ENSG00000130052,STARD8,0.124040791503843,0.243132456231908
ENSG00000227110,LMCD1-AS1,NA,NA
ENSG00000227345,PARG,0.0766929379436918,0.0408877820666175
ENSG00000232656,IDI2-AS1,-0.06965544309877,0.378646650702995
ENSG00000092096,SLC22A17,-0.0067468277543052,0.362829447388882
ENSG00000074855,ANO8,0.103321424582755,0.507481812122567
ENSG00000184154,LRTOMT,NA,NA
ENSG00000277462,ZNF670,0.120205973496097,-0.190619022353619
ENSG00000168297,PXK,0.092371486440728,-0.064447452608979
ENSG00000064490,RFXANK,0.0870004085261068,0.197986698289612
ENSG00000267221,C17orf113,0.133028713382918,0.198723661277247
ENSG00000117597,UTP25,0.073096641454042,0.232535758140943
ENSG00000156639,ZFAND3,0.0286573738099301,0.221452855864543
ENSG00000197128,ZNF772,0.101110770825424,0.0798630949597695
ENSG00000164323,CFAP97,0.022705283659851,0.125786609349818
ENSG00000118432,CNR1,0.0969971190429897,-0.430281686383453
ENSG00000101019,UQCC1,0.0258945185643861,0.0337189445110715
ENSG00000117419,ERI3,0.0194964974654376,0.0609118760133049
ENSG00000136379,ABHD17C,0.0171035097104554,0.0393014635042719
ENSG00000105723,GSK3A,0.0709796266415511,-0.0451059208349384
ENSG00000130935,NOL11,0.019932922471539,-0.109363610750827
ENSG00000117395,EBNA1BP2,0.0195271076937837,-0.117425747001339
ENSG00000103510,KAT8,0.0801793790704757,-0.00328488347406439
ENSG00000158089,GALNT14,0.0774952938393826,-0.274694555607361
ENSG00000108828,VAT1,0.0722703575901262,0.212338959276784
ENSG00000139574,NPFF,-0.065194438995102,0.356181397341438
ENSG00000067533,RRP15,0.0830389231456169,0.086258260818712
ENSG00000164221,CCDC112,0.122282105246719,-0.053833216071237
ENSG00000119227,PIGZ,-0.070237357627393,0.508001599988857
ENSG00000141519,CCDC40,-0.0366832719065012,0.316525832558054
ENSG00000092148,HECTD1,0.0692476698858783,0.0173267801111908
ENSG00000164252,AGGF1,0.0224924322716638,-0.0131129857627127
ENSG00000100097,LGALS1,0.0322843951909193,-0.064346421498857
ENSG00000117697,NSL1,0.0794847681159563,-0.097765002016227
ENSG00000163625,WDFY3,0.0676766744269627,0.0932935714151381
ENSG00000066651,TRMT11,0.0877974987384235,0.035633047882275
ENSG00000162896,PIGR,0.137248007521494,0.425151174600862
ENSG00000159147,DONSON,0.0150003245794918,-0.491737650135428
ENSG00000146963,LUC7L2,0.0280075815762937,0.0462081024024056
ENSG00000127995,CASD1,0.0145375217774738,0.23358558564829
ENSG00000090861,AARS1,0.0315235985674671,0.23352770208497
ENSG00000040275,SPDL1,0.0227380425502855,-0.416996684118735
ENSG00000256806,C17orf100,-0.0417695896233637,0.207137825312238
ENSG00000125746,EML2,0.0820436044571129,0.335892250876551
ENSG00000279727,LINC02033,-0.114825047676718,0.735823927512566
ENSG00000166188,ZNF319,0.0796263888058345,0.0391595815519966
ENSG00000123610,TNFAIP6,-0.060465371306875,0.102504619621231
ENSG00000174695,TMEM167A,0.0753222271371462,-0.0017811005493211
ENSG00000196604,POTEF,0.0979668564635362,0.0473114159431337
ENSG00000141034,GID4,0.0809132202689967,-0.0380772533840839
ENSG00000166454,ATMIN,0.0742003741797194,0.0629925268939071
ENSG00000257702,LBX2-AS1,0.110771138632907,0.40249908833504
ENSG00000119042,SATB2,0.0193833326304165,0.204450372759038
ENSG00000088002,SULT2B1,0.0933788395726515,0.678530893292401
ENSG00000145715,RASA1,0.0261033227110059,0.0270485097030443
ENSG00000169567,HINT1,0.0293934567819392,-0.050812394634117
ENSG00000135362,PRR5L,0.0173196604221421,0.100469525307416
ENSG00000024862,CCDC28A,0.115241111724019,0.0344142023286284
ENSG00000116406,EDEM3,0.0247152990407701,0.164977982226271
ENSG00000240024,LINC00888,0.122294177317268,0.291572919290959
ENSG00000183741,CBX6,0.0323293597148576,-0.17548089982851
ENSG00000083093,PALB2,0.0233997869313222,0.0302887500317928
ENSG00000101443,WFDC2,-0.00396151478369899,-0.363395508548935
ENSG00000173171,MTX1,0.0094605025239521,-0.0366254774815319
ENSG00000119812,FAM98A,NA,NA
ENSG00000164904,ALDH7A1,0.0252918137304421,-0.087786073953605
ENSG00000153558,FBXL2,0.088516038085736,0.309134436106423
ENSG00000189308,LIN54,0.0162383346898239,-0.171898549726209
ENSG00000175581,MRPL48,0.0889419295356464,-0.03984385611549
ENSG00000138829,FBN2,0.0276801981539378,0.461474151346696
ENSG00000119414,PPP6C,0.0246243992629325,0.0131497959171124
ENSG00000226383,LINC01876,-0.0377677529810638,0.0005614955969327
ENSG00000095321,CRAT,0.0867951050922111,0.0979471410549972
ENSG00000183092,BEGAIN,0.140290248075931,0.376869649001021
ENSG00000136478,TEX2,0.0237894489337859,-0.017100645599067
ENSG00000197763,TXNRD3,0.111308552684874,0.00791310784857981
ENSG00000182836,PLCXD3,0.107335585100956,0.0404769825513065
ENSG00000278619,MRM1,0.0163496642756725,-0.121678623674535
ENSG00000074266,EED,0.0198801671124248,0.0643215539018128
ENSG00000197020,ZNF100,-0.061968527042171,-0.151948022195927
ENSG00000235703,EOLA2-DT,0.0113130203278079,0.4340243349812
ENSG00000132005,RFX1,0.0139958230686186,0.0241168242833906
ENSG00000139668,WDFY2,0.0275483807091478,0.212077705792434
ENSG00000198169,ZNF251,0.0844745229873255,0.373195172287301
ENSG00000116095,PLEKHA3,0.0249663537949859,0.048248326159973
ENSG00000179304,FAM156B,0.0834549050983196,0.0165884484735235
ENSG00000271122,HERPUD2-AS1,0.101450781331567,0.161102898422622
ENSG00000120322,PCDHB8,0.113953443876387,-0.900830188399179
ENSG00000137500,CCDC90B,0.0225801309583198,0.0745180442341049
ENSG00000198721,ECI2,0.0832079148420252,-0.051793733040168
ENSG00000133028,SCO1,0.0257811305786515,0.112685855985535
ENSG00000173511,VEGFB,0.0840032291629716,0.0747909165340191
ENSG00000275993,LOC102724428,0.0675002997490394,0.349383539446263
ENSG00000109079,TNFAIP1,0.0685150524075869,0.112694058575041
ENSG00000122965,RBM19,0.0249486437366205,0.104883883236366
ENSG00000103174,NAGPA,0.003764822120638,0.208643748063302
ENSG00000254837,LIPT2-AS1,0.145666928358119,0.0485743085788724
ENSG00000212123,PRR22,0.16638719447034,0.137002441923966
ENSG00000135951,TSGA10,0.106151215537549,0.153458263945052
ENSG00000205560,CPT1B,0.0978229780747308,0.0049955056204119
ENSG00000086189,DIMT1,0.0894295416720386,-0.170442735132128
ENSG00000168710,AHCYL1,0.0692451893544902,0.160520986509192
ENSG00000139372,TDG,0.0781765480187606,0.0267404666201015
ENSG00000154678,PDE1C,0.007239275063471,0.53859782723605
ENSG00000083635,NUFIP1,0.0930233974662944,-0.072760129333624
ENSG00000184209,SNRNP35,0.0071623029175448,-0.089704492999124
ENSG00000164463,CREBRF,0.0048825852423887,0.632581443057927
ENSG00000165671,NSD1,0.0331240712992794,0.109210521412029
ENSG00000177602,HASPIN,0.015156134193591,-0.449906265060759
ENSG00000111325,OGFOD2,-0.002146550334235,0.159089813107118
ENSG00000010278,CD9,0.0798576862616142,-0.100702639144543
ENSG00000212916,MAP10,-0.0100719010388675,0.232451937739873
ENSG00000139531,SUOX,0.0828605889119092,0.103870838576265
ENSG00000196358,NTNG2,-0.0051110651071384,0.406999156547928
ENSG00000092964,DPYSL2,0.0325857685694372,0.0493512221801355
ENSG00000172748,ZNF596,-0.060545488657484,0.144992755771537
ENSG00000273784,HNRNPA1L2,-0.0185047403919496,0.232299759597061
ENSG00000172671,ZFAND4,0.0030618411469686,-0.081730996767987
ENSG00000106976,DNM1,0.0694812818692311,0.0762263387313993
ENSG00000133103,COG6,0.0922438610872083,0.099485964436491
ENSG00000163104,SMARCAD1,0.022917143937669,0.103824342489258
ENSG00000165029,ABCA1,0.0217004669304328,1.05487984947723
ENSG00000131779,PEX11B,0.0130022706110278,-0.063387117644665
ENSG00000186529,CYP4F3,0.0136297480448384,0.0779067150488867
ENSG00000198298,ZNF485,0.127091282727991,-0.0438451077104969
ENSG00000156381,ANKRD9,0.083554707048087,-0.092065487298014
ENSG00000214447,FAM187A,0.676330011866722,-0.361915806342871
ENSG00000115806,GORASP2,0.0312673304014301,-0.132242343831695
ENSG00000273002,ARHGEF2-AS2,0.16417421998643,0.181855077464312
ENSG00000245694,CRNDE,NA,NA
ENSG00000109680,TBC1D19,0.102973031449865,0.0785356677971237
ENSG00000105063,PPP6R1,0.0317177478543681,0.0446265570717607
ENSG00000204540,PSORS1C1,0.0095539372557626,0.402115894282249
ENSG00000101596,SMCHD1,0.0709566708717626,-0.0320407066173227
ENSG00000283050,GTF2IP12,0.00516750886333271,0.166209207628986
ENSG00000175344,CHRNA7,-0.0130393947635035,0.187909729921524
ENSG00000170364,SETMAR,0.103811867098956,-0.16329385886376
ENSG00000115590,IL1R2,-0.0419478978287199,0.10760280202323
ENSG00000124789,NUP153,0.0703328978486404,-0.07585562147007
ENSG00000068120,COASY,0.0285382012922852,0.12541769876002
ENSG00000247400,DNAJC3-DT,0.161906447440891,0.107037672705896
ENSG00000161533,ACOX1,0.0741449138416505,0.157594405206637
ENSG00000152253,SPC25,0.0932826474215807,-0.562344841780155
ENSG00000105778,AVL9,0.0300970026713784,0.132204404143928
ENSG00000162607,USP1,0.0221194239243751,-0.230537432264126
ENSG00000165124,SVEP1,0.0707403414166694,0.502929585338883
ENSG00000157399,ARSL,0.0244852384907659,0.195705973739276
ENSG00000110435,PDHX,0.0174762695349523,0.275615722764799
ENSG00000152382,TADA1,0.0130227839309454,-0.107795740837886
ENSG00000177853,ZNF518A,0.072157035399531,0.176293093302582
ENSG00000155792,DEPTOR,0.165541381783529,0.312596189600686
ENSG00000156103,MMP16,0.150756287504951,-0.375287775173126
ENSG00000111596,CNOT2,0.029249169169641,0.0158663458698106
ENSG00000108953,YWHAE,0.0342892527431733,-0.092154490566276
ENSG00000118162,KPTN,0.088606657129198,0.0119661911081707
ENSG00000239779,WBP1,0.0826479990306972,0.051026079861161
ENSG00000178464,RPL10P16,0.0264991349971725,-0.172723040832066
ENSG00000183684,ALYREF,0.0741435600069839,-0.531991601653484
ENSG00000161013,MGAT4B,0.0288732196918964,0.250257803338838
ENSG00000134317,GRHL1,0.115924002931288,-0.068069387782258
ENSG00000120438,TCP1,0.0675034672432961,-0.262133856052484
ENSG00000205758,CRYZL1,0.0897371121645072,-0.033630538718333
ENSG00000177595,PIDD1,0.086509896097342,0.207746765881658
ENSG00000160781,PAQR6,0.102578202812604,0.874726565549556
ENSG00000102174,PHEX,-0.0305629631452045,-0.14494864566363
ENSG00000175048,ZDHHC14,0.100351703971828,-0.054110787299674
ENSG00000183426,NPIPA1,NA,NA
ENSG00000135776,ABCB10,0.0158577005412484,-0.070610054785951
ENSG00000164638,SLC29A4,0.0169153330792214,0.53994000951716
ENSG00000095066,HOOK2,0.0908447984980285,0.297387996313456
ENSG00000276700,RNA5-8SN4,-0.0360094308576211,-0.158738898235868
ENSG00000151687,ANKAR,0.111737454726448,-0.0120620721402681
ENSG00000117036,ETV3,0.0287346558645594,0.0475547245415774
ENSG00000243650,RN7SL834P,0.138046098440038,0.107278225929778
ENSG00000127948,POR,0.0329652072737263,0.158842450077802
ENSG00000165055,METTL2B,0.0777386904735979,-0.074198161452177
ENSG00000137364,TPMT,0.0954596307557897,0.103737881586816
ENSG00000215712,TMEM242,0.103464805438988,0.144329271354044
ENSG00000111142,METAP2,0.0207371554699789,0.0413430246492172
ENSG00000204604,ZNF468,0.114835271215358,-0.0443321661249681
ENSG00000104643,MTMR9,0.0772237836604248,0.119670768109015
ENSG00000106077,ABHD11,0.0120037227712139,-0.137929168544119
ENSG00000204767,INSYN2B,-0.0363593716406729,-0.452869187647551
ENSG00000006837,CDKL3,0.153536342241547,0.172786948969968
ENSG00000145332,KLHL8,0.0818217953777345,-0.0334868647654094
ENSG00000137497,NUMA1,0.0708171748339833,0.0411526857730353
ENSG00000141570,CBX8,0.0164282564427003,-0.137604100475784
ENSG00000185973,TMLHE,0.0847513954608144,0.0952321175673169
ENSG00000262576,PCDHGA4,0.111705844333711,-0.136563653330686
ENSG00000163517,HDAC11,0.0040330883101344,0.0747248560884138
ENSG00000248449,PCDHGB8P,-0.0447800313724022,0.0928437757967023
ENSG00000146205,ANO7,-0.0102810820239079,0.0561861884028546
ENSG00000178996,SNX18,0.0162662069625281,0.106197626681423
ENSG00000169047,IRS1,0.0317707983843888,0.15406272606455
ENSG00000014919,COX15,0.0707489237195686,0.0192058539371101
ENSG00000196975,ANXA4,0.032110549777142,0.342291836851667
ENSG00000215417,MIR17HG,-0.0091160461152675,-0.074525758451254
ENSG00000241399,CD302,-0.0217046751069154,0.314445700654769
ENSG00000145365,TIFA,-0.0014587345543741,-0.0261492174706268
ENSG00000172331,BPGM,0.0892703872098053,-0.083975428817513
ENSG00000145743,FBXL17,0.0199995182723749,0.176447415924732
ENSG00000146463,ZMYM4,0.0318658783669611,0.0978979427722632
ENSG00000144848,ATG3,0.0746883585404663,-0.130617041790637
ENSG00000151726,ACSL1,0.0736889352447708,0.0985144077349685
ENSG00000105829,BET1,0.0924135207526526,0.124389995548498
ENSG00000100647,SUSD6,0.0253772848707462,0.143616505544424
ENSG00000154839,SKA1,0.0906951364599735,-0.539705756461501
ENSG00000100288,CHKB,-0.078396812104581,0.288386545417541
ENSG00000197847,SLC22A20P,-0.0342186197921159,0.532037927173459
ENSG00000172336,POP7,0.0174575420029622,-0.244457898703317
ENSG00000164362,TERT,0.117888806924618,-0.359056432903504
ENSG00000141867,BRD4,0.0688670501941444,0.125959401585451
ENSG00000120370,GORAB,0.0888819554889482,0.133492797203272
ENSG00000165943,MOAP1,0.0944626228880476,0.0658981316319258
ENSG00000137955,RABGGTB,0.074408828451725,-0.039718229874235
ENSG00000018699,TTC27,0.0246803963799075,-0.069263983785994
ENSG00000156502,SUPV3L1,0.0817724822097125,0.0915735780863834
ENSG00000176720,BOK,0.0163303413719794,-0.07795121301741
ENSG00000140987,ZSCAN32,0.0165686382826883,0.143486737849663
ENSG00000171262,FAM98B,0.0076774019074153,0.0141282514948517
ENSG00000136111,TBC1D4,0.0245969421288446,-0.164066117163764
ENSG00000177383,MAGEF1,0.0841876612411844,-0.157539303106269
ENSG00000158079,PTPDC1,0.082190770845788,-0.026408689510555
ENSG00000134905,CARS2,0.0244768469471161,0.142461014000396
ENSG00000064995,TAF11,0.0831610603560338,0.0081579439368204
ENSG00000187866,PABIR1,0.0135076891231062,0.067547669196411
ENSG00000245213,GALNT7-DT,0.0948145255954409,0.183474646007258
ENSG00000180574,EIF2S3B,0.0016415634402559,0.0574139741220956
ENSG00000198521,ZNF43,0.0855266855276913,-0.457819352436215
ENSG00000065060,UHRF1BP1,0.0679680947806386,0.144325835192983
ENSG00000227372,TP73-AS1,0.07826667173057,0.128283260659454
ENSG00000172878,METAP1D,0.0952802662534234,0.132436415745545
ENSG00000088766,CRLS1,0.0836241490219024,0.264132960596344
ENSG00000100319,ZMAT5,0.102226431202137,-0.063092236475122
ENSG00000149115,TNKS1BP1,0.0659484767639703,0.026958963189351
ENSG00000126070,AGO3,0.0712875007378809,0.11352434141449
ENSG00000180739,S1PR5,-0.088366498583572,0.0836004732997317
ENSG00000141504,SAT2,0.0930633553080615,0.336499223025426
ENSG00000065665,SEC61A2,0.0845255581147594,0.0964276334002946
ENSG00000141560,FN3KRP,0.0246070597758844,-0.360620203968443
ENSG00000143815,LBR,0.0281634019909318,-0.357798575625313
ENSG00000267270,PARD6G-AS1,-0.0227473389042964,0.133851227425782
ENSG00000271383,NBPF19,0.137113758316554,0.00464103034584711
ENSG00000234327,ZNF232-AS1,0.152430357067325,0.278193219349962
ENSG00000130304,SLC27A1,0.115230881298539,0.23137788513761
ENSG00000152910,CNTNAP4,0.140483635607638,-0.119905796638706
ENSG00000174951,FUT1,0.123194988798125,0.0488890028142423
ENSG00000153975,ZUP1,0.00770539567345591,0.192755828715236
ENSG00000112282,MED23,0.0225326381227443,0.231813324538471
ENSG00000188938,FAM120AOS,0.0262481163283734,0.0038751069274656
ENSG00000153207,AHCTF1,0.0683696264358182,-0.080629860063204
ENSG00000185261,KIAA0825,0.144496846058022,-0.0172703045392504
ENSG00000164930,FZD6,0.0808422967862934,0.098863108028507
ENSG00000119138,KLF9,0.0073453694116445,0.241504120710603
ENSG00000119888,EPCAM,0.0140617225563234,-0.271055428750828
ENSG00000116717,GADD45A,0.0848143319407196,0.0495198549004002
ENSG00000163781,TOPBP1,0.0713827221891993,-0.156864394953069
ENSG00000134987,WDR36,0.0249686344126366,-0.0121767391745562
ENSG00000099940,SNAP29,0.0755999668899503,-0.168856200977335
ENSG00000213020,ZNF611,0.0035602084994226,0.106941106737304
ENSG00000100360,IFT27,0.0832226629689385,0.0124764567499818
ENSG00000204815,ODAD4,0.13611471913933,0.0740333057811644
ENSG00000140450,ARRDC4,0.0965210160691782,-0.661271174644697
ENSG00000268403,LOC644656,-0.0392512818401952,0.214967851016997
ENSG00000196220,SRGAP3,0.097900111503895,0.128216310637275
ENSG00000253352,TUG1,0.0672898337554742,-0.0221462570803275
ENSG00000001617,SEMA3F,0.0796443296879352,0.292830151174243
ENSG00000145996,CDKAL1,0.0170311793936175,-0.0043248706185359
ENSG00000196083,IL1RAP,0.0126719334685276,0.374341044395228
ENSG00000140153,WDR20,0.0238254530407282,0.0574110849344921
ENSG00000243970,PPIEL,0.0934280104497578,0.411389294416759
ENSG00000117791,MTARC2,0.0947535446387935,0.118076573072586
ENSG00000119630,PGF,-0.0329927002616442,0.400391525871317
ENSG00000171295,ZNF440,0.134545147393343,-0.646353418408157
ENSG00000181638,ZFP41,0.027753454725217,-0.0208891030333784
ENSG00000120211,INSL4,0.0881709544927036,0.45150686863019
ENSG00000110031,LPXN,-0.00292731332670049,0.342557496712995
ENSG00000223572,CKMT1A,0.126699695941044,0.249663488114514
ENSG00000108666,C17orf75,0.0071824439486503,0.0346928511176096
ENSG00000170049,KCNAB3,0.144737328011165,0.431911833541573
ENSG00000159256,MORC3,0.0228896196538601,0.304951875340399
ENSG00000160993,ALKBH4,0.101853602206981,-0.259882387755954
ENSG00000023228,NDUFS1,0.0278619383519202,0.117686169549869
ENSG00000143590,EFNA3,0.129610258837772,0.372636733606299
ENSG00000104343,UBE2W,0.0247367521693222,0.0659733823203234
ENSG00000113248,PCDHB15,-0.0341353815452633,-0.285205864512472
ENSG00000146904,EPHA1,-0.0332407535221072,-0.311410388435514
ENSG00000089009,RPL6,0.0714910683166552,-0.11907597690303
ENSG00000104824,HNRNPL,0.0698630763690868,-0.287503527714307
ENSG00000183298,RPSAP19,0.122231544552094,-0.15710032813899
ENSG00000107371,EXOSC3,0.0170746289050807,-0.0392148174577079
ENSG00000171735,CAMTA1,0.0877655383812515,0.0911639370067636
ENSG00000213983,AP1G2,0.0728420238557983,0.301092794801549
ENSG00000251138,LINC02882,0.11502503467976,0.650645001764463
ENSG00000164118,CEP44,0.0048805442481543,-0.062105359114134
ENSG00000185019,UBOX5,0.0801212379634882,0.138286052195306
ENSG00000119969,HELLS,0.0291770024619714,-0.108805513346209
ENSG00000131669,NINJ1,0.0742575934652854,0.0336559676883363
ENSG00000165406,MARCHF8,0.0793282373397088,0.201276959827949
ENSG00000177733,HNRNPA0,0.0691839674921054,-0.206120671668332
ENSG00000261286,ATP2C2-AS1,0.101102178253135,0.369552640435199
ENSG00000161542,PRPSAP1,0.0759346127914692,-0.0155839345126429
ENSG00000115761,NOL10,0.0740638138335368,-0.058216263817223
ENSG00000090612,ZNF268,0.0218284626168522,0.113490428251332
ENSG00000108733,PEX12,0.0022519601134909,0.263500631683772
ENSG00000128641,MYO1B,0.0662282374943422,0.0553200503071654
ENSG00000205403,CFI,0.0152826137889073,0.242300712575051
ENSG00000073670,ADAM11,0.162806774910655,0.541886156262818
ENSG00000133302,SLF1,0.0791393233241464,-0.394082693303173
ENSG00000140948,ZCCHC14,0.0234749744303443,-0.0465250645480929
ENSG00000104341,LAPTM4B,0.0263225140016686,-0.0293119134061212
ENSG00000231742,LINC01273,0.159720516969564,0.236360348539701
ENSG00000100142,POLR2F,0.0859850172495237,-0.092595820144155
ENSG00000197279,ZNF165,0.109786188985895,-0.402517571354959
ENSG00000063854,HAGH,0.0795137756939941,0.110790251323008
ENSG00000115112,TFCP2L1,0.0174699009762814,-0.095194219560727
ENSG00000254860,TMEM9B-AS1,0.0162848226237907,0.323121947408779
ENSG00000100416,TRMU,0.0212624044284428,-0.052635937534206
ENSG00000126603,GLIS2,0.0722149942555112,-0.151690160212191
ENSG00000228412,LNC-LBCS,-0.058079437009778,0.252832980974531
ENSG00000102554,KLF5,0.0264371727791766,0.283392289593897
ENSG00000276345,LOC107987373,-0.194942706588938,-0.0226163393007812
ENSG00000148158,SNX30,0.0787482666821061,-0.153131710119929
ENSG00000141337,ARSG,0.115045476618619,0.500389009542958
ENSG00000100116,GCAT,0.14281453482798,-0.172328222354542
ENSG00000276255,LINC02809,0.119053793360081,0.20613044516922
ENSG00000112655,PTK7,0.0871239699022251,-0.314132675029675
ENSG00000204745,LOC102724642,0.002172758987597,-0.0375356321582888
ENSG00000106537,TSPAN13,0.0924187278621069,-0.078406770878385
ENSG00000275342,PRAG1,0.0675095376587218,0.339376875950289
ENSG00000152056,AP1S3,0.0759537666388034,0.110154623348306
ENSG00000250120,PCDHA10,0.0887749389183168,-0.296744418963324
ENSG00000169032,MAP2K1,0.0307892241829065,-0.061867335742571
ENSG00000268089,GABRQ,-0.0172636714350045,-0.444434560868089
ENSG00000094631,HDAC6,0.0304953469177351,0.114486876490441
ENSG00000095637,SORBS1,0.103352123526888,-0.202775011786561
ENSG00000090006,LTBP4,0.0754981499249806,0.0551862788104125
ENSG00000099810,MTAP,0.0798025905672982,-0.154564867187153
ENSG00000254109,RBPMS-AS1,-0.0234458214979909,0.0859616198218142
ENSG00000163412,EIF4E3,0.101762208078222,0.0491389770019828
ENSG00000169375,SIN3A,0.0302840584056517,-0.099237022877692
ENSG00000139737,SLAIN1,0.132038247559545,-0.068368689588542
ENSG00000107872,FBXL15,0.0041636977983973,0.111369909753033
ENSG00000006625,GGCT,0.0838208103601814,-0.391337462885075
ENSG00000118600,RXYLT1,0.0848070063302617,-0.097088887470824
ENSG00000147202,DIAPH2,0.0732353275002361,0.15578172020929
ENSG00000196449,YRDC,0.0908269666546753,0.0661775442064963
ENSG00000237187,NR2F1-AS1,0.0918515297266163,0.128231335536874
ENSG00000115998,C2orf42,0.0197527778492941,0.256589579389389
ENSG00000124391,IL17C,-0.0455762511775829,0.202049831717974
ENSG00000171791,BCL2,0.118324147061767,-0.319836883684985
ENSG00000245534,RORA-AS1,-0.060814354948856,-0.237059599044284
ENSG00000073614,KDM5A,0.0336900484784143,0.13026551416621
ENSG00000121281,ADCY7,0.027680883618706,-0.0317560732063043
ENSG00000173915,ATP5MK,0.0172232537693462,0.0573786930360985
ENSG00000184160,ADRA2C,-0.0183087001671199,0.0257897828358486
ENSG00000170448,NFXL1,0.0201795666755456,-0.0436359823114233
ENSG00000082438,COBLL1,0.0856814028552436,0.0980688044280008
ENSG00000155254,MARVELD1,0.0710628428991173,0.139579234603845
ENSG00000113068,PFDN1,0.0727020919976512,-0.131632670783037
ENSG00000118523,CCN2,0.0061496644788513,0.568609595777193
ENSG00000171150,SOCS5,0.0317688786124856,0.30009557903592
ENSG00000178295,GEN1,0.0738863664496875,-0.168581075365011
ENSG00000011028,MRC2,0.0330683725357623,0.299576238084071
ENSG00000165359,INTS6L,-0.0084917750283139,0.0734870522554777
ENSG00000130669,PAK4,0.0669112680973018,0.0268489883770863
ENSG00000182752,PAPPA,0.0649870726517323,0.392303182450928
ENSG00000270170,NCBP2AS2,0.0972119305177721,-0.242077838319711
ENSG00000178338,ZNF354B,0.0918207739473026,0.0496358521392655
ENSG00000253251,SHLD3,0.113353073648192,-0.168209086851796
ENSG00000175137,SH3BP5L,0.025723870636274,0.180980784531905
ENSG00000197170,PSMD12,0.0706046566713386,-0.055692412855493
ENSG00000137491,SLCO2B1,0.0990706969337726,-0.0101627032491227
ENSG00000105618,PRPF31,0.0289400200366694,0.104265987808028
ENSG00000081154,PCNP,0.08025887620697,0.136734796566281
ENSG00000103199,ZNF500,0.0776254138846942,0.117392529523862
ENSG00000248487,ABHD14A,0.0047063694532483,-0.179822247128177
ENSG00000139116,KIF21A,0.0305091137747184,0.0203103980369089
ENSG00000106125,MINDY4,0.0938367760084633,0.167265457857298
ENSG00000158691,ZSCAN12,0.0778643814342602,-0.234943731098999
ENSG00000070882,OSBPL3,0.0721840589074546,0.141438201388949
ENSG00000143970,ASXL2,0.0343470976083323,0.10385821264381
ENSG00000247151,CSTF3-DT,-0.057106126381963,-0.379117649178079
ENSG00000166192,SENP8,-0.0085338963328227,0.0035239197338276
ENSG00000100294,MCAT,0.0871335686271212,-0.165468813581019
ENSG00000146386,ABRACL,0.0972424558864408,-0.154554498952409
ENSG00000213221,DNLZ,-0.017086938250054,-0.213769904415767
ENSG00000148341,SH3GLB2,0.0746422590465408,0.0099511486576403
ENSG00000107554,DNMBP,0.0679593073718158,0.0396869148567394
ENSG00000175806,MSRA,-0.00016047985844449,-0.010031840714328
ENSG00000164978,NUDT2,0.00998111528222721,-0.060287834738678
ENSG00000137817,PARP6,0.0321641288335152,0.275820605105316
ENSG00000177946,CENPBD1P,0.0126217019713864,-0.086971732900105
ENSG00000178385,PLEKHM3,0.0255624899610773,0.153179225993361
ENSG00000165195,PIGA,0.0844475730031242,0.0091409133752911
ENSG00000198093,ZNF649,0.127599507567003,-0.274904017053161
ENSG00000161904,LEMD2,0.026364717226384,0.125201169155887
ENSG00000078487,ZCWPW1,0.141873490778783,-0.389031287273899
ENSG00000183520,UTP11,0.0813838988753156,-0.128348760435319
ENSG00000146007,ZMAT2,0.0274614350979974,0.0043844275523313
ENSG00000109576,AADAT,0.0930226825785478,-0.0417795491292734
ENSG00000172943,PHF8,0.0286847773054747,-0.0060703758652421
ENSG00000146556,WASH2P,0.0035755583973138,-0.067495150849159
ENSG00000006047,YBX2,0.151501356845416,0.127325411532048
ENSG00000043514,TRIT1,0.0823869903118322,0.0457157822388423
ENSG00000125459,MSTO1,0.0248340231120764,0.056008637590807
ENSG00000120341,SEC16B,NA,NA
ENSG00000117625,RCOR3,0.0753590164211097,0.235386197234285
ENSG00000135960,EDAR,-0.0490557597542042,-0.47313440425047
ENSG00000119514,GALNT12,0.0909486373038663,0.184970994130857
ENSG00000104907,TRMT1,0.0779021627719541,0.104525764899652
ENSG00000128039,SRD5A3,0.0896679229147139,-0.259851683909659
ENSG00000100281,HMGXB4,0.0773252676149601,-0.183274338008026
ENSG00000169902,TPST1,0.0108606180013318,-0.0494187400291612
ENSG00000221994,ZNF630,0.134817573546188,0.167438402686918
ENSG00000225423,TNPO1P1,-0.0357500050596084,0.305322840858745
ENSG00000123575,FAM199X,0.0699513734595038,0.0300124656844485
ENSG00000148344,PTGES,0.0743545447068882,0.0492126873099083
ENSG00000130193,THEM6,0.0236421720049332,-0.170606006670234
ENSG00000230002,ALMS1-IT1,-0.0400410349370048,0.0455613745614273
ENSG00000178445,GLDC,0.0227774530361192,0.657519412169112
ENSG00000158792,SPATA2L,0.0094180853460203,0.0652116000185079
ENSG00000127540,UQCR11,0.0261005257263938,-0.087741770111195
ENSG00000115073,ACTR1B,0.0224205353812407,0.177628435409767
ENSG00000172201,ID4,0.122132378849593,0.536934966412182
ENSG00000145217,SLC26A1,-0.0327667406616304,-0.080025419268828
ENSG00000240230,COX19,0.0816913515301547,0.1332147200722
ENSG00000240184,PCDHGC3,0.0125251065694211,-0.336519270867849
ENSG00000178913,TAF7,0.0277507393694776,0.0026239548520543
ENSG00000137806,NDUFAF1,0.0080704618440938,-0.089086847513436
ENSG00000121940,CLCC1,0.0727938023299259,0.0980671436294181
ENSG00000180900,SCRIB,0.0665798305041335,0.0175437662977535
ENSG00000113595,TRIM23,0.0872183760140072,0.0055423961658825
ENSG00000239291,RPS2P47,-0.0428507134889728,0.323475592983241
ENSG00000095574,IKZF5,0.0167706542814935,0.112164616466843
ENSG00000153363,LINC00467,0.113447499203116,0.0189410971364109
ENSG00000183665,TRMT12,0.016656470595684,-0.084301861800228
ENSG00000214999,LOC107985075,0.124879329302204,-0.411230315873438
ENSG00000168000,BSCL2,-0.083999093445063,-0.568058835562343
ENSG00000250479,CHCHD10,0.0845838939749448,-0.0142559898055907
ENSG00000236432,MFF-DT,0.140552192028429,0.253027484956163
ENSG00000247516,MIR4458HG,0.141626892471459,-0.197858215132552
ENSG00000154328,NEIL2,0.0140470453331086,-0.391912175457342
ENSG00000184428,TOP1MT,0.0771366526158034,0.0334632039335267
ENSG00000160194,NDUFV3,0.021857318140941,0.0444179152279719
ENSG00000198892,SHISA4,0.10403040411877,0.0040470081150176
ENSG00000067082,KLF6,0.0681149229821569,0.322795370456838
ENSG00000159788,RGS12,0.0174188563209929,-0.158330655058859
ENSG00000239523,MYLK-AS1,-0.0065545248000466,-0.469622290840856
ENSG00000161243,FBXO27,0.129992827978656,-0.0475887579466135
ENSG00000100802,C14orf93,0.0876613017445932,0.0823051503851224
ENSG00000177425,PAWR,0.0316646789035045,-0.17221913434474
ENSG00000213585,VDAC1,0.0304846740988781,-0.084252498299478
ENSG00000236670,KRT18P5,-0.0379450588043658,-0.171516101842506
ENSG00000197037,ZSCAN25,0.0754567281968802,0.0586873323473528
ENSG00000166887,VPS39,0.068387608575882,0.244321043775202
ENSG00000104979,C19orf53,0.0858474942067791,-0.233574002512162
ENSG00000165733,BMS1,0.0332811477331571,-0.075453854983651
ENSG00000068323,TFE3,0.033232814682633,0.0556789555719112
ENSG00000087157,PGS1,0.0256985070926697,0.139809133142186
ENSG00000179262,RAD23A,0.0267205656701756,0.0032272646595032
ENSG00000283632,EXOC3L2,-0.0361166736454839,0.70387351572262
ENSG00000146232,NFKBIE,0.0922296525335603,-0.05890669956718
ENSG00000204599,TRIM39,0.0162389872204419,-0.011873565953562
ENSG00000129946,SHC2,0.128281569527778,1.09632837881482
ENSG00000180329,CCDC43,0.0753300483982188,-0.00901866638655269
ENSG00000166123,GPT2,0.0281848346367996,0.104356710100052
ENSG00000177721,ANXA2R,-0.0244286760781297,-0.178541508968928
ENSG00000231607,DLEU2,0.0138738887385455,-0.248849985913336
ENSG00000157350,ST3GAL2,0.032665468866247,0.131474114161392
ENSG00000168955,TM4SF20,0.0265836696161485,0.206381565403027
ENSG00000189007,ADAT2,0.093289901315182,-0.057886765692433
ENSG00000079257,LXN,0.0157783222150332,0.216888647041634
ENSG00000182621,PLCB1,0.0867374952533784,0.0729954593716159
ENSG00000135314,KHDC1,0.104901265228845,0.145903853625463
ENSG00000172478,MAB21L4,-0.0483371695739458,-0.566098310649435
ENSG00000237172,B3GNT9,0.00306176996042561,0.235545372664912
ENSG00000278817,LOC102724770,0.106532160145379,0.0869437623312555
ENSG00000198162,MAN1A2,0.0698233818505734,0.0009985609248242
ENSG00000122591,FAM126A,0.07272477417679,-0.105029905192654
ENSG00000160094,ZNF362,0.0205991208401913,0.16999806191296
ENSG00000133316,WDR74,0.0228351826662764,-0.109480445133279
ENSG00000285437,POLR2J3,0.073828355887044,0.0678630896727787
ENSG00000167232,ZNF91,0.0950145885409959,-0.091557419576065
ENSG00000065413,ANKRD44,0.0003640053125152,0.0895345502939522
ENSG00000139651,ZNF740,0.0688945033699189,0.161661357965858
ENSG00000007168,PAFAH1B1,0.0663672094817018,0.0037888036847458
ENSG00000168792,ABHD15,0.0260445410708002,-0.098772868200993
ENSG00000196917,HCAR1,-0.0372327928265737,0.0920423252470446
ENSG00000168778,TCTN2,0.0892850661109908,-0.0261570077942829
ENSG00000164163,ABCE1,0.0302294559727194,-0.101581208185767
ENSG00000183770,FOXL2,-0.0123587649906806,-0.126796068392209
ENSG00000197696,NMB,0.107734714681528,-0.210080444488235
ENSG00000144560,VGLL4,0.0259634560449888,0.0968839225500858
ENSG00000107130,NCS1,0.0250208970966072,-0.244236076474804
ENSG00000204348,DXO,0.0108179248303062,0.242634966539569
ENSG00000278530,CHMP1B2P,0.102879144630469,0.213226801335906
ENSG00000137413,TAF8,0.0726975567931301,0.112163983166111
ENSG00000213862,RPL7AP62,-0.046513112319307,0.0004010232477898
ENSG00000181016,LSMEM1,0.158223579296024,0.321399801920097
ENSG00000178567,EPM2AIP1,0.0266717042875211,-0.136608283070423
ENSG00000260807,CEROX1,0.169716084390084,-0.530868025109249
ENSG00000123091,RNF11,0.0240260136737998,0.219162957512796
ENSG00000160766,GBAP1,0.0809673502488034,0.178715319774447
ENSG00000281649,EBLN3P,0.0676337635402499,0.101249243108857
ENSG00000196531,NACA,0.0322329178426965,-0.0329100723160133
ENSG00000235919,ASH1L-AS1,0.118503259866035,0.0186649987718441
ENSG00000176076,KCNE5,-0.0359953487818664,0.652017725527526
ENSG00000158019,BABAM2,0.0321508782115958,0.220658208837408
ENSG00000061938,TNK2,0.0236328813313898,0.0197476306084726
ENSG00000171931,FBXW10,0.089665237847379,0.324405602626577
ENSG00000160886,LY6K,-0.0082668877888867,-0.607203794703318
ENSG00000117461,PIK3R3,0.0223659746673969,-0.188583976977101
ENSG00000118046,STK11,0.0761926927732238,0.111327035752803
ENSG00000107738,VSIR,0.0216981583761337,0.339834236582275
ENSG00000136378,ADAMTS7,0.0833099022474889,0.28823541406787
ENSG00000280924,LINC00628,0.135249009616982,-0.324058665608509
ENSG00000204237,OXLD1,0.0814476144293371,0.0375854339794693
ENSG00000108587,GOSR1,0.0659888188462997,0.0180786763608609
ENSG00000074964,ARHGEF10L,0.0259182352377333,0.0908184193336332
ENSG00000144228,SPOPL,0.0213334246134787,0.0440338719114354
ENSG00000124783,SSR1,0.0354615121317867,0.0109242045641427
ENSG00000168522,FNTA,0.0705458956539531,0.0154270762299136
ENSG00000198585,NUDT16,0.0748267355550425,-0.074363260972108
ENSG00000248971,KRT8P46,-0.00645562041551689,-0.102132230477481
ENSG00000168591,TMUB2,0.0247142680586538,0.159165848404082
ENSG00000229425,LOC101927745,NA,NA
ENSG00000011478,QPCTL,0.0846270343642653,-0.0419674279313973
ENSG00000133895,MEN1,0.0270929864897262,-0.125494418529808
ENSG00000165046,LETM2,0.0978808959890479,-0.234392517831931
ENSG00000102452,NALCN,0.102663320447662,-0.054687482446487
ENSG00000205138,SDHAF1,0.0894443693568771,-0.198078152721972
ENSG00000165591,FAAH2,0.105491482076644,0.41341857569195
ENSG00000102221,JADE3,0.0289556512334707,-0.088240041550839
ENSG00000048342,CC2D2A,0.0204332085311048,0.018373027355556
ENSG00000179010,MRFAP1,0.0302358241469051,-0.089948305885025
ENSG00000177105,RHOG,0.0290674582501119,-0.078532255381608
ENSG00000155368,DBI,0.0212589007060153,-0.284661576468539
ENSG00000074211,PPP2R2C,0.0701219643635814,-0.084617058164374
ENSG00000267882,LOC100131496,-0.0452994245016122,0.109657339773111
ENSG00000178105,DDX10,0.0719522810811272,-0.0206519533347595
ENSG00000164309,CMYA5,0.131250875652088,0.197570498102441
ENSG00000086598,TMED2,0.0331652774793103,-0.072831477531871
ENSG00000184304,PRKD1,0.0839726394907729,0.0385235941606528
ENSG00000140104,CLBA1,0.087497418995588,0.198166494661911
ENSG00000143554,SLC27A3,-0.00344692847175559,0.162246563405093
ENSG00000119636,BBOF1,0.152743702968052,0.0967163441937738
ENSG00000247746,USP51,0.147265781031404,-0.353572525816291
ENSG00000278535,DHRS11,0.092713620838001,-0.38996531036058
ENSG00000094880,CDC23,0.0295938420414221,-0.245463319409088
ENSG00000100813,ACIN1,0.0652699830089874,0.0641492083876309
ENSG00000101654,RNMT,0.0709906903306744,0.186522338144741
ENSG00000228166,MTND1P11,0.178087854937378,0.389183399317764
ENSG00000175274,TP53I11,0.0266719454484031,0.0360650105833519
ENSG00000176393,RNPEP,0.0340772247275611,0.0203755764449815
ENSG00000133318,RTN3,0.0338584294597206,-0.064827362408167
ENSG00000136895,GARNL3,0.098267929215941,0.045345349380935
ENSG00000224536,CSRP1-AS1,0.121443407376521,0.059371959544965
ENSG00000184319,RPL23AP7,NA,NA
ENSG00000163684,RPP14,0.0740614002782428,0.0249715779640813
ENSG00000135622,SEMA4F,0.0736663284754766,-0.105772648552153
ENSG00000136826,KLF4,0.0225608553626693,0.225845217816671
ENSG00000273899,NOL12,0.0153005207937622,-0.179047363330113
ENSG00000188511,MIR3667HG,-0.053233173279179,-0.331180677222008
ENSG00000108344,PSMD3,0.0354562368583174,-0.128506988847514
ENSG00000140157,NIPA2,0.0250380122954636,0.0700248696779764
ENSG00000154059,IMPACT,0.080744465816231,0.16584769561563
ENSG00000137509,PRCP,0.0708881902616471,0.0403544729968457
ENSG00000277075,H2AC8,0.127736078093523,-0.2549470547046
ENSG00000156398,SFXN2,0.0875902909569143,0.129557056925799
ENSG00000188811,NHLRC3,0.0197269887958164,0.126293034391542
ENSG00000113749,HRH2,0.0008950951160778,-0.0239325557466056
ENSG00000035681,NSMAF,0.0683623788912008,0.0537802503114239
ENSG00000126804,ZBTB1,0.0717410991256986,0.455892889521599
ENSG00000051009,FHIP1B,0.0249433109417108,0.171724015738229
ENSG00000005156,LIG3,0.0314269388363299,-0.109029498894817
ENSG00000121851,POLR3GL,0.0975131930415974,-0.09800640444671
ENSG00000213930,GALT,0.0115456565622724,0.306834757956625
ENSG00000138835,RGS3,0.0712250283324157,-0.313018564944585
ENSG00000145782,ATG12,0.0274022009506359,0.200099426270712
ENSG00000129925,PGAP6,0.0674410491159942,0.245124774821518
ENSG00000166562,SEC11C,0.0867723557253493,-0.078278811869718
ENSG00000169246,NPIPB3,0.0772515240805535,0.333525000362312
ENSG00000286264,LOC114841035,0.16632666092957,-0.689881565252928
ENSG00000133687,TMTC1,0.154389474542762,0.388313112340079
ENSG00000165269,AQP7,NA,NA
ENSG00000180210,F2,0.105474720164359,0.0593525414616215
ENSG00000161551,ZNF577,-0.025159838852455,-0.522544667877601
ENSG00000172728,FUT10,0.0228118447875097,0.0716349039322058
ENSG00000055130,CUL1,0.0666518471638654,-0.087064780176715
ENSG00000136936,XPA,0.0941307695229226,0.0364641365670459
ENSG00000169155,ZBTB43,0.0725836029222426,0.12600636019059
ENSG00000176912,TYMSOS,-0.054815957358765,0.565334077081905
ENSG00000197782,ZNF780A,0.0701783705656576,0.188484918768844
ENSG00000164535,DAGLB,0.0805941822808854,-0.085672240070737
ENSG00000229994,RPL5P4,0.134119238771356,-0.0314306808612266
ENSG00000136319,TTC5,0.0769389445617702,0.106083457571144
ENSG00000179604,CDC42EP4,0.0309517842423383,-0.060271602974836
ENSG00000163521,GLB1L,0.0043578310768189,-0.0168709509487965
ENSG00000001084,GCLC,0.0669511927688754,-0.083965735175937
ENSG00000105701,FKBP8,0.0322484236713153,0.04964497676042
ENSG00000139684,ESD,0.0745523334969645,-0.163580251031646
ENSG00000166199,ALKBH3,0.0838361821761669,0.158075935835301
ENSG00000171016,PYGO1,0.0261165445347558,0.032561914663684
ENSG00000119673,ACOT2,0.0258363661497058,0.073854647257449
ENSG00000146535,GNA12,0.0332050115070404,-0.079076385629923
ENSG00000182150,ERCC6L2,0.0683846851723813,0.183649330454822
ENSG00000186908,ZDHHC17,0.0282207302864004,0.182271242320855
ENSG00000171940,ZNF217,0.0663214931160062,0.0160196582477466
ENSG00000196655,TRAPPC4,0.0226250600587527,-0.0334571536550421
ENSG00000184489,PTP4A3,-0.0148312562257033,1.27281745166163
ENSG00000204386,NEU1,0.023597409947059,0.211557208321005
ENSG00000161981,SNRNP25,0.0193395800545698,-0.297177999441746
ENSG00000162236,STX5,0.0292559185321878,-0.0449171260159965
ENSG00000225953,SATB2-AS1,0.13824010741626,-0.0093733383003651
ENSG00000102030,NAA10,0.03100741398841,-0.072647851597078
ENSG00000251209,LINC00923,0.0230178478308759,0.3273952930148
ENSG00000267106,ZNF561-AS1,-0.0100112309142365,0.459910204036839
ENSG00000258555,SPECC1L-ADORA2A,-0.475783845247186,1.65641124204522
ENSG00000120327,PCDHB14,0.116107022138041,-0.76369722003992
ENSG00000130066,SAT1,0.0351841622940028,0.185284859513735
ENSG00000141933,TPGS1,0.0084141808329714,0.0517819572922719
ENSG00000151090,THRB,0.074913288556181,0.282515140081527
ENSG00000267309,ZNF566-AS1,-0.0405484918264596,0.0330271924654538
ENSG00000116035,VAX2,-0.0014978898067862,0.0433289876695481
ENSG00000102805,CLN5,0.0209137663369488,-0.065766904489902
ENSG00000163638,ADAMTS9,0.0211163822492836,0.496066073186032
ENSG00000253767,PCDHGA8,-0.0248151984696603,-0.26733859335561
ENSG00000155008,APOOL,0.0755310643817028,0.103061242767995
ENSG00000129317,PUS7L,0.0297112269334336,0.0243537871063861
ENSG00000185133,INPP5J,0.140467211749436,0.634865347563654
ENSG00000230082,PRRT3-AS1,0.116397668995147,0.0854297691070425
ENSG00000235272,RAMACL,0.110708097014625,0.182199717798152
ENSG00000070269,TMEM260,0.0241895752637518,0.14627433424663
ENSG00000188611,ASAH2,-0.0036981198206272,0.126396134435733
ENSG00000241288,LINC02614,0.13726859379403,-0.233085698467249
ENSG00000184517,ZFP1,0.0818089631017632,-0.0477904933672474
ENSG00000167723,TRPV3,-0.0430580570289049,0.38617546354134
ENSG00000111254,AKAP3,-0.0417960381388377,0.0602471228341509
ENSG00000101132,PFDN4,0.0894034934604921,-0.148487520110362
ENSG00000100764,PSMC1,0.0280948878794497,-0.26000030968558
ENSG00000205155,PSENEN,0.0281665441728185,-0.0019567669659867
ENSG00000215717,TMEM167B,0.018543298879157,-0.0372579911421142
ENSG00000119906,SLF2,0.068348834076538,-0.082617016893288
ENSG00000120159,CAAP1,0.0902338060935135,0.112633091483973
ENSG00000166619,BLCAP,0.0684737985881709,0.011586509050152
ENSG00000070087,PFN2,0.0363294306485925,-0.146496480405927
ENSG00000120256,LRP11,0.00248987036605861,-0.0268809900509458
ENSG00000115808,STRN,0.0332098578746031,0.0797881027795953
ENSG00000106404,CLDN15,0.0146119994214855,0.474516651744988
ENSG00000091513,TF,-0.0212401088369151,0.547104186302754
ENSG00000273703,H2BC14,0.070704271887159,-0.388422641688177
ENSG00000250317,SMIM20,0.0976595586518644,-0.205346353573314
ENSG00000146282,RARS2,0.0708437948898068,0.0591079631716726
ENSG00000170852,KBTBD2,0.0675157213075488,0.0505106866072169
ENSG00000198039,ZNF273,0.0077098252791559,-0.309701351896187
ENSG00000129515,SNX6,0.0342207414737902,0.0950526311995457
ENSG00000142546,NOSIP,0.0702687759131433,-0.053814537855012
ENSG00000107282,APBA1,0.129950809555308,0.0281568453086139
ENSG00000120699,EXOSC8,0.0782558850661936,-0.117467838436318
ENSG00000263590,LINC01145,0.113034949021424,0.0642923456228835
ENSG00000175283,DOLK,0.0276025658955527,-0.099137441927185
ENSG00000100889,PCK2,0.0307798137348707,0.210005879949362
ENSG00000247595,SPTY2D1OS,0.133297320879613,-0.0431058352924821
ENSG00000231721,LINC-PINT,-0.108241732592397,1.14143397043859
ENSG00000103126,AXIN1,0.0725171339593227,-0.043778180307484
ENSG00000042980,ADAM28,0.0964595144613602,0.114600569393856
ENSG00000157895,C12orf43,0.0723007081549901,-0.072842385790448
ENSG00000165533,TTC8,0.0757717937868157,0.134565408214378
ENSG00000118640,VAMP8,0.074023239181953,-0.056605674908793
ENSG00000132463,GRSF1,0.0317984201978527,-0.077842586748552
ENSG00000189298,ZKSCAN3,0.0142387724219143,0.0595173003355347
ENSG00000113615,SEC24A,0.0326317243499299,0.0470361003171742
ENSG00000177335,LINC02904,0.137771586517424,0.218374092279146
ENSG00000110060,PUS3,0.0076467249958533,0.0003618889211363
ENSG00000127922,SEM1,0.0237945402452457,-0.052315874617598
ENSG00000135521,LTV1,0.0252390309328112,-0.075650775569835
ENSG00000118855,MFSD1,0.028750817930908,0.0841053139131656
ENSG00000180884,ZNF792,0.0840970206397899,-0.0319851267840094
ENSG00000025156,HSF2,0.0118065546622551,-0.0106650077495032
ENSG00000102931,ARL2BP,0.0704480671889231,-0.137843181986723
ENSG00000087301,TXNDC16,-0.0111954280810729,-0.265611194901818
ENSG00000080608,PUM3,0.0686163181877641,0.0383856251759434
ENSG00000198894,CIPC,0.0249956470774229,0.0265523102872249
ENSG00000159685,CHCHD6,0.0050236117773082,0.179536235173653
ENSG00000230445,LRRC37A6P,0.148994322787898,-0.070415339803341
ENSG00000198604,BAZ1A,0.0667265429707014,-0.102012178768773
ENSG00000114999,TTL,0.0344655797786602,-0.129941558118837
ENSG00000186787,SPIN2B,-0.0062194540687342,0.143559892215909
ENSG00000263155,MYZAP,0.130532686279474,0.141521288592311
ENSG00000227536,SOCS5P4,-0.0347365953947621,0.595250040550167
ENSG00000122482,ZNF644,0.0675063129471856,0.104839863372185
ENSG00000118257,NRP2,0.0629164415465324,0.108749306326266
ENSG00000196756,SNHG17,0.0323813564105565,0.084208767493089
ENSG00000233184,DPH5-DT,0.08500180438452,0.0215863746452648
ENSG00000046647,GEMIN8,0.0893959197911195,0.0233124311309053
ENSG00000278249,SCARNA2,0.106043477143352,-0.274866627916214
ENSG00000134830,C5AR2,-0.0102145106764528,0.4427173573679
ENSG00000157637,SLC38A10,0.0354003403772252,0.270571481194129
ENSG00000100554,ATP6V1D,0.074571991009601,0.177894501409793
ENSG00000207513,RNU1-3,-0.0102493092031181,0.0098846048361543
ENSG00000154134,ROBO3,0.119705022747427,0.082936977718214
ENSG00000186638,KIF24,0.0246441956233205,-0.217979280560898
ENSG00000278811,LINC00624,0.0220198772701916,-0.185701631376464
ENSG00000039139,DNAH5,0.0166048419479047,-0.166156578594624
ENSG00000177508,IRX3,0.0921229792892747,-0.0392775929764151
ENSG00000139433,GLTP,0.0271335923897548,-0.1997043717881
ENSG00000136866,ZFP37,-0.0261872521632426,0.227830527097787
ENSG00000181666,ZNF875,0.070555550306879,0.296922069892953
ENSG00000123838,C4BPA,-0.008821620998532,-0.115942426055949
ENSG00000175567,UCP2,0.0257581460611662,-0.080674253361245
ENSG00000075914,EXOSC7,0.0184505125098087,-0.0461963078147818
ENSG00000047578,KATNIP,0.0685819243859656,0.191504230836729
ENSG00000119421,NDUFA8,0.0731219633383497,-0.0369306084329191
ENSG00000229809,ZNF688,-0.0029744044940689,-0.065907812713363
ENSG00000126088,UROD,0.0773096183669068,-0.0053215404715747
ENSG00000093144,ECHDC1,0.0724935612347742,0.0463518027675136
ENSG00000132801,ZSWIM3,0.0083632878531074,0.164763454497742
ENSG00000105982,RNF32,-0.0293745673932547,0.301252667995674
ENSG00000263465,SRSF8,0.0227029380279721,0.0685992263866828
ENSG00000163597,SNHG16,0.0346246814705574,0.0776276393838721
ENSG00000102393,GLA,0.066113201130498,-0.330447654068171
ENSG00000144741,SLC25A26,0.0233636715283033,0.386195092937219
ENSG00000187134,AKR1C1,0.0355654164291567,-0.0475351107746895
ENSG00000204227,RING1,0.0747082267696226,0.187184491470964
ENSG00000137338,PGBD1,0.0142071038419303,-0.088333818551408
ENSG00000280789,PAGR1,0.0282302674236918,-0.160932343178777
ENSG00000099949,LZTR1,0.0257163874040148,0.28577120293689
ENSG00000162772,ATF3,0.0805841214779487,0.486309493378772
ENSG00000102119,EMD,0.0727199021444914,-0.20751841410484
ENSG00000110713,NUP98,0.0620938489499494,-0.0343636437073216
ENSG00000250569,NTAN1P2,0.13763592421891,0.230931522997982
ENSG00000196497,IPO4,0.068578963624246,-0.107647137020567
ENSG00000113494,PRLR,0.106597835430296,-0.670220961713815
ENSG00000126432,PRDX5,0.0684453574464949,-0.108835435047614
ENSG00000139746,RBM26,0.032177519242996,-0.0198374999677517
ENSG00000181804,SLC9A9,0.131900063387812,0.28034366687291
ENSG00000255423,EBLN2,0.0969600168409605,0.149076313330502
ENSG00000185418,TARS3,0.0210227578155149,0.0016909293186259
ENSG00000107874,CUEDC2,0.0289554755895822,0.0968492797157821
ENSG00000151422,FER,0.0692642936004025,0.16240509074167
ENSG00000148187,MRRF,0.0678536963252011,0.0305441277426755
ENSG00000132950,ZMYM5,0.0859106231253341,0.224181409907928
ENSG00000101049,SGK2,0.0102028876515536,0.0690918322596158
ENSG00000103365,GGA2,0.0289133539901729,0.0355234303222422
ENSG00000135697,BCO1,0.0164011167515904,0.0467450477751524
ENSG00000084207,GSTP1,0.0360648867982747,-0.199023519533425
ENSG00000182362,YBEY,0.0191687488166288,0.0579884933046188
ENSG00000077721,UBE2A,0.0335697138031178,-0.151134143927115
ENSG00000127993,RBM48,0.0835141701073483,-9.94439128779862e-06
ENSG00000279170,TSTD3,0.0863030386755235,0.119889419966689
ENSG00000226476,LINC01748,-0.0300011282786947,0.0531639634160544
ENSG00000120963,ZNF706,0.0719884988934056,-0.0306206764783826
ENSG00000282936,LOC122526780,-0.41529650388991,0.451328811795569
ENSG00000204257,HLA-DMA,0.113718984619246,0.251603633778072
ENSG00000266835,GAPLINC,0.13506999080852,0.445972531318118
ENSG00000108384,RAD51C,0.0289188708491543,-0.318922061661789
ENSG00000228300,FAM174C,0.0750164060525999,-0.061371874360466
ENSG00000134597,RBMX2,0.0191171211983575,-0.120694089918413
ENSG00000054793,ATP9A,0.030739949866027,0.163215554025438
ENSG00000285533,RELA-DT,0.10158577888123,0.223594207993991
ENSG00000135643,KCNMB4,0.113297777648856,0.337508557455063
ENSG00000167635,ZNF146,0.0694708096569378,0.101254173462669
ENSG00000114062,UBE3A,0.0342058280192028,-0.0112083737687386
ENSG00000152223,EPG5,0.0687270074373334,0.122113183185222
ENSG00000118263,KLF7,0.0337657364768713,0.0690135853327822
ENSG00000176485,PLAAT3,0.0282597616971184,0.0736278301970189
ENSG00000111445,RFC5,0.0280372203194158,-0.205102276388617
ENSG00000196498,NCOR2,0.0351909544948713,0.158698841607123
ENSG00000168476,REEP4,0.0278919872794394,-0.092594314224238
ENSG00000161914,ZNF653,0.101134170068458,-0.0154539455872499
ENSG00000212126,TAS2R50,-0.0280356445525553,0.186947583064694
ENSG00000143514,TP53BP2,0.0326276370544973,-0.0100724329261415
ENSG00000136045,PWP1,0.0276376167219066,-0.0364373236718477
ENSG00000171490,RSL1D1,0.0359759438566281,0.0195511154257117
ENSG00000144840,RABL3,0.0735081129542063,-0.084996631897928
ENSG00000197226,TBC1D9B,0.0366878170168294,0.0686387321584063
ENSG00000151917,BEND6,0.1236991372625,-0.138561747889122
ENSG00000119640,ACYP1,-0.00023857917913629,-0.109423491684762
ENSG00000136271,DDX56,0.032247350791837,-0.038302412068082
ENSG00000125107,CNOT1,0.0376764448966649,0.0481471291324278
ENSG00000227258,SMIM2-AS1,0.114842830273292,0.451784841222956
ENSG00000235530,TMEM11-DT,0.102035606813698,0.358985216609077
ENSG00000065325,GLP2R,0.0320721102184008,0.0625071989640142
ENSG00000088881,EBF4,0.00623528067058701,0.777843980983065
ENSG00000119285,HEATR1,0.0369130497693144,-0.0123164599184057
ENSG00000198546,ZNF511,0.0237005326568335,-0.072850999287593
ENSG00000172062,SMN1,-0.0121964801513051,-0.213606150846041
ENSG00000130720,FIBCD1,0.0050696304126152,0.0264613049001268
ENSG00000104936,DMPK,0.0691512811774419,0.301110119427464
ENSG00000051382,PIK3CB,0.0317055165839449,0.10569474084984
ENSG00000071967,CYBRD1,0.067655436331679,0.0252402570197519
ENSG00000179532,DNHD1,0.0671435952893015,0.379172462219604
ENSG00000170242,USP47,0.0674747730567679,0.0532043151890232
ENSG00000164896,FASTK,0.0690402036924406,0.13461711394645
ENSG00000149547,EI24,0.0356102254247501,-0.050213231267617
ENSG00000131748,STARD3,0.0313195134095685,0.0891618299326468
ENSG00000012048,BRCA1,0.0363050679272685,-0.30607596551267
ENSG00000237037,NDUFA6-DT,-0.0169527071784997,0.335899538109815
ENSG00000160200,CBS,0.0106227644758761,0.450421764370722
ENSG00000108924,HLF,-0.0104065469866823,0.866412081873248
ENSG00000169548,ZNF280A,0.0126149782469902,0.275648319597946
ENSG00000163463,KRTCAP2,0.0323064664543216,-0.23151801774431
ENSG00000135392,DNAJC14,0.0285335052405443,-0.093758627192585
ENSG00000110367,DDX6,0.0360125002480403,-0.089036534964708
ENSG00000105364,MRPL4,0.025810384219831,-0.067840203552311
ENSG00000135587,SMPD2,0.0885521354124504,0.0690297489686181
ENSG00000139921,TMX1,0.0304738577348823,-0.105152469881499
ENSG00000138669,PRKG2,0.118413203742348,0.218462916218722
ENSG00000130811,EIF3G,0.0682577214181994,-0.094363902750278
ENSG00000149948,HMGA2,0.0158597612091409,0.0630378466142544
ENSG00000142082,SIRT3,0.0269183516007792,0.153256794321935
ENSG00000182393,IFNL1,0.0875398381347103,0.426836428717561
ENSG00000114302,PRKAR2A,0.0309276306500575,-0.135242605769667
ENSG00000164068,RNF123,0.0706611741765136,0.336220314101837
ENSG00000205863,C1QTNF9B,0.124336439993281,-0.41938346760688
ENSG00000179403,VWA1,0.0200428188543738,0.143517865706207
ENSG00000236548,RNF217-AS1,0.110544050268939,0.28674998219921
ENSG00000232346,RPS17P16,-0.0397495101009862,-0.168148424953727
ENSG00000145331,TRMT10A,0.109803134798319,-0.191507436507809
ENSG00000151332,MBIP,0.08088272884069,-0.13832557793107
ENSG00000105583,WDR83OS,0.0821115607036604,0.0475599769973124
ENSG00000204371,EHMT2,0.0673088342896808,-0.0114389177470934
ENSG00000101096,NFATC2,0.00249582839805691,-0.313581642028089
ENSG00000138674,SEC31A,0.0383412430570127,-0.090848245376212
ENSG00000279561,LOC100132249,NA,NA
ENSG00000147650,LRP12,0.070032552134325,0.0416000683264842
ENSG00000104635,SLC39A14,0.0637917393161285,0.186637640765488
ENSG00000233429,HOTAIRM1,0.103928600215246,-0.061856543846711
ENSG00000134686,PHC2,0.0352459550795108,0.0350104697379118
ENSG00000138698,RAP1GDS1,0.0297877994977766,-0.156584340097585
ENSG00000130332,LSM7,0.0241503796082856,-0.0771544256174
ENSG00000148803,FUOM,-0.0072316222951637,-0.223086445432784
ENSG00000151135,TMEM263,0.030395685759678,0.12118956320986
ENSG00000159131,GART,0.0633735961951574,-0.068574134345742
ENSG00000170703,TTLL6,0.102483307355133,0.418081366799806
ENSG00000101384,JAG1,0.0367693158452981,0.308078635726791
ENSG00000178028,DMAP1,0.0256806358930167,0.0865769138770496
ENSG00000137871,ZNF280D,0.0313678185282617,0.0307336716653015
ENSG00000163933,RFT1,0.0693189296594446,-0.075380587963712
ENSG00000170632,ARMC10,0.0695268704507775,0.0948815446112266
ENSG00000026950,BTN3A1,0.0328030100010367,0.0911241802617776
ENSG00000243508,DNAJB6P7,-0.0336926823237099,0.530945159087024
ENSG00000102858,MGRN1,0.0629626287867462,0.101422888192053
ENSG00000166436,TRIM66,0.0308621352836694,0.468277178174958
ENSG00000048405,ZNF800,0.0307353933622108,0.1349477307902
ENSG00000076108,BAZ2A,0.0649000596986898,0.144578827335731
ENSG00000148053,NTRK2,0.0950507498025814,-0.148287814648815
ENSG00000149823,VPS51,0.0296529775830335,0.0386515964467053
ENSG00000272333,KMT2B,0.0635097855959453,0.10013341576763
ENSG00000233527,ZNF529-AS1,-0.0218542072662861,0.239940316888085
ENSG00000214331,PDPR2P,0.0736207713079075,0.156476048831355
ENSG00000115053,NCL,0.063932051279612,-0.2974347230664
ENSG00000163219,ARHGAP25,-0.0201513071329617,0.436230542735612
ENSG00000029364,SLC39A9,0.0642534220205112,0.00220315446806151
ENSG00000105355,PLIN3,0.0655631149162052,-0.139845101327443
ENSG00000240032,LNCSRLR,0.110714084190822,0.0152581488692717
ENSG00000165868,HSPA12A,0.0667187947192902,-0.206610376431061
ENSG00000114023,FAM162A,0.0255018020034964,0.0374237276446205
ENSG00000138029,HADHB,0.0671600224651969,0.0931740568725355
ENSG00000153071,DAB2,NA,NA
ENSG00000217555,CKLF,0.0252246856953918,-0.145204055501789
ENSG00000162980,ARL5A,0.0667336664818527,-0.0188735872564055
ENSG00000230383,RPL6P19,-0.0233279105214602,-0.161961987979997
ENSG00000181315,ZNF322,0.0744215188423099,-0.199287652338362
ENSG00000196628,TCF4,0.024328739631648,0.172637797257236
ENSG00000135709,KIAA0513,0.0791782773670052,0.353233123802884
ENSG00000108559,NUP88,0.0328991792289696,-0.081569387166032
ENSG00000132437,DDC,0.0939542031250128,0.0779588048944927
ENSG00000100916,BRMS1L,0.0794672365958168,0.0628188372590269
ENSG00000273136,NBPF26,0.0766530251642845,0.0636518354749504
ENSG00000249550,LINC01234,0.0302274014665039,0.119406125107861
ENSG00000094975,SUCO,0.064395892169519,0.117491205159188
ENSG00000256628,ZBTB11-AS1,0.0013990358644516,0.168861492910448
ENSG00000197153,H3C12,0.0251155878220485,-0.575993151851245
ENSG00000047597,XK,0.114935610853792,-0.273640252124063
ENSG00000258653,PTGR2,0.208399215655457,-0.63067003738294
ENSG00000161328,LRRC56,0.103024237065033,0.305908189993401
ENSG00000087365,SF3B2,0.0377665005699365,-0.117143135470834
ENSG00000182173,TSEN54,0.0222230282660039,-0.14602182960353
ENSG00000133706,LARS1,0.0380778519310993,-0.006276302316468
ENSG00000123080,CDKN2C,0.0804478970898307,-0.313787208156835
ENSG00000164347,GFM2,0.0320752039093626,0.017413362540592
ENSG00000198890,PRMT6,0.109588414817571,-0.765773171155538
ENSG00000260257,LOC119746555,0.106218460294919,-0.053968108493337
ENSG00000164920,OSR2,-0.0345164529536603,-0.740824319177853
ENSG00000125877,ITPA,0.032459262121486,0.133835053064247
ENSG00000155621,C9orf85,0.0086575492752214,0.194964196153947
ENSG00000101955,SRPX,0.0144710475262405,0.134121206940379
ENSG00000101473,ACOT8,0.0203289184691745,0.0706086862306823
ENSG00000249437,NAIP,0.0108849940364493,0.224869740767431
ENSG00000115392,FANCL,0.0293582940445322,-0.171241475798347
ENSG00000257913,DDN-AS1,0.133796549807547,0.293198478758338
ENSG00000112365,ZBTB24,0.0225186431340231,0.120236508170602
ENSG00000028137,TNFRSF1B,-0.0082327066285872,0.0056589328667936
ENSG00000213949,ITGA1,0.0312090587968225,0.0971068610335212
ENSG00000266401,LOC105371967,0.111952782533547,0.584168057367575
ENSG00000179912,R3HDM2,0.066163271068291,0.399902982413672
ENSG00000120451,SNX19,0.0368250518826528,0.0824724379460351
ENSG00000111364,DDX55,0.0320000481824362,-0.0217779744750871
ENSG00000172057,ORMDL3,0.0713825672498373,0.0424018531125427
ENSG00000156463,SH3RF2,0.0302497131734144,0.404830241311386
ENSG00000205670,SMIM11,-0.0103162072817257,-0.167523717778269
ENSG00000078124,ACER3,0.0333628450369444,0.0399931476151892
ENSG00000152078,TLCD4,0.0754647569711361,-0.061578030613881
ENSG00000236859,NIFK-AS1,0.00777080302108731,0.0807103903862757
ENSG00000169554,ZEB2,0.0243580762011225,0.178622217340363
ENSG00000196150,ZNF250,0.0757630016292769,-0.235231989096591
ENSG00000111671,SPSB2,NA,NA
ENSG00000166924,NYAP1,-0.0208154769298922,0.281652632509383
ENSG00000111224,PARP11,0.0023476518273545,0.152333499496686
ENSG00000204344,STK19,0.0235085824889583,0.274665871739333
ENSG00000135241,PNPLA8,0.0734774643763456,0.149808573712405
ENSG00000118058,KMT2A,0.0615543836740297,-0.0068679701594207
ENSG00000256683,ZNF350,0.0119829747650494,0.586458162681538
ENSG00000204382,XAGE1B,0.0935399135759825,-0.577935959196898
ENSG00000116885,OSCP1,0.116875360992632,0.177509320996641
ENSG00000177144,NUDT4B,0.0826760776470789,-0.121429317377285
ENSG00000132694,ARHGEF11,0.0630523826087859,0.0555677398892623
ENSG00000120733,KDM3B,0.0359079198404471,0.0424694259817225
ENSG00000106948,AKNA,0.0720489202303121,-0.21051288340012
ENSG00000177600,RPLP2,0.068962551147156,-0.118949721174036
ENSG00000141401,IMPA2,0.0314188807980871,-0.081371090885372
ENSG00000177054,ZDHHC13,0.0293617845772722,0.05571972386904
ENSG00000108064,TFAM,0.0301987576305708,0.034089941991719
ENSG00000153250,RBMS1,0.0640518859821823,0.182067028760949
ENSG00000119541,VPS4B,0.02937259009771,0.033322086489873
ENSG00000135678,CPM,0.0915497332438446,-0.218823026877736
ENSG00000256269,HMBS,0.067519244131065,-0.0229379571956884
ENSG00000167880,EVPL,0.0332358720122785,0.0547963587075372
ENSG00000132286,TIMM10B,0.0706567133029182,-0.0484024244438271
ENSG00000149131,SERPING1,0.021049716128948,-0.0414813587496493
ENSG00000159556,ISL2,-0.00040293006188979,0.175489864383317
ENSG00000267254,ZNF790-AS1,0.139281234263258,-0.169396992993821
ENSG00000227057,WDR46,0.032232616541069,-0.148027983385551
ENSG00000136010,ALDH1L2,0.0322170603221351,0.432642710095976
ENSG00000000457,SCYL3,0.0201647945444433,0.211757060152687
ENSG00000070159,PTPN3,0.0672075041905321,0.0933456420380672
ENSG00000152133,GPATCH11,0.0152469337121854,-0.315282458667031
ENSG00000050130,JKAMP,0.0325830611726164,-0.060581577164337
ENSG00000196663,TECPR2,0.0661108575413724,0.226052896170163
ENSG00000100462,PRMT5,0.0366352960649363,-0.183842880308807
ENSG00000172890,NADSYN1,0.063917604135811,0.112066270863772
ENSG00000198466,ZNF587,0.0351657768470386,0.0684337365930433
ENSG00000164615,CAMLG,0.0747401139398917,-0.0352129761703542
ENSG00000105048,TNNT1,0.028273351474094,0.202040283605911
ENSG00000153443,UBALD1,0.0716694383555677,0.130971275685991
ENSG00000142541,RPL13A,0.0353791553468308,-0.128719450558962
ENSG00000241769,EOLA1-DT,0.0014977956355321,0.138901023397282
ENSG00000176399,DMRTA1,0.0085127935115785,0.0510519869382901
ENSG00000184500,PROS1,0.0710670487785087,0.309361300158091
ENSG00000111897,SERINC1,0.0337666697728161,0.176336367384689
ENSG00000114395,CYB561D2,0.0087885924250436,0.0156398902613913
ENSG00000100083,GGA1,0.0242031606622038,0.128792976918907
ENSG00000261488,TBILA,0.0002784282243757,0.645495566381262
ENSG00000087586,AURKA,0.066577753985507,-0.386458302406001
ENSG00000166343,MSS51,-0.0113547171781865,0.28325822839368
ENSG00000114738,MAPKAPK3,0.0675366545945377,0.0497724586364836
ENSG00000136141,LRCH1,0.0332023087703219,0.134651478857606
ENSG00000143079,CTTNBP2NL,0.0702715981018179,-0.0065129059501109
ENSG00000241015,TPM3P9,0.0733100387335948,0.0121264770069572
ENSG00000162441,LZIC,0.0709317162187306,-0.267565524193808
ENSG00000186567,CEACAM19,0.0264738749133924,0.297582712097544
ENSG00000090565,RAB11FIP3,0.065977278068891,-0.0164945250356042
ENSG00000108107,RPL28,0.0203631591719665,0.0864963625250214
ENSG00000120278,PLEKHG1,0.0811679391727028,0.0623152332813496
ENSG00000166261,ZNF202,0.0723339875336534,0.0774995483595585
ENSG00000167608,TMC4,0.0980632888075665,0.0221609649396372
ENSG00000105245,NUMBL,0.0699415947579072,-0.183081850130369
ENSG00000229415,SFTA3,-0.0028615608847962,-0.686829624531478
ENSG00000188322,SBK1,0.0036118103312367,-0.106050223807833
ENSG00000198182,ZNF607,0.0190334601320378,-0.195558616870751
ENSG00000150760,DOCK1,0.034569745068364,0.206066312750107
ENSG00000132254,ARFIP2,0.0340968902078097,0.0893867075486333
ENSG00000240445,FOXO3B,0.0753589630940914,-0.112235870893704
ENSG00000010072,SPRTN,0.0710290134459376,0.106024002150242
ENSG00000174177,CTU2,0.0730050598342373,0.0569171382979289
ENSG00000120784,ZFP30,0.0186176753256784,-0.102165234238055
ENSG00000205362,MT1A,-0.0140261777062659,-0.0445088981365537
ENSG00000165782,PIP4P1,0.0329176559631585,0.0657424255017474
ENSG00000240498,CDKN2B-AS1,0.0224094120291912,-0.116105554105792
ENSG00000082898,XPO1,0.038065636801365,-0.150956524601852
ENSG00000170791,CHCHD7,0.0185365340268885,-0.208628875006482
ENSG00000112249,ASCC3,0.037378806889691,0.0895480141283096
ENSG00000157227,MMP14,0.102561218072285,0.27586317776719
ENSG00000230797,YY2,0.0114234909630786,0.0597054232516087
ENSG00000118197,DDX59,0.0265019901616307,0.0635808473614707
ENSG00000256671,LIMS4,-0.0136156604158432,0.293884612344453
ENSG00000134070,IRAK2,0.0649849721111695,0.312577997518919
ENSG00000111328,CDK2AP1,0.0351938304564671,-0.0222600305934601
ENSG00000130150,MOSPD2,0.0283596228906898,0.0481365887375988
ENSG00000174514,MFSD4A,0.126936978432267,0.515997183017409
ENSG00000066455,GOLGA5,0.0327415733766241,0.0519678178573838
ENSG00000232653,GOLGA8N,-0.0222138568431156,0.528979499080522
ENSG00000126453,BCL2L12,0.0713396660805088,-0.244424764622083
ENSG00000144724,PTPRG,0.0311313570266724,0.204587508978531
ENSG00000103248,MTHFSD,0.0302321578596627,0.100338523175394
ENSG00000257337,TNS2-AS1,0.169936162257706,0.344056582346979
ENSG00000198440,ZNF583,0.105845995004423,0.0185879772679441
ENSG00000114686,MRPL3,0.0668930133225957,-0.192978742712808
ENSG00000176896,TCEANC,-0.0169105545639087,0.339279946416894
ENSG00000177868,SVBP,0.109612310864237,-0.139829229673916
ENSG00000001497,LAS1L,0.0639779463999729,-0.161938058773345
ENSG00000136758,YME1L1,0.0619633109048332,0.0461911903437512
ENSG00000130396,AFDN,0.0373032260832236,0.170946912504661
ENSG00000100196,KDELR3,0.0782664168780922,-0.212776314531767
ENSG00000080371,RAB21,0.0337122097062148,0.121715626258023
ENSG00000022840,RNF10,0.0368479596066528,0.131937079582407
ENSG00000173926,MARCHF3,-0.0256422216472321,0.465055878278851
ENSG00000164002,EXO5,0.0903247478761694,-0.050399586424288
ENSG00000118816,CCNI,0.0630881238624103,0.108441994233848
ENSG00000134775,FHOD3,0.0267439945763019,0.0163042362749782
ENSG00000065989,PDE4A,0.0801014754422258,-0.0040623958537338
ENSG00000068394,GPKOW,0.0288786554028764,0.0725134275876428
ENSG00000089818,NECAP1,0.0306295528329216,0.0442605616066003
ENSG00000160404,TOR2A,0.0901318491800943,-0.079625076319457
ENSG00000157064,NMNAT2,0.0758268379822712,0.32999453302432
ENSG00000139946,PELI2,0.0733675808628693,0.201096102323873
ENSG00000126583,PRKCG,0.104044302886412,0.771317718443688
ENSG00000240225,ZNF542P,0.0054725445898054,-0.100649730503981
ENSG00000151092,NGLY1,0.0664616428381846,0.0941600728400242
ENSG00000204899,MZT1,0.0154690481457246,-0.422149764342103
ENSG00000198734,F5,0.0791898652363024,0.537473534479646
ENSG00000285976,PTP4A1,0.06372147901827,0.258360728214906
ENSG00000214194,SMIM30,0.079180704690592,0.0476720550013037
ENSG00000173960,UBXN2A,0.0676560008488113,-0.060705852975211
ENSG00000114021,NIT2,0.0337116100951833,-0.061243511746854
ENSG00000224699,LAMTOR5-AS1,0.0084595171014554,-0.0432699018256831
ENSG00000006062,MAP3K14,0.0658829017015539,0.0878707370091677
ENSG00000172115,CYCS,0.0344071661982662,-0.140014623674464
ENSG00000163156,SCNM1,NA,NA
ENSG00000142731,PLK4,0.0255811722485781,-0.212668752311486
ENSG00000165476,REEP3,0.0676038423023636,0.0445473160359708
ENSG00000166816,LDHD,-0.015396956356272,0.11106607323662
ENSG00000175066,GK5,0.029266524934968,0.0009638628753785
ENSG00000156500,PABIR3,0.080287537161219,0.146116831028844
ENSG00000256060,TRAPPC2B,-0.0057377980898516,-0.142475813741998
ENSG00000255874,PRECSIT,0.118933175309442,0.112173912890102
ENSG00000181260,MTHFD2P7,0.109329628238027,-0.264811105206549
ENSG00000284976,LOC122513141,-0.038374179836988,-0.274015911435076
ENSG00000253540,FAM86HP,0.0047181860424613,0.258025791064377
ENSG00000212719,LINC02693,0.0311574877793689,-0.0204815792614895
ENSG00000175518,UBQLNL,0.13832405326514,-0.171093305940782
ENSG00000167005,NUDT21,0.0373809546961908,-0.113477258885025
ENSG00000137221,TJAP1,0.0310834686282599,0.0566376878143161
ENSG00000005194,CIAPIN1,0.0655394043127509,0.0531743229218578
ENSG00000110696,C11orf58,0.0344008690755681,0.0198631662416761
ENSG00000274997,H2AC12,0.0695267785566183,-0.594021933694906
ENSG00000117020,AKT3,0.0625317936741779,0.149394113828164
ENSG00000214022,REPIN1,0.039092723355294,0.101734332132077
ENSG00000172340,SUCLG2,0.0309288158795659,0.185806723073823
ENSG00000176444,CLK2,0.0659593002738218,0.274871316706518
ENSG00000197056,ZMYM1,0.0285831920144096,0.128217878582107
ENSG00000169016,E2F6,0.0713981436110178,0.242107475097296
ENSG00000068650,ATP11A,0.063976851875409,0.0493637994572045
ENSG00000107960,STN1,0.0705519228042331,0.237747546631404
ENSG00000157510,AFAP1L1,0.022150255162924,0.0670455560609056
ENSG00000109180,OCIAD1,0.0635719719771684,-0.079476921787693
ENSG00000167600,CYP2S1,0.0330053046579916,0.0891075499164361
ENSG00000155256,ZFYVE27,0.0345208822085636,0.1829859058592
ENSG00000255524,NPIPB8,-0.0289474758523575,-0.0397873183165738
ENSG00000233757,LOC344065,0.00164106022769391,-0.092727666955743
ENSG00000136874,STX17,0.0630441464220839,0.0901402695191843
ENSG00000135424,ITGA7,0.117168607510288,-0.11179666890344
ENSG00000249348,UGDH-AS1,0.0979209608325642,0.156761699998219
ENSG00000086289,EPDR1,0.0350423774547526,-0.124605646057549
ENSG00000116747,RO60,0.0364173140223186,0.0662686929829533
ENSG00000069399,BCL3,0.0643252486067485,0.201014491779124
ENSG00000143228,NUF2,0.0771700975166437,-0.445731799633349
ENSG00000163528,CHCHD4,0.0739929541401778,-0.163863836677126
ENSG00000105227,PRX,0.0088021679827939,-0.107993189519937
ENSG00000011332,DPF1,0.0964664969350856,-0.363261582645087
ENSG00000164751,PEX2,0.0216268833018567,0.14213048438544
ENSG00000247498,GPRC5D-AS1,0.0915261438995522,0.356358230664828
ENSG00000134533,RERG,0.1113672842189,0.500330870254083
ENSG00000007516,BAIAP3,-0.0139235384482851,0.459347632938756
ENSG00000085433,WDR47,0.0248710210717236,-0.015862391487509
ENSG00000182165,TP53TG1,0.0870727304466855,-0.118469001168262
ENSG00000119771,KLHL29,0.0287130533482082,0.0534609386667683
ENSG00000172315,TP53RK,0.0719573830551586,-0.0159981922461473
ENSG00000010270,STARD3NL,0.0319242470387368,-0.0339522439466794
ENSG00000109762,SNX25,0.0257081512491381,0.0638980450501634
ENSG00000005436,GCFC2,0.0254384118331551,0.241115346872893
ENSG00000269386,RAB11B-AS1,-0.0197967278438365,0.218189562182155
ENSG00000144837,PLA1A,-0.00487556716324099,0.450653657263878
ENSG00000139354,GAS2L3,0.0733081221360867,-0.33180962620888
ENSG00000151292,CSNK1G3,0.0350309545401161,0.112059682005784
ENSG00000182979,MTA1,0.0335407513531469,0.0443424432629913
ENSG00000158483,FAM86C1P,0.0737935211278292,0.240284822047838
ENSG00000214655,ZSWIM8,0.0358756721334684,0.410550402973518
ENSG00000233560,KRT8P39,0.00516295970714351,-0.287734715583219
ENSG00000033178,UBA6,0.0364948896820545,-0.0410469701590626
ENSG00000134278,SPIRE1,0.0347066189861022,0.0542014561516432
ENSG00000157045,NTAN1,0.0244575727727104,0.0653991431992021
ENSG00000168939,SPRY3,-0.0110019004956027,0.310877430240709
ENSG00000213492,NT5C3AP1,-0.00921465658174959,-0.505640857333593
ENSG00000275895,LOC102724594,0.0235468725436984,0.0521179391560238
ENSG00000165283,STOML2,0.037671023931973,0.0160359368648948
ENSG00000176125,UFSP1,-0.0113476209655108,-0.1988002866014
ENSG00000170142,UBE2E1,0.0622842638046347,0.218737879429715
ENSG00000253438,PCAT1,-0.017448625036973,0.353121178920594
ENSG00000189159,JPT1,0.0341490390453723,-0.301810954287456
ENSG00000141385,AFG3L2,0.0338638413180355,-0.0205218786683836
ENSG00000176909,MAMSTR,0.123933232511569,-0.143212584841939
ENSG00000248323,LUCAT1,0.0151076885750396,0.0312296970369628
ENSG00000155100,OTUD6B,0.0723963881741048,-0.0307579655063185
ENSG00000100344,PNPLA3,0.120067938233674,-0.308529969479654
ENSG00000066926,FECH,0.0329174264203466,-0.0130697990870466
ENSG00000062725,APPBP2,0.0629562070920002,0.117427432910274
ENSG00000111731,C2CD5,0.0654866973740473,-0.0224533730757715
ENSG00000188352,FOCAD,0.0368725700574846,0.162799925595208
ENSG00000153214,TMEM87B,0.0344073806654523,-0.0270235042760331
ENSG00000072849,DERL2,0.065601972757691,0.0485066746377948
ENSG00000176209,SMIM19,0.0226674435823689,-0.00163546086452029
ENSG00000252213,SNORA74D,-0.0146315284197425,-0.195171485695623
ENSG00000183117,CSMD1,0.121630228155177,0.0672098980176401
ENSG00000130762,ARHGEF16,0.0177342571870955,0.241508836423493
ENSG00000197785,ATAD3A,0.0330810480880572,-0.308006130469909
ENSG00000057593,F7,-0.0197614994933945,1.22898775294971
ENSG00000250959,GLUD1P3,-0.0277337900751656,0.284497396667739
ENSG00000131148,EMC8,0.032925988884449,-0.087906148522912
ENSG00000143756,FBXO28,0.03216625740839,0.0165391141166423
ENSG00000074181,NOTCH3,0.0641649551782548,0.220121733816478
ENSG00000064012,CASP8,0.0630824477082689,-0.012863019293303
ENSG00000174370,KCNJ5-AS1,0.00971539375923,0.0104708351858692
ENSG00000176170,SPHK1,0.0171712194726981,0.256127274192222
ENSG00000065320,NTN1,0.010386117122962,-0.595037211204452
ENSG00000138381,ASNSD1,0.0671481844672831,-0.098415526685749
ENSG00000106049,HIBADH,0.0332437045717555,0.153874568539874
ENSG00000234473,ZNF101P2,0.113284734684781,-0.285587361983793
ENSG00000036054,TBC1D23,0.0692527332795176,0.200788615731688
ENSG00000150712,MTMR12,0.064226059858917,0.0549847099515019
ENSG00000105497,ZNF175,0.0264162279008196,0.300386064431545
ENSG00000197343,ZNF655,0.0629407704841637,0.163413716696549
ENSG00000234171,RNASEH1-DT,0.0240281574608193,-0.305885489297143
ENSG00000255836,LOC100419928,0.124482214916126,-0.915114395677168
ENSG00000131469,RPL27,0.033698216634025,-0.135033714368484
ENSG00000136295,TTYH3,0.0660893952932975,0.112062027978726
ENSG00000221983,UBA52,0.0385886936335608,-0.212293631688591
ENSG00000111452,ADGRD1,-0.0132399382311764,0.542591356264862
ENSG00000242498,ARPIN,0.0630506414984156,0.0156064970167405
ENSG00000068024,HDAC4,0.0637911092733514,-0.0094376067406098
ENSG00000067365,METTL22,0.031602488597395,0.179030343885861
ENSG00000127362,TAS2R3,0.0930893271332753,0.0878236091398422
ENSG00000127415,IDUA,0.0719402580328111,0.45100518379124
ENSG00000056487,PHF21B,0.110104814766739,0.128741556582607
ENSG00000061794,MRPS35,0.0652059572483429,-0.060963851455807
ENSG00000243678,NME2,0.0382381031022979,-0.204900246471047
ENSG00000129315,CCNT1,0.0371872969849998,-0.0251251381663492
ENSG00000247626,MARS2,0.0716271013971183,-0.172486008522248
ENSG00000118620,ZNF430,0.0833036774614702,-0.307545903423734
ENSG00000168564,CDKN2AIP,0.0261575159590147,0.116917073677689
ENSG00000261794,GOLGA8H,0.0869503810255957,0.226047298440434
ENSG00000150764,DIXDC1,0.0328330984891381,0.0151767887922785
ENSG00000126001,CEP250,0.0628852625293282,-0.066948555656161
ENSG00000162543,UBXN10,-0.0092692320945315,1.07888485937585
ENSG00000110318,CEP126,0.0284586978906141,-0.101627454142949
ENSG00000248489,LOC100289230,NA,NA
ENSG00000136856,SLC2A8,0.0780408739483916,-0.324996005570195
ENSG00000136026,CKAP4,0.0397171843397606,-0.143325799250143
ENSG00000124664,SPDEF,0.0200128790344818,0.527340683223766
ENSG00000107140,TESK1,0.0329250390184016,-0.048452839828943
ENSG00000163472,TMEM79,0.0261320174866004,0.189416927559433
ENSG00000283378,CNTNAP3C,0.0897064695428146,0.155000008245474
ENSG00000156968,MPV17L,0.0897524041710842,-0.119334713913247
ENSG00000221978,CCNL2,0.0368420724387183,0.354345371057572
ENSG00000228549,LOC112267871,-0.0012898794897405,-0.398548389878228
ENSG00000123144,TRIR,0.0360543456353377,-0.127432872707518
ENSG00000161888,SPC24,0.216535294697309,-0.124627257075209
ENSG00000139734,DIAPH3,0.0316050500480736,-0.496359087407422
ENSG00000244716,RPL17P7,0.128456009601194,-0.0281282793820035
ENSG00000121749,TBC1D15,0.0669490372497155,0.293019204200553
ENSG00000272602,ZNF595,0.0727392995375426,-0.196504035138624
ENSG00000070182,SPTB,0.00667925049732621,0.154116435998655
ENSG00000171421,MRPL36,0.0718540221319479,-0.225032510642576
ENSG00000152601,MBNL1,0.0618205064067256,-0.051803775526752
ENSG00000197386,HTT,0.039263079767133,0.0926780253947091
ENSG00000137941,TTLL7,0.0081644419365169,-0.124655662097301
ENSG00000076382,SPAG5,0.0657586240456802,-0.335889685858714
ENSG00000263956,NBPF11,0.0683160906891065,0.293153037134564
ENSG00000126698,DNAJC8,0.0663178574166974,-0.016387449454951
ENSG00000156469,MTERF3,0.0703142209721262,-0.168501211130046
ENSG00000135378,PRRG4,0.0179104159563669,-0.080564627393415
ENSG00000105819,PMPCB,0.0636219571016419,0.20354815225472
ENSG00000089639,GMIP,0.0185300297632878,0.19604465970164
ENSG00000125814,NAPB,0.0313271594971611,0.184528534938862
ENSG00000204315,FKBPL,0.0887144279660648,-0.177052560848492
ENSG00000012660,ELOVL5,0.0611936074409113,-0.276492231012234
ENSG00000154096,THY1,0.11013299699242,0.132577189859518
ENSG00000146281,PM20D2,0.0686006241000426,-0.213913908759488
ENSG00000115616,SLC9A2,0.0200669235526407,0.363097320822854
ENSG00000136122,BORA,0.0759340973743354,-0.402154760145136
ENSG00000215068,ANXA2R-AS1,0.0296435650669544,0.0284638467840026
ENSG00000155508,CNOT8,0.0658682961212626,-0.0279225626394066
ENSG00000112276,BVES,0.0287261089723337,-0.258250395522722
ENSG00000162521,RBBP4,0.0391814740711086,-0.111493899940469
ENSG00000131378,RFTN1,0.0201044096856081,0.51617900374492
ENSG00000253731,PCDHGA6,0.0864589622708462,-0.177204336767023
ENSG00000186854,TRABD2A,NA,NA
ENSG00000189190,ZNF600,0.113684148908364,0.0330710821623058
ENSG00000070669,ASNS,0.0647150322912973,0.117090087167671
ENSG00000149809,TM7SF2,0.0767830061286183,0.377028733872342
ENSG00000162972,MAIP1,0.0275180226413128,0.0314054144971371
ENSG00000090520,DNAJB11,0.0356482729031578,0.038724099441979
ENSG00000242616,GNG10,0.0214948960417294,0.186863478939918
ENSG00000116212,LRRC42,0.0708659587110094,0.0124996910863341
ENSG00000213326,RPS7P11,0.0726758389236408,-0.022338478171654
ENSG00000137807,KIF23,0.0334770164047726,-0.407421875876322
ENSG00000187650,VMAC,-0.0072087989532876,0.381565313798316
ENSG00000185324,CDK10,0.0674000117620621,0.45120053470104
ENSG00000243414,TICAM2,0.360735714068172,-0.732791825688617
ENSG00000264364,DYNLL2,0.0616434200530699,-0.108669744619343
ENSG00000163866,SMIM12,0.0344653319439451,-0.0391460620443426
ENSG00000006025,OSBPL7,0.0712438111637595,0.34238172985337
ENSG00000144357,UBR3,0.0640092155525567,0.105425374574117
ENSG00000204310,AGPAT1,0.063517663169918,-0.0327313193805317
ENSG00000165355,FBXO33,0.0791988012976512,0.0643400869540078
ENSG00000119782,FKBP1B,-0.0014785149176204,0.569161255580442
ENSG00000168661,ZNF30,0.0207137240338035,-0.0312367417228997
ENSG00000095397,WHRN,0.0833374452633532,0.157434929900916
ENSG00000244694,PTCHD4,0.0997649194037881,0.68520771009851
ENSG00000101856,PGRMC1,0.0371644512026664,-0.153854753954179
ENSG00000172817,CYP7B1,-0.0136814709285756,-0.0245623904495396
ENSG00000116833,NR5A2,0.064327067660261,0.365403540844016
ENSG00000180787,ZFP3,0.0195237844252162,0.381145060410914
ENSG00000100139,MICALL1,0.0366471646985831,-0.0165004958530804
ENSG00000114631,PODXL2,0.0298404366005623,-0.076919222273953
ENSG00000277147,LINC00869,NA,NA
ENSG00000198468,FLVCR1-DT,-0.0208182450017552,-0.178277958112377
ENSG00000213553,RPLP0P6,0.0323767480171815,-0.107291303581476
ENSG00000137070,IL11RA,-0.005532590557684,0.649021492223846
ENSG00000101417,PXMP4,0.0793172692628052,-0.242747090258467
ENSG00000177303,CASKIN2,0.066012528499467,-0.090348853669931
ENSG00000197780,TAF13,0.0238401659690546,-0.0326947080536271
ENSG00000203797,DDO,0.105083857991005,0.391491493088786
ENSG00000177045,SIX5,0.0678347708319126,0.0746024775236516
ENSG00000197223,C1D,0.0254595116121133,0.0320556760848567
ENSG00000139637,MYG1,0.011242659829424,0.111926738444539
ENSG00000094841,UPRT,0.0747497472037447,0.0709245151187714
ENSG00000100557,CCDC198,0.0222002778565781,0.296841481266214
ENSG00000158109,TPRG1L,0.0326964714924338,0.0135805972882585
ENSG00000144891,AGTR1,0.110131546274878,0.340101811583954
ENSG00000099308,MAST3,0.070475231871934,0.0601771887386128
ENSG00000073282,TP63,0.0714635655689051,0.0438397373312396
ENSG00000144827,ABHD10,0.0693063274285042,-0.23646595759218
ENSG00000084070,SMAP2,0.0279462678111087,-0.050330149973469
ENSG00000206560,ANKRD28,0.0374818987063088,0.0852521561952965
ENSG00000118762,PKD2,0.0625946770869856,0.132948041475928
ENSG00000162384,CZIB,0.0314473162475866,0.0289597339281346
ENSG00000145214,DGKQ,0.0680506859871538,0.176504801084522
ENSG00000184992,BRI3BP,0.0623261581992333,-0.333663677443403
ENSG00000147679,UTP23,0.028603495948945,-0.130800410879858
ENSG00000182890,GLUD2,0.0179115595323994,-0.223691508302609
ENSG00000116032,GRIN3B,0.10624002695057,0.466821943123822
ENSG00000074935,TUBE1,0.077871860493741,0.373983395171192
ENSG00000269343,ZNF587B,0.0359802277249551,-0.0028182549969328
ENSG00000198146,ZNF770,0.0638832616287104,0.0513018267251588
ENSG00000213412,HNRNPA1P33,0.0171109363644051,-0.088480394858097
ENSG00000123154,WDR83,0.0113333406711603,0.246924456729905
ENSG00000130830,MPP1,0.0813914630422761,-0.35191854715405
ENSG00000075461,CACNG4,0.0792859488480365,-0.444267484237076
ENSG00000135272,MDFIC,0.0697412975416834,-0.144231267674284
ENSG00000267374,MIR924HG,0.0187003498064424,-0.0377706025877235
ENSG00000101138,CSTF1,0.0365933057650494,-0.060543877478835
ENSG00000076650,GPATCH1,0.0336127812974658,0.0706456629018677
ENSG00000132530,XAF1,0.0374524246959171,0.334566667389904
ENSG00000138032,PPM1B,0.0630449189016097,-0.0052895276751729
ENSG00000143819,EPHX1,0.0615393865209166,0.0393628951354506
ENSG00000140650,PMM2,NA,NA
ENSG00000143382,ADAMTSL4,0.0844002384510185,0.513985259410374
ENSG00000134697,GNL2,0.0344564982015554,-0.0326326912701728
ENSG00000196214,ZNF766,0.0669304662963087,0.0375042757538099
ENSG00000132781,MUTYH,0.0196052822621614,0.0101201313761209
ENSG00000187024,PTRH1,0.0892413881307531,-0.157586950530432
ENSG00000174749,FAM241A,0.0809486017224535,0.294810045708714
ENSG00000153714,LURAP1L,0.0670080101315671,0.46353348484431
ENSG00000092098,RNF31,0.0802780228451986,0.342200019071312
ENSG00000233421,LINC01783,0.10225036210642,-0.0453293898654937
ENSG00000185650,ZFP36L1,0.039538851844218,0.002846717722421
ENSG00000251664,PCDHA12,0.0777535734076162,0.0097304014350306
ENSG00000105991,HOXA1,0.084366542299128,0.0441497966955381
ENSG00000174243,DDX23,0.0597241494998575,-0.071952809225146
ENSG00000278175,GLIDR,0.0761967529989486,0.164070685537216
ENSG00000213923,CSNK1E,0.0614121735384819,0.101842906098996
ENSG00000160208,RRP1B,0.061194351006255,-0.0268564098205065
ENSG00000068912,ERLEC1,0.0395322128169199,0.072554178561824
ENSG00000143384,MCL1,NA,NA
ENSG00000184619,KRBA2,0.0684049907116795,-0.096119211706039
ENSG00000197275,RAD54B,0.0675202682891919,-0.196311493794524
ENSG00000203993,ARRDC1-AS1,0.0265584201246856,0.0202597529000759
ENSG00000118200,CAMSAP2,0.0388716773168438,0.0712043740466718
ENSG00000068354,TBC1D25,0.0682267683259521,0.205869625369575
ENSG00000231453,LINC01305,0.110128256830422,0.184405316021347
ENSG00000153485,TMEM251,0.074260509220733,0.10245688297588
ENSG00000119314,PTBP3,0.0409824720162109,0.0262916626093909
ENSG00000135974,C2orf49,0.0336659912790885,0.0207081702679214
ENSG00000211584,SLC48A1,0.0331985694232582,-0.179432031845458
ENSG00000080493,SLC4A4,0.0789861152633753,-0.055160752371241
ENSG00000235750,KIAA0040,0.0209540958950241,-0.192777999317408
ENSG00000163138,PACRGL,0.0289374807012096,0.091893473936882
ENSG00000205628,LINC01446,0.111877654826994,-0.215211896628737
ENSG00000163293,NIPAL1,0.0980485468226482,-0.236181368729558
ENSG00000179361,ARID3B,0.0778017850828175,0.0915780021775254
ENSG00000079616,KIF22,0.0645628771721568,-0.290352281957779
ENSG00000203875,SNHG5,0.0354380099976119,0.126728060481624
ENSG00000237499,WAKMAR2,0.115164012656145,0.199708471831278
ENSG00000203667,COX20,0.075989197317449,-0.269866226177854
ENSG00000071564,TCF3,0.0371618805020039,-0.181285996209014
ENSG00000156261,CCT8,0.0634348911754135,-0.102252954212576
ENSG00000137103,TMEM8B,0.0218947399697116,0.0213290543875438
ENSG00000163812,ZDHHC3,0.0379257888669741,0.0292214473066181
ENSG00000071626,DAZAP1,0.0601472662043213,-0.0026554518778268
ENSG00000079332,SAR1A,0.0391522803567819,0.0377810856503996
ENSG00000139233,LLPH,0.031251309113098,0.108016702751212
ENSG00000144451,SPAG16,0.0763000263593756,0.0337795404008313
ENSG00000182484,WASH6P,0.0722963100521947,0.267104883916455
ENSG00000161040,FBXL13,0.0933018145840215,-0.0292960982329157
ENSG00000163126,ANKRD23,0.0971935933928421,0.177999967893641
ENSG00000110344,UBE4A,0.060264515360316,0.0869695651230861
ENSG00000250802,ZBED3-AS1,0.0813627681464622,0.205106520300764
ENSG00000108604,SMARCD2,0.0367228570846185,-0.0400723876089537
ENSG00000198203,SULT1C2,-0.0041026710284836,0.323238933766109
ENSG00000112742,TTK,0.0293961267877085,-0.415898122116995
ENSG00000196123,KIAA0895L,0.0274368760933374,0.0395834028470907
ENSG00000213463,SYNJ2BP,0.0375300487623586,0.222448749542593
ENSG00000239605,STPG4,-0.0141342821081895,-0.0199366455919527
ENSG00000138796,HADH,0.0346647960877697,-0.182032492487716
ENSG00000116731,PRDM2,0.0356295988535763,0.0706949043184998
ENSG00000049449,RCN1,0.0587883579188651,-0.0852052652138
ENSG00000178449,COX14,0.0289812115564695,-0.077657802147918
ENSG00000118412,CASP8AP2,0.0365764715930692,-0.0321018542576922
ENSG00000175595,ERCC4,0.036242265517865,0.0791755941644917
ENSG00000129235,TXNDC17,0.0309196323422622,-0.12660180629901
ENSG00000176714,CCDC121,0.092520367731014,-0.062001920743356
ENSG00000168101,NUDT16L1,0.02395987341305,0.027999297344838
ENSG00000262879,LOC101927060,0.0367519713371469,0.0768357375086246
ENSG00000255154,HTD2,-0.0175159875072049,-0.702630450753573
ENSG00000118898,PPL,0.0333684138581581,0.550077436144176
ENSG00000115919,KYNU,0.0592031562382079,0.285373218465278
ENSG00000052344,PRSS8,0.0195878069829925,-0.323162311794151
ENSG00000159128,IFNGR2,0.032449009674584,0.0487947948931441
ENSG00000175352,NRIP3,0.0002039290074976,-0.215099677524277
ENSG00000131400,NAPSA,0.097144326179756,0.253470894909015
ENSG00000272047,GTF2H5,0.0754259581300662,-0.0243062455894345
ENSG00000206652,RNU1-1,0.0097422681295472,-0.0146459470492406
ENSG00000013583,HEBP1,0.0655907500829807,-0.100238880428575
ENSG00000104219,ZDHHC2,0.0638493865331472,0.0846889637411493
ENSG00000272325,NUDT3,0.0675882288366886,-0.0352155741931189
ENSG00000233382,NKAPP1,0.0904584085115834,0.1181622895609
ENSG00000204946,ZNF783,0.0339597214375169,0.140472318579147
ENSG00000149541,B3GAT3,0.0364705039937281,-0.111327488469442
ENSG00000265018,AGAP12P,0.21025376085266,0.786085620744028
ENSG00000137824,RMDN3,0.066936077546954,0.10112689449476
ENSG00000164794,KCNV1,0.121174385553817,-0.0191382804272018
ENSG00000108239,TBC1D12,0.0742492966823086,-0.0441795068565029
ENSG00000019549,SNAI2,0.0081316269277192,0.003090491086276
ENSG00000275160,RPL7AP45,0.106348808776432,-0.117602554792236
ENSG00000078070,MCCC1,0.0287000168432898,0.169434503519589
ENSG00000102349,KLF8,0.100483052902124,0.225351259774438
ENSG00000152240,HAUS1,0.0296924397315349,-0.447596941333402
ENSG00000127586,CHTF18,0.0719341902065702,-0.179463949887742
ENSG00000224877,NDUFAF8,0.0278595739068661,0.0452760705764009
ENSG00000156017,CARNMT1,0.0343453694938673,-0.130320801781319
ENSG00000166352,IFTAP,0.0251398067764662,0.160622167440646
ENSG00000148153,INIP,0.0333512846300421,-0.108253723613292
ENSG00000225791,TRAM2-AS1,0.0068229627916243,0.021671137796579
ENSG00000114784,EIF1B,0.0679096732139536,0.0878766796312247
ENSG00000027869,SH2D2A,-0.00881464936240869,0.140783294629974
ENSG00000093183,SEC22C,0.0643826279033197,0.0465403576232193
ENSG00000160746,ANO10,0.0657133074834362,-0.064931382392003
ENSG00000255571,MIR9-3HG,0.104000123209092,-0.106803942420484
ENSG00000081791,DELE1,0.0633621927791963,0.105811518397496
ENSG00000177106,EPS8L2,0.0388071365606836,0.331895969029755
ENSG00000167081,PBX3,0.0302996063998235,-0.497200558947967
ENSG00000180488,MIGA1,0.0324317974924439,0.0868234811301602
ENSG00000182180,MRPS16,0.0382642724968697,-0.114936859311932
ENSG00000197937,ZNF347,0.0960608412042384,-0.624334647721841
ENSG00000241506,PSMC1P1,0.0097818619882361,0.218612615454736
ENSG00000168887,C2orf68,0.0345140202599357,0.0529449137220812
ENSG00000131778,CHD1L,0.0386958609408282,0.0609250943113594
ENSG00000074319,TSG101,0.0610254180414836,0.116651579233013
ENSG00000185947,ZNF267,0.0344048925818351,-0.130011951371457
ENSG00000163249,CCNYL1,0.0333933157800255,-0.0056419499435546
ENSG00000132612,VPS4A,0.0605389225726755,0.0003758580318369
ENSG00000198825,INPP5F,0.0304607902847365,-0.0259972805203528
ENSG00000091128,LAMB4,0.0923204587379012,0.265526470236297
ENSG00000138231,DBR1,0.0713208128293294,-0.154491323458971
ENSG00000112304,ACOT13,0.0355706205283701,0.030988548208532
ENSG00000274847,MAFIP,0.0978925246045852,-0.489098476341201
ENSG00000125520,SLC2A4RG,0.0631510297249637,-0.329512176162412
ENSG00000164828,SUN1,0.039324686776116,0.131948973871344
ENSG00000187801,ZFP69B,0.001353593345456,-0.192567877820971
ENSG00000177150,FAM210A,0.0312940380826775,0.0390714504163969
ENSG00000170516,COX7B2,-0.0062957857863341,-0.69670562371348
ENSG00000047936,ROS1,0.0627781911488176,0.393204977651244
ENSG00000184357,H1-5,0.0653517958561265,-0.615823315503705
ENSG00000248671,ALG1L9P,0.0985513872364926,0.272916462088396
ENSG00000234608,MAPKAPK5-AS1,0.0293383496432444,0.0268220088995128
ENSG00000184056,VPS33B,0.0279695465453444,-0.009443037292214
ENSG00000103197,TSC2,0.0373256857363161,0.234899339468151
ENSG00000137818,RPLP1,0.0604066153636289,-0.129185995931152
ENSG00000035141,FAM136A,0.0605040430261662,-0.130675819729476
ENSG00000082153,BZW1,0.060076181369436,0.0066399963786278
ENSG00000277117,LOC102723996,0.0162478893990384,-0.0242199409291469
ENSG00000167969,ECI1,0.0341869451348236,0.036996125033473
ENSG00000159714,ZDHHC1,0.0242639454328561,0.288009768595863
ENSG00000122694,GLIPR2,0.0838504145214049,0.101207817780414
ENSG00000205045,SLFN12L,-0.0145638847732293,0.231971646225257
ENSG00000154723,ATP5PF,0.0359132484753669,0.0888022798256832
ENSG00000198833,UBE2J1,0.0624620741252116,0.00165785774806061
ENSG00000198805,PNP,0.0403493257114738,-0.10096572614121
ENSG00000089199,CHGB,0.0807724696737393,0.108217230193431
ENSG00000165526,RPUSD4,0.0681158251520856,-0.0123518022723718
ENSG00000267056,LOC729654,0.0783695912020447,-0.683363707984699
ENSG00000127837,AAMP,0.0614653326609248,-0.0268481112449847
ENSG00000206588,RNU1-28P,0.0016619022671792,-0.0074373057317834
ENSG00000011426,ANLN,0.0377856278804661,-0.45105084539945
ENSG00000167107,ACSF2,0.0340553777232041,0.285617635586055
ENSG00000187954,CYHR1,0.0615083904198503,0.0737207787264755
ENSG00000163565,IFI16,0.0403180570506895,0.0657673754965322
ENSG00000141873,SLC39A3,0.0339793292000065,-0.064308629452245
ENSG00000126226,PCID2,0.0644187021313062,-0.0125683080714323
ENSG00000245975,MINDY2-DT,-0.0114345256319367,0.0419832797489443
ENSG00000026559,KCNG1,0.0757703887153994,-0.0478754363461955
ENSG00000151576,QTRT2,0.0621841768841008,-0.131349672702581
ENSG00000205809,KLRC2,0.0032673384339006,0.451354969033374
ENSG00000214338,SOGA3,0.12388345444393,-0.322225391787267
ENSG00000184860,SDR42E1,0.0212899127675108,0.267736524783936
ENSG00000108523,RNF167,0.0395728172287847,-0.064401616870746
ENSG00000132591,ERAL1,0.0373168773883317,-0.0428442241351994
ENSG00000130675,MNX1,0.074137715981354,-0.251418670577032
ENSG00000204802,FAM88C,-0.0035801397553311,0.160844946548664
ENSG00000128342,LIF,0.062273899265556,0.478893540572275
ENSG00000134247,PTGFRN,0.039977826970555,-0.068521099742384
ENSG00000128563,PRKRIP1,0.0633181195010382,0.187409553768724
ENSG00000115457,IGFBP2,0.0348571815453509,0.0844982948493464
ENSG00000014123,UFL1,0.0337972604480076,-0.0146198577763025
ENSG00000186522,SEPTIN10,0.0387841017680067,-0.10614278445021
ENSG00000129083,COPB1,0.0597344343652932,0.0155951626095604
ENSG00000151718,WWC2,0.0622587910257868,0.158577707388999
ENSG00000009709,PAX7,0.032126366576718,0.220720212776026
ENSG00000089063,TMEM230,0.0641716913227275,-0.074976711522496
ENSG00000239857,GET4,0.0629602293699717,0.132959525876075
ENSG00000143786,CNIH3,0.109027264734347,-0.251271732464092
ENSG00000092201,SUPT16H,0.042094111051389,-0.1983215450369
ENSG00000160633,SAFB,0.0398941680701756,-0.075491309948657
ENSG00000164823,OSGIN2,0.0395750331625677,-0.0294404044556056
ENSG00000096401,CDC5L,0.061549209012555,-0.091566095836191
ENSG00000066654,THUMPD1,0.0620128990500443,0.00508403204957381
ENSG00000100030,MAPK1,0.0413018493915405,-0.143495175105989
ENSG00000066923,STAG3,0.0807639107114555,-0.272551332914417
ENSG00000120910,PPP3CC,0.071105982172702,-0.054392595233474
ENSG00000124562,SNRPC,0.0638252402616487,-0.29080750578418
ENSG00000131979,GCH1,0.07201280318261,-0.0286620179461425
ENSG00000125484,GTF3C4,0.0600472010398359,0.0011083601272657
ENSG00000135100,HNF1A,0.0333220157314923,0.0465616450023727
ENSG00000059758,CDK17,0.0382628884320012,0.120985954520338
ENSG00000008513,ST3GAL1,0.0397368421676066,0.48227489611092
ENSG00000103657,HERC1,0.0400965213343862,0.155426767780012
ENSG00000168772,CXXC4,0.0016778427478615,-0.064370703741209
ENSG00000197779,ZNF81,0.0350762315008633,0.188130609443537
ENSG00000004799,PDK4,0.0594602928530023,0.305177775065455
ENSG00000107404,DVL1,0.0377219859816034,0.0502690078075614
ENSG00000163016,ALMS1P1,-0.0029815097907266,0.185894924794298
ENSG00000162390,ACOT11,0.0190731689145169,-0.0111801131143559
ENSG00000102978,POLR2C,0.0379342992998088,0.160863223877151
ENSG00000169122,FAM110B,0.082317418916178,0.233870094868981
ENSG00000135069,PSAT1,0.0378466771416917,0.134853901748712
ENSG00000164934,DCAF13,0.0637207508858825,-0.096461276533364
ENSG00000122490,SLC66A2,0.0314308061008851,0.0232411195250114
ENSG00000180769,WDFY3-AS2,0.103716757232189,0.0349576590632067
ENSG00000104953,TLE6,0.006383700950946,0.943352811185653
ENSG00000198853,RUSC2,0.0600857541166718,0.30643558312108
ENSG00000166526,ZNF3,0.0379370511165139,-0.0297283999466516
ENSG00000177465,ACOT4,0.0924178904525398,-0.105747935367793
ENSG00000177679,SRRM3,0.0794057251633575,-0.151057249057557
ENSG00000277739,RNA5-8SP10,0.026955613984328,-0.121619518812064
ENSG00000134245,WNT2B,0.0992715223442644,0.591546443286043
ENSG00000088298,EDEM2,NA,NA
ENSG00000141012,GALNS,0.036384867570113,0.25054468415947
ENSG00000234912,SNHG20,0.0254193951058658,0.0757621272734647
ENSG00000089060,SLC8B1,0.0653434681181743,0.130020140008158
ENSG00000227331,RPL7AP22,0.00232399161613171,-0.0443570399107421
ENSG00000223658,C1GALT1C1L,0.107223688507399,-0.212979801825576
ENSG00000186951,PPARA,0.187402453367869,0.618549152042239
ENSG00000069943,PIGB,0.0660469628555035,0.00914073154604191
ENSG00000153179,RASSF3,0.0643517620099197,0.0224258250897256
ENSG00000130340,SNX9,0.0388630500992642,0.0817095683984441
ENSG00000189046,ALKBH2,0.0315737764820829,-0.100792818745289
ENSG00000183621,ZNF438,0.0253849606060171,0.294069192725923
ENSG00000136425,CIB2,0.0705289075581589,-0.07967483246743
ENSG00000176809,LRRC37A3,0.0294471700127072,0.269355555413403
ENSG00000118402,ELOVL4,-0.00311100695186749,0.593314343367924
ENSG00000163378,EOGT,0.0321788810202928,-0.175441855147907
ENSG00000128944,KNSTRN,0.06551972586696,-0.480307754790802
ENSG00000173040,EVC2,0.0716504112316488,0.126942541612989
ENSG00000152518,ZFP36L2,0.0403960636162108,0.20108422539335
ENSG00000165424,ZCCHC24,0.0690260311641175,-0.052374031631814
ENSG00000120334,CENPL,0.0296879831089141,-0.399893763788537
ENSG00000117318,ID3,0.0586259015430472,-0.074938307063089
ENSG00000162624,LHX8,0.0718827256917794,0.232340026046594
ENSG00000138380,CARF,0.0749985919811104,0.23041988553849
ENSG00000099999,RNF215,0.0347422606119508,0.390625562297071
ENSG00000031698,SARS1,0.0622044194549202,0.182430476561989
ENSG00000115966,ATF2,0.0406276652359138,0.0876514482998325
ENSG00000243742,RPLP0P2,0.0999202452695604,0.730942980048575
ENSG00000177873,ZNF619,0.0330565309015053,-0.088652329716428
ENSG00000113621,TXNDC15,0.0614617336439273,-0.162088711533184
ENSG00000221909,FAM200A,0.0769351917481096,0.0615522556956095
ENSG00000182220,ATP6AP2,0.0613563173316436,0.0711009291611701
ENSG00000188177,ZC3H6,0.0319512627173852,0.0799193955869604
ENSG00000165792,METTL17,0.0619343145703195,0.198490082168061
ENSG00000121579,NAA50,0.0402313616642083,-0.147219848630818
ENSG00000156162,DPY19L4,0.0371035166658997,0.180527987389778
ENSG00000050730,TNIP3,-0.00038395344783279,-0.332034083693676
ENSG00000135766,EGLN1,0.0378868502569982,0.374779854593319
ENSG00000132357,CARD6,0.0641311133451726,0.149441328820524
ENSG00000259706,HSP90B2P,0.004393268318055,-0.206043388947535
ENSG00000246582,TNFRSF10A-DT,0.0740732465407258,-0.0252905760900855
ENSG00000137947,GTF2B,0.0348127032392339,0.00038104544595399
ENSG00000259494,MRPL46,0.0633510902907904,-0.065133570070657
ENSG00000188199,NUTM2B,-0.0016035125421831,-0.0447863981252107
ENSG00000144591,GMPPA,0.0608310514790843,0.128573012474039
ENSG00000147324,MFHAS1,0.0410161365508008,0.34198718663476
ENSG00000187475,H1-6,0.101282745592374,0.0787132226156785
ENSG00000085982,USP40,0.0597703468379194,0.136528076019433
ENSG00000196470,SIAH1,0.0347296766637043,-0.101694530506111
ENSG00000146856,AGBL3,0.0056112775552647,0.302369584148374
ENSG00000180914,OXTR,0.0179348794846121,-0.149613318859347
ENSG00000109606,DHX15,0.0600259332779624,-0.0276959146187765
ENSG00000167645,YIF1B,0.060918513255463,-0.0073389013793935
ENSG00000142937,RPS8,0.0729862334975426,-0.0100816948816229
ENSG00000141298,SSH2,0.0409834071481086,-0.0021409645322257
ENSG00000184857,TMEM186,0.0270469464829352,0.0664771284233842
ENSG00000198816,ZNF358,0.0265696072976075,0.236909339179635
ENSG00000071889,FAM3A,0.0367557484050939,-0.00366695565040909
ENSG00000124641,MED20,0.0338376443793199,-0.215221598354135
ENSG00000127511,SIN3B,0.0620628812841517,0.161177080087771
ENSG00000156170,NDUFAF6,0.0683355293389849,-0.054738066705029
ENSG00000255837,TAS2R20,0.0878239476053341,0.394060159023125
ENSG00000181472,ZBTB2,0.0364662527748365,0.0860162328713709
ENSG00000103145,HCFC1R1,0.0354497706405885,-0.126060021964395
ENSG00000131845,ZNF304,0.0285309221290456,0.123695732183541
ENSG00000134419,RPS15A,0.0390697214673243,-0.110081563996857
ENSG00000182768,NGRN,0.0421280072147316,-0.0227422817094554
ENSG00000170917,NUDT6,0.0759878230290196,-0.177999402304906
ENSG00000229320,KRT8P12,0.0738546607898989,0.0330294851225558
ENSG00000185485,SDHAP1,0.0372003976562281,0.0236651492453393
ENSG00000133943,DGLUCY,0.0398421568108805,0.258077707615115
ENSG00000159110,IFNAR2,0.0399272986935456,0.0314336581885284
ENSG00000184203,PPP1R2,0.0682298909005735,0.07433244028091
ENSG00000183048,SLC25A10,0.035557896657441,-0.064295151737893
ENSG00000111981,ULBP1,0.014717817752694,0.350422584005169
ENSG00000138131,LOXL4,0.0864700669255419,0.341783685724895
ENSG00000137802,MAPKBP1,0.064310649143794,0.264874539226398
ENSG00000197619,ZNF615,0.0749463925303466,0.282455833091213
ENSG00000213842,SUGT1P2,0.0986961653510657,0.194954607312082
ENSG00000128242,GAL3ST1,0.0709237638911415,0.567754777347147
ENSG00000276710,CSPG4P10,0.0746878608063661,0.092303201736843
ENSG00000275023,MLLT6,0.0586936772213882,0.0223163592824324
ENSG00000141905,NFIC,0.0586087495000392,-0.06357905194478
ENSG00000100307,CBX7,0.0790826007806995,0.0472103177110674
ENSG00000014164,ZC3H3,0.0382658496878052,0.114471443670535
ENSG00000166228,PCBD1,0.0596431286105516,-0.250510502435568
ENSG00000134824,FADS2,0.0428588306504011,-0.241297660262411
ENSG00000134909,ARHGAP32,0.0399858450786565,0.0848806171291467
ENSG00000141759,TXNL4A,0.0377484390056608,0.112155144053073
ENSG00000113575,PPP2CA,0.0383417778104636,-0.0390550990922232
ENSG00000267213,DPY19L3-DT,0.002657455584438,-0.221988653165695
ENSG00000175611,ERCC6L2-AS1,0.0937486655852894,0.324090530751357
ENSG00000204519,ZNF551,0.0357340847962145,0.0162828658450489
ENSG00000099804,CDC34,0.0616695429243907,0.0606248245875623
ENSG00000184047,DIABLO,0.0630930414893544,-0.0316280422464295
ENSG00000197182,MIRLET7BHG,0.0609432518031849,0.2106722001093
ENSG00000124596,OARD1,0.0343788222544754,-0.107702851169348
ENSG00000182318,ZSCAN22,0.0683544323950287,0.133471871710157
ENSG00000100014,SPECC1L,0.0589237623831278,0.0700399448659631
ENSG00000087884,AAMDC,0.0186893455761467,-0.426581545693871
ENSG00000116171,SCP2,0.0380283078929229,0.0696378353075852
ENSG00000108932,SLC16A6,0.022778371819535,0.882027117932533
ENSG00000083750,RRAGB,0.0702906242100137,0.298630874566793
ENSG00000214575,CPEB1,0.0800683756732656,0.359261514042901
ENSG00000259895,TEDC2-AS1,0.104698468825594,0.274304789945096
ENSG00000041357,PSMA4,0.057560963784732,-0.129510699101339
ENSG00000166136,NDUFB8,0.0384956825899905,-0.0195301824938513
ENSG00000109674,NEIL3,0.0609358835712736,-0.542388403347063
ENSG00000184967,NOC4L,0.0391747726836426,0.0078002346594862
ENSG00000237943,PRKCQ-AS1,0.0303228598229497,-0.057087023764954
ENSG00000160223,ICOSLG,0.0274603839678784,-0.133996001554415
ENSG00000085721,RRN3,0.0380816678663183,0.0081332720404709
ENSG00000180822,PSMG4,0.0669490761062717,-0.141330819722327
ENSG00000113812,ACTR8,0.0357705178981328,0.0044051215087962
ENSG00000154642,C21orf91,0.0316269604035953,0.0599468397874153
ENSG00000213588,ZBTB9,0.0337348210231683,-0.156974445533125
ENSG00000204839,MROH6,0.0675362585721952,0.237302553874952
ENSG00000173272,MZT2A,0.0374447732804423,-0.206628017041559
ENSG00000124104,SNX21,0.0701866883632242,-0.139624121394892
ENSG00000167272,POP5,0.0644760386459255,-0.142400563860594
ENSG00000153561,RMND5A,0.0413587784999843,-0.0552605592657
ENSG00000152454,ZNF256,0.0135339058587422,0.0937090607948504
ENSG00000198554,WDHD1,0.0389450941076687,-0.365805481647786
ENSG00000184903,IMMP2L,0.0738421964442864,0.0103193942817018
ENSG00000118160,SLC8A2,0.0913735781519906,0.0920864195057625
ENSG00000276547,PCDHGB5,0.0686465231331039,-0.276731756695569
ENSG00000100890,PRORP,0.0077411138669426,0.0822735629184361
ENSG00000257950,P2RX5-TAX1BP3,0.168564303728668,0.398109152123362
ENSG00000102977,ACD,0.0635364636459307,-0.236497819544371
ENSG00000163807,KIAA1143,0.0368905651198549,-0.106957901902782
ENSG00000074071,MRPS34,0.0358828562027553,-0.240224563480499
ENSG00000106348,IMPDH1,0.0388154157502572,-0.137518683127419
ENSG00000100393,EP300,0.0576617385931892,0.160041371879661
ENSG00000160282,FTCD,0.0950287293567925,0.229524399881353
ENSG00000103540,CCP110,0.0630105114088748,-0.054518964753314
ENSG00000186104,CYP2R1,0.0317773119955453,-0.024754615022646
ENSG00000054983,GALC,0.0634367763844728,0.0027933120150066
ENSG00000166997,CNPY4,0.0702927461973129,-0.0362512031834378
ENSG00000057608,GDI2,0.0565231834620211,-0.132958291351755
ENSG00000196584,XRCC2,0.0376604866522515,-0.467678417194089
ENSG00000140990,NDUFB10,0.0632273223791312,-0.142601909178828
ENSG00000113648,MACROH2A1,0.0431272360449971,-0.103050713055305
ENSG00000141084,RANBP10,0.0605154110380132,0.161749292270389
ENSG00000163701,IL17RE,0.0883459244747523,-0.487806140906711
ENSG00000179046,TRIML2,0.0349331760923117,-0.077638489806425
ENSG00000196182,STK40,0.0366502142123053,0.189112989313736
ENSG00000163806,SPDYA,0.0999066922924576,0.263029766083092
ENSG00000176593,LOC100128398,0.00210032987624741,0.156007509579327
ENSG00000186564,FOXD2,0.012437462141373,-0.158943144231548
ENSG00000197959,DNM3,0.0267372282485367,0.31953700436654
ENSG00000089505,CMTM1,0.0838353639520007,0.104257029011045
ENSG00000006607,FARP2,0.0411925597540308,-0.090594112249101
ENSG00000280145,LOC102724701,0.0870217340563803,-0.137064630432468
ENSG00000176826,FKBP9P1,0.0089086362958555,-0.310899724892825
ENSG00000135164,DMTF1,0.0397544030256403,0.163076347495174
ENSG00000163322,ABRAXAS1,0.0327736332479834,-0.087481348310639
ENSG00000139329,LUM,0.09595418979023,-0.228883191350072
ENSG00000114646,CSPG5,0.0019751673299617,0.0803943734133565
ENSG00000251143,LOC100128494,0.0796217178509073,0.7210908992118
ENSG00000099219,ERMP1,0.0615225836741912,0.138977880276986
ENSG00000163170,BOLA3,0.0344548388269924,-0.155115096790352
ENSG00000187792,ZNF70,0.0666976317612157,0.113211620486381
ENSG00000168612,ZSWIM1,0.034914887487745,-0.079539837560346
ENSG00000179958,DCTPP1,0.0599821677777015,-0.34082459659934
ENSG00000172216,CEBPB,0.0427358790585278,0.230615034905331
ENSG00000161800,RACGAP1,0.0402730986891476,-0.460491669188486
ENSG00000248905,FMN1,0.0399612909452108,0.0272503684116604
ENSG00000235217,TSPY26P,0.0901003590483393,0.0534788619266767
ENSG00000136631,VPS45,0.062940977356031,-0.0264155735643064
ENSG00000264522,OTUD7B,0.0577184214831804,-0.0105059945314911
ENSG00000153107,ANAPC1,0.0423660468639918,-0.064547249525237
ENSG00000085788,DDHD2,0.0403201947260771,0.0292173997396796
ENSG00000125375,DMAC2L,0.0281340427613509,-0.0257942042102063
ENSG00000074696,HACD3,0.042735299918234,-0.18827995524822
ENSG00000175455,CCDC14,0.0574278553265903,0.0081918178747199
ENSG00000144535,DIS3L2,0.0591652428360779,0.185773379729651
ENSG00000065057,NTHL1,0.0322753505775957,-0.107754200462025
ENSG00000081870,HSPB11,0.0672988023500996,-0.125936290102279
ENSG00000180448,ARHGAP45,0.0728161063311373,0.119667378183194
ENSG00000043355,ZIC2,0.0317438275227919,-0.446630376713926
ENSG00000163689,CFAP20DC,0.0777329200582822,-0.365406285011826
ENSG00000069275,NUCKS1,0.0576351100194696,-0.161141433916508
ENSG00000133131,MORC4,0.0563654783789037,0.170547875603878
ENSG00000153823,PID1,0.0335223623795003,0.198044701353495
ENSG00000213523,SRA1,0.062902208386736,0.0371785538623763
ENSG00000206737,RNVU1-18,0.0983776526742193,1.5896816634102e-05
ENSG00000085998,POMGNT1,0.0593588192612859,0.0694605314596265
ENSG00000157800,SLC37A3,0.0592942935724504,-0.070599877695103
ENSG00000187772,LIN28B,0.068591116420714,0.126865146072069
ENSG00000143217,NECTIN4,0.0692818498071641,0.151307565871935
ENSG00000038427,VCAN,0.0565359159261668,0.312369953780079
ENSG00000097046,CDC7,0.0323764092706824,-0.221302465773026
ENSG00000171953,ATPAF2,0.0628101346979266,0.233782488599382
ENSG00000171763,SPATA5L1,0.0327065076269589,-0.054722889226136
ENSG00000215193,PEX26,0.0578868704161027,0.0954342228060384
ENSG00000134339,SAA2,0.0677669716648679,0.158697220681092
ENSG00000223756,TSSC2,0.0274320696147827,-0.36566612844125
ENSG00000155636,RBM45,0.0342409505862374,0.0525302503943163
ENSG00000173041,ZNF680,0.0645777909081815,-0.17977812605611
ENSG00000205981,DNAJC19,0.0306030833318978,-0.088244538210275
ENSG00000075142,SRI,0.0390620770626108,-0.065010106609175
ENSG00000198586,TLK1,0.0584377223690931,0.0074480187127773
ENSG00000203865,ATP1A1-AS1,0.0749970202532237,0.107483866532454
ENSG00000224914,LINC00863,0.0308201086764051,0.102006466558554
ENSG00000180938,ZNF572,0.00940604629305281,-0.216787116464602
ENSG00000204619,PPP1R11,0.0586440938402565,-0.089467771604247
ENSG00000204524,ZNF805,0.0603204279940208,-0.073039114362124
ENSG00000276476,LINC00540,0.022876268783261,0.54515337433133
ENSG00000198682,PAPSS2,0.0620629224337291,0.311411601602845
ENSG00000181450,ZNF678,0.034116235874322,-0.127778476049237
ENSG00000104980,TIMM44,0.0361418372964182,0.142112459031004
ENSG00000260083,MIR762HG,0.079939886180647,-0.208396277902951
ENSG00000108510,MED13,0.0570483608634153,0.0739869938733391
ENSG00000225973,PIGBOS1,0.077856288509936,-0.188217243515424
ENSG00000011347,SYT7,0.0752975842992088,0.247769068946593
ENSG00000196110,ZNF699,0.079339395531619,0.0635149319324815
ENSG00000180776,ZDHHC20,0.0614249117614042,-0.0494849466165674
ENSG00000135473,PAN2,0.0609503680523851,0.268517969984668
ENSG00000125650,PSPN,0.0782202878188035,0.0694458852763526
ENSG00000146729,NIPSNAP2,0.0392752109142146,-0.0002878438685208
ENSG00000184076,UQCR10,0.0377357765748475,-0.0158693654413725
ENSG00000105619,TFPT,0.0698410948770664,-0.00012272056167169
ENSG00000092445,TYRO3,0.0347821161563019,-0.291503381646348
ENSG00000112679,DUSP22,0.0631546933451697,0.217017365194262
ENSG00000172469,MANEA,0.0722921862163247,-0.0039914532046181
ENSG00000108387,SEPTIN4,0.027853010957929,0.0426222595372479
ENSG00000146352,CLVS2,0.0201073658999852,-0.102428092335076
ENSG00000128165,ADM2,0.0275919970242875,0.224543505787879
ENSG00000213397,HAUS7,0.0673178249566213,-0.57407658005033
ENSG00000104691,UBXN8,0.0681977604028005,0.0446456877308435
ENSG00000131759,RARA,0.0582044240716902,0.108749012621061
ENSG00000204623,ZNRD1ASP,0.063941764049214,-0.102420029100887
ENSG00000083844,ZNF264,0.0610517449935835,0.131852068096702
ENSG00000198874,TYW1,0.0397765380836307,-0.144072987866183
ENSG00000114030,KPNA1,0.0570829790436282,0.0816601424741707
ENSG00000258839,MC1R,0.032956061552347,0.279124407113652
ENSG00000013306,SLC25A39,0.0583386348969765,0.0295397288789726
ENSG00000166435,XRRA1,0.063223402999256,0.130305904125972
ENSG00000124782,RREB1,0.0434740816728413,0.307433542731093
ENSG00000050327,ARHGEF5,0.0343429835978917,0.29469067054937
ENSG00000243943,ZNF512,0.0403620101143898,0.0258519906186233
ENSG00000157978,LDLRAP1,0.0614763786799103,-0.352905712024673
ENSG00000231028,AHI1-DT,0.0980354427398889,0.432116443302775
ENSG00000104131,EIF3J,0.0608940431007959,-0.131295647582036
ENSG00000161692,DBF4B,0.0409094514944779,-0.261463129992298
ENSG00000160867,FGFR4,0.0398402359839313,0.455759550466016
ENSG00000114735,HEMK1,0.0337237180628877,0.369024871302072
ENSG00000140612,SEC11A,0.0420834589043906,0.0243740355054139
ENSG00000146477,SLC22A3,0.0424305304603929,0.163443999846071
ENSG00000130038,CRACR2A,0.0871780570450274,0.024396602531149
ENSG00000197323,TRIM33,0.0413089337173337,0.0153542534475665
ENSG00000108469,RECQL5,0.0399167041431126,0.201863751374687
ENSG00000180957,PITPNB,0.0401807624995466,0.093915399022701
ENSG00000141646,SMAD4,0.042567523973208,0.0953106213234472
ENSG00000258525,LOC100506071,0.0896168649147978,0.0524716603991746
ENSG00000148362,PAXX,0.065700876882542,-0.12725048328537
ENSG00000070444,MNT,0.0613590693643239,0.233050288188301
ENSG00000105696,TMEM59L,0.0173953427243165,0.384538610106829
ENSG00000119684,MLH3,0.0580847117741832,0.106562563431599
ENSG00000196368,NUDT11,0.0917800002744741,-0.226555359212694
ENSG00000176973,FAM89B,0.0335255622279393,-0.232337113015203
ENSG00000288705,UGT1A5,0.0668286489484016,0.361791598913046
ENSG00000132305,IMMT,0.0432905505868827,0.0034177402967516
ENSG00000269834,ZNF528-AS1,0.0845694006607727,-0.696126051855888
ENSG00000075218,GTSE1,0.0622991412515475,-0.549830127697272
ENSG00000118217,ATF6,0.0574066649282892,0.0810360850337708
ENSG00000010704,HFE,0.0605478027558092,-0.198750760414357
ENSG00000167165,UGT1A6,0.0604563484525815,0.474680306389715
ENSG00000232499,LOC100421402,0.0918559792124046,0.139362393821091
ENSG00000137434,C6orf52,0.0108031070551962,0.259648317341981
ENSG00000198455,ZXDB,0.0606282510567019,0.119411545284919
ENSG00000180398,MCFD2,0.0560074955755094,0.0898308203318454
ENSG00000102385,DRP2,0.0744246892441927,-0.332196542045795
ENSG00000198934,MAGEE1,0.0316400737537071,-0.0371277547713827
ENSG00000178188,SH2B1,0.0397622781223417,0.115660517269468
ENSG00000249279,LINC02057,0.0103554512716677,0.7829315802106
ENSG00000188282,RUFY4,0.0219598470461523,0.354927729639049
ENSG00000182841,RRP7BP,0.0631856978116729,0.0047888789044231
ENSG00000244026,FAM86DP,0.0624424969194959,0.166691004773665
ENSG00000119328,ABITRAM,0.0639852584276203,-0.102925342558093
ENSG00000119547,ONECUT2,0.0356876609936437,-0.226392353270908
ENSG00000102271,KLHL4,0.06713464425903,0.0760373733025041
ENSG00000259439,LINC01833,0.0309235232206917,-0.0319351271410197
ENSG00000059728,MXD1,0.0593968289677813,0.112243609803734
ENSG00000175764,TTLL11,0.0277835163206613,0.369075807226538
ENSG00000135698,MPHOSPH6,0.0353280411283257,-0.113618157805779
ENSG00000008441,NFIX,0.0404754766967603,-0.040667156106645
ENSG00000179051,RCC2,0.0563139977798596,-0.157552908443479
ENSG00000134046,MBD2,0.0576598278284152,-0.0434967014869674
ENSG00000235961,PNMA6A,0.0112168559770266,0.109220022705416
ENSG00000181201,H2BU2P,0.0818492898331698,-1.49366160878481
ENSG00000273841,TAF9,0.0571368322624756,0.0024720717623057
ENSG00000160062,ZBTB8A,0.0345980042162635,-0.0419711435783293
ENSG00000161955,TNFSF13,0.0281056315254672,0.386827019167977
ENSG00000127870,RNF6,0.0408170158832402,0.0687944178959485
ENSG00000269825,LOC122539214,0.0290657185754602,-0.164260129109711
ENSG00000075188,NUP37,0.0398378193066453,-0.251944251722764
ENSG00000104976,SNAPC2,0.0647714504274201,-0.08446150099432
ENSG00000255072,PIGY,0.0366539368241039,0.13018579060996
ENSG00000258643,BCL2L2-PABPN1,-0.0046144186704067,-0.062824166327196
ENSG00000109814,UGDH,0.0562863492646747,-0.093361025518001
ENSG00000115339,GALNT3,0.0774629289505209,-0.698037963485069
ENSG00000207864,MIR27B,0.0860659636399389,0.0053744608974885
ENSG00000253368,TRNP1,0.0585253674951428,0.0479944330203147
ENSG00000135597,REPS1,0.0398460707915232,-0.130756295394735
ENSG00000175309,PHYKPL,0.0402462538336297,0.308635944039688
ENSG00000109787,KLF3,0.05654814897984,0.203916053662454
ENSG00000187824,TMEM220,0.0923921380008217,0.0891906975524451
ENSG00000179832,MROH1,0.0620524141627974,0.306162168477929
ENSG00000137274,BPHL,0.035956190301142,0.158377519503301
ENSG00000166578,IQCD,0.0270911124825256,-0.240133949759018
ENSG00000025708,TYMP,0.0424928063979335,0.171406781619527
ENSG00000166681,BEX3,0.0580064755593214,0.005914724300181
ENSG00000167785,ZNF558,0.0607393066962795,0.19915128817133
ENSG00000254413,CHKB-CPT1B,0.008569055545094,0.867316521835148
ENSG00000087903,RFX2,0.0310944281849034,-0.0293535852102126
ENSG00000109944,JHY,0.0292184061441773,0.143660541121859
ENSG00000167740,CYB5D2,0.0676473100621653,0.193310123939345
ENSG00000267575,LINC02987,0.0402990841489463,0.0099461225401655
ENSG00000198794,SCAMP5,0.0619438723718433,-0.0430315613772903
ENSG00000166167,BTRC,0.0588915142047818,0.0371394827690067
ENSG00000135452,TSPAN31,0.036474113110105,0.0025369553034497
ENSG00000142494,SLC47A1,0.0607245267605511,-0.0273728977840406
ENSG00000226314,ZKSCAN8P1,0.0130574259407618,0.0107572170800953
ENSG00000181704,YIPF6,0.0580123349516052,0.189671122918833
ENSG00000112874,NUDT12,0.0256701217457784,-0.164974317252568
ENSG00000178773,CPNE7,0.0384270520395319,0.256833187347285
ENSG00000067836,ROGDI,0.0294221325030007,0.181068822302263
ENSG00000244242,IFITM10,-0.055926597261771,-0.506649740571678
ENSG00000204392,LSM2,0.0388571886681057,-0.129182940962225
ENSG00000175691,ZNF77,0.0217361133877657,-0.294304034243546
ENSG00000114491,UMPS,0.0597621529915512,-0.0352554563027288
ENSG00000181991,MRPS11,0.0580379165312348,-0.057211500922562
ENSG00000103121,CMC2,0.0403418259481242,-0.137482067446379
ENSG00000105737,GRIK5,0.0145584754461136,0.511867352325588
ENSG00000172273,HINFP,0.0634112962858761,0.0852735794352978
ENSG00000183495,EP400,0.0425595616726869,0.0727182528815326
ENSG00000166439,RNF169,0.0428734715862484,0.0990486056031744
ENSG00000166822,TMEM170A,0.0394665014351903,-0.0026437805243626
ENSG00000167552,TUBA1A,0.0557180740698905,-0.419445205848203
ENSG00000118420,UBE3D,0.0317392899330754,0.0273456231233265
ENSG00000143429,LSP1P5,NA,NA
ENSG00000187796,CARD9,0.00845895605479671,0.323098387246999
ENSG00000012174,MBTPS2,0.0422819343916608,0.16496675585725
ENSG00000141577,CEP131,0.0626317616526748,-0.353347528570348
ENSG00000167842,MIS12,0.0413111795699427,-0.093467716630718
ENSG00000197429,IPP,0.067356709117317,0.0322273157914434
ENSG00000235899,LINC01564,0.0182896859484107,-0.10806027668815
ENSG00000099725,PRKY,0.0617820932335828,0.267639027038938
ENSG00000156232,WHAMM,0.0395733593450499,0.114664559284638
ENSG00000186364,NUDT17,0.0166286610026537,0.460822815617716
ENSG00000198478,SH3BGRL2,0.0674042267758075,-0.0449176375744023
ENSG00000242779,ZNF702P,0.0829646551649366,0.194186042036667
ENSG00000171806,METTL18,0.0770413651727983,-0.354805579853454
ENSG00000111801,BTN3A3,0.0595312856514999,0.10146250358121
ENSG00000170175,CHRNB1,0.0669897491980412,-0.162864500116536
ENSG00000144455,SUMF1,NA,NA
ENSG00000188243,COMMD6,0.0360066692558934,0.0160944039957542
ENSG00000120458,MSANTD2,0.0627642545807324,0.0491472218860158
ENSG00000170775,GPR37,0.0696938465791999,0.539399947709006
ENSG00000182329,KIAA2012,0.0818684876828006,0.903345837582337
ENSG00000018236,CNTN1,0.0434450479661749,0.373966820762285
ENSG00000107819,SFXN3,0.0427914140537439,0.0401047080439785
ENSG00000249087,ZNF436-AS1,0.0118018413137251,0.257651525405326
ENSG00000196510,ANAPC7,0.0438675849668684,-0.0043060437677349
ENSG00000105655,ISYNA1,0.0662622782409975,0.36161133315636
ENSG00000115694,STK25,0.0422225265413968,0.214734574404742
ENSG00000160050,CCDC28B,0.0155381162571579,0.0694309491440237
ENSG00000284024,LOC100421372,0.0415573539522231,-0.107724112841086
ENSG00000151470,C4orf33,0.0373499036963573,0.0168313430756365
ENSG00000031081,ARHGAP31,0.0641471201626568,0.103002648902931
ENSG00000177842,ZNF620,0.0670745615298939,0.0510064252812198
ENSG00000171219,CDC42BPG,0.0629754473475374,0.325820162982609
ENSG00000005448,WDR54,0.0603200591422636,-0.05899413167989
ENSG00000142544,CTU1,0.0328880926276029,0.0812010500589163
ENSG00000143797,MBOAT2,0.0596316454084047,-0.254074919100854
ENSG00000172840,PDP2,0.0608015053910423,-0.143122984108618
ENSG00000130005,GAMT,0.0624207586275547,-0.00198587285048839
ENSG00000266278,LINC01910,0.0814276722616691,-0.055012497094399
ENSG00000183242,WT1-AS,0.0864225217699882,-0.281213087831148
ENSG00000147457,CHMP7,0.0425413530549959,-0.0427042876266256
ENSG00000122390,NAA60,0.0565099343343446,0.110603683112395
ENSG00000167716,WDR81,0.0575732680715113,0.215697098579349
ENSG00000179528,LBX2,0.0757474067579834,0.301299405584465
ENSG00000072609,CHFR,0.0420294339694995,0.352403521643109
ENSG00000164690,SHH,0.0741264892948363,0.422274738401646
ENSG00000130054,NALF2,0.0654340236745454,-0.446302568915113
ENSG00000147789,ZNF7,0.0574707419664724,0.0458822053654304
ENSG00000166398,GARRE1,0.0434538781114577,0.183901879454416
ENSG00000135083,CCNJL,0.0410080983322942,0.115815843751456
ENSG00000166311,SMPD1,0.0618500505276218,0.111761917157159
ENSG00000016864,GLT8D1,0.0600437148249876,0.0146374097747631
ENSG00000169302,STK32A,0.0731678598601852,0.163533212493629
ENSG00000165219,GAPVD1,0.0431628707830626,0.0198204092500587
ENSG00000186312,CA5BP1,0.037327979345768,-0.20788616823385
ENSG00000143952,VPS54,0.0414214926102009,0.116821698623225
ENSG00000132740,IGHMBP2,0.0393223877620653,-0.0311099091732314
ENSG00000171566,PLRG1,0.0591255562499183,-0.058678922213018
ENSG00000104047,DTWD1,0.0390445652337205,0.212874216608865
ENSG00000288235,FAM106C,0.021046447353334,-0.324634208884086
ENSG00000069509,FUNDC1,0.0362458828597916,0.195698904621211
ENSG00000185519,FAM131C,0.0700459184130967,0.459859768654069
ENSG00000136518,ACTL6A,0.0598719024054709,-0.391696186854102
ENSG00000236901,MIR600HG,0.0708285664909969,0.0098222156826273
ENSG00000147912,FBXO10,0.0610885289780753,0.218854182075972
ENSG00000254685,FPGT,0.0640223401329664,-0.126305684068465
ENSG00000165802,NSMF,0.0415359916348738,0.173930824539093
ENSG00000085511,MAP3K4,0.0406590851818537,-0.126796684390871
ENSG00000176058,TPRN,0.0351338911659099,-0.230826948319016
ENSG00000177169,ULK1,0.0436560813472843,0.18360506952263
ENSG00000007923,DNAJC11,0.0420880363151315,0.0792371780639784
ENSG00000030419,IKZF2,0.0640440806315948,0.167801847176313
ENSG00000131462,TUBG1,0.0432553394446224,-0.201476114434032
ENSG00000146828,SLC12A9,0.0581094326967976,-0.0142077665665263
ENSG00000174842,GLMN,0.0662728593878333,-0.0356352847900671
ENSG00000115762,PLEKHB2,0.0441550268173809,0.0598866716580776
ENSG00000204588,LINC01123,0.0620584998211697,-0.107445178446316
ENSG00000136205,TNS3,0.0459759675651928,0.230821345605503
ENSG00000114850,SSR3,0.0564685062191688,-0.221235653416901
ENSG00000068001,HYAL2,0.059271334264618,-0.124280148202475
ENSG00000157216,SSBP3,0.0380588875504297,-0.159241655440719
ENSG00000102898,NUTF2,0.0565547687420878,-0.190657017479062
ENSG00000183891,TTC32,0.0347287839835401,0.0275913595169175
ENSG00000179562,GCC1,0.0571577888448253,0.15544697548497
ENSG00000196357,ZNF565,0.0287187144358598,0.302429844352822
ENSG00000274602,PI4KAP1,0.066779267463079,0.239036371751038
ENSG00000151612,ZNF827,0.0415388154112824,-0.202667896561119
ENSG00000135211,TMEM60,0.0633736645440577,-0.129850595585956
ENSG00000280071,LOC102724023,0.11238533504531,0.326109391050955
ENSG00000265727,RN7SL648P,0.0296884789142367,0.247567551552563
ENSG00000281404,LINC01176,0.0636999413168128,0.00477661716582151
ENSG00000174796,THAP6,0.0608093615617733,0.0292014240035486
ENSG00000115459,ELMOD3,0.0417472618057241,0.158382137665812
ENSG00000170634,ACYP2,0.0668072937706126,0.0659640923026544
ENSG00000182372,CLN8,0.0397582752275969,0.178384505033143
ENSG00000241549,GUSBP2,0.0166328206450759,-0.252508845452803
ENSG00000096746,HNRNPH3,0.0559935118267854,-0.297438366169997
ENSG00000181467,RAP2B,0.0560678712474903,-0.0201828754985261
ENSG00000162385,MAGOH,0.0361971747841324,-0.083154853495247
ENSG00000237651,C2orf74,0.0195098121614862,-0.36169471420031
ENSG00000170515,PA2G4,0.0446704711973365,-0.280569665584391
ENSG00000179094,PER1,0.0586774037427257,0.247732796373689
ENSG00000159720,ATP6V0D1,0.0560404028053272,0.0918492292122775
ENSG00000099785,MARCHF2,0.035975999550856,0.126854399534967
ENSG00000119778,ATAD2B,0.0573943002386231,0.117390241744945
ENSG00000264743,DPRXP4,0.0834677735491314,0.223811246218126
ENSG00000162086,ZNF75A,0.0424379994878291,0.22927290220385
ENSG00000149201,CCDC81,0.0162532861823208,-0.230377304547926
ENSG00000261879,ZNF594-DT,0.0787559610887757,0.0460207056950393
ENSG00000196743,GM2A,0.0577024704950783,0.170334964822194
ENSG00000115421,PAPOLG,0.0581266555262842,0.0483311761811115
ENSG00000105877,DNAH11,0.0361774661969039,0.293558495258481
ENSG00000288596,C8orf44,0.0689526933614829,0.272781607056494
ENSG00000169519,METTL15,0.0397904127878249,0.123024652893023
ENSG00000171681,ATF7IP,0.0568400483777324,0.0479276935239245
ENSG00000084764,MAPRE3,0.0609006623797085,0.328824075440364
ENSG00000122884,P4HA1,0.0433120343170352,-0.103212337892425
ENSG00000135477,KRT87P,0.0690003516805398,-0.051302635784483
ENSG00000186063,AIDA,0.0420406144601563,-0.164156199766245
ENSG00000255330,SOGA3,0.041331056875511,-0.107872229730848
ENSG00000280739,EIF1B-AS1,0.0725920187887909,0.145992438391874
ENSG00000189079,ARID2,0.0562911649554477,0.0546876007107523
ENSG00000102871,TRADD,0.039448712249518,-0.14614390163831
ENSG00000108947,EFNB3,0.0160882645526682,0.608294131484625
ENSG00000065970,FOXJ2,0.0576741392505976,-0.180136873077033
ENSG00000182149,IST1,0.0558975049129053,0.01939861363571
ENSG00000136715,SAP130,0.0566303996911181,-0.136281394739952
ENSG00000136261,BZW2,0.0429800096365914,-0.118186898156273
ENSG00000283959,LOC101927245,0.0665346012368913,0.292719364479057
ENSG00000156970,BUB1B,0.0431850250629155,-0.471692630469914
ENSG00000196290,NIF3L1,0.0580115007923486,-0.155429235305981
ENSG00000135476,ESPL1,0.0429789057806,-0.293887717544722
ENSG00000107485,GATA3,0.0670629722553097,0.0989138544312588
ENSG00000282851,BISPR,0.0634915961234026,0.220853470621543
ENSG00000150907,FOXO1,0.0401568614638561,-0.11102287176029
ENSG00000112787,FBRSL1,0.0433849732694276,-0.051231883551607
ENSG00000262246,CORO7,0.0582158733754606,0.0958136684107802
ENSG00000268895,A1BG-AS1,0.0341395339544028,0.0926659581692013
ENSG00000278318,ZNF229,0.0387133670884216,0.0317451395619862
ENSG00000188242,PP7080,0.322085684808081,-0.075724439876766
ENSG00000099977,DDT,NA,NA
ENSG00000065600,PACC1,0.040276694801331,-0.133843501845212
ENSG00000164038,SLC9B2,0.063968756299889,-0.097102727560815
ENSG00000143363,PRUNE1,0.0583635188633426,-0.112913001036511
ENSG00000083099,LYRM2,0.0416889168321349,0.0878856846952968
ENSG00000226686,LINC01535,0.0814901166460864,0.165488427137795
ENSG00000104852,SNRNP70,0.0550079310384137,0.122285633294822
ENSG00000137094,DNAJB5,0.0674941914665982,-0.199769598839394
ENSG00000197385,ZNF860,0.0679568474605017,-0.0153838094204563
ENSG00000102753,KPNA3,0.0435716725163406,-0.0249156559225971
ENSG00000093000,NUP50,0.0441887786522332,0.265981007077035
ENSG00000134371,CDC73,0.0562521626165743,0.105526803736447
ENSG00000146457,WTAP,0.0445651624080614,0.144108390820905
ENSG00000133275,CSNK1G2,0.0566342644658268,0.044421985944168
ENSG00000147164,SNX12,0.0552582452753194,-0.0115751109005545
ENSG00000170855,TRIAP1,0.0597123630141132,0.0716969261657633
ENSG00000146063,TRIM41,0.0438027877385055,0.226114712370178
ENSG00000184575,XPOT,0.0442957350062927,0.0775569855450954
ENSG00000104626,ERI1,0.0582155712700603,-0.0285656005961298
ENSG00000147419,CCDC25,0.0583326400836779,0.0979186622210279
ENSG00000134313,KIDINS220,0.0548916911681641,0.0680371695799235
ENSG00000100583,SAMD15,0.0772156093318615,-0.208179136675118
ENSG00000175449,RFESD,0.0763639321671413,0.0726318244430886
ENSG00000167840,ZNF232,0.0332877782436695,0.00655801546266691
ENSG00000117009,KMO,0.0225039874843853,-0.226186330881105
ENSG00000172167,MTBP,0.0603472791705514,-0.245632273019813
ENSG00000121903,ZSCAN20,0.060630773532937,-0.097217403781513
ENSG00000170445,HARS1,0.0555523576923712,-5.28848278806004e-05
ENSG00000188312,CENPP,0.038534065923256,-0.159640441547527
ENSG00000141052,MYOCD,0.0650227603601035,0.350540692731993
ENSG00000104957,YJU2B,0.0600869953443978,0.0313657188751934
ENSG00000184863,RBM33,0.0449753528295851,0.213662802492619
ENSG00000175294,CATSPER1,0.0197749178780643,0.16683670531853
ENSG00000276545,PCDHGB9P,0.0811510442382695,-0.257950360863144
ENSG00000061936,SFSWAP,0.0572538184306773,0.0716970624034278
ENSG00000026297,RNASET2,0.0592161808181175,-0.194585013373568
ENSG00000185917,SETD4,0.059948844713107,0.0913024359991412
ENSG00000204764,RANBP17,0.0583865402249074,-0.070638203730889
ENSG00000247596,TWF2,0.0564007610501896,-0.07425223736677
ENSG00000240288,GHRLOS,0.0281098211176283,0.212915420081364
ENSG00000074695,LMAN1,0.0556334516673213,0.0658452159442123
ENSG00000111850,SMIM8,NA,NA
ENSG00000189241,TSPYL1,0.0554189569376842,-0.065473081454804
ENSG00000122644,ARL4A,0.0587817053703478,-0.0289021087144232
ENSG00000237975,FLG-AS1,0.0302285181005116,0.403938208483289
ENSG00000174231,PRPF8,0.045193771658201,-0.10626891553139
ENSG00000182791,CCDC87,0.0213242391908011,0.38773006960356
ENSG00000160075,SSU72,0.0438497445904931,-0.00926553367896089
ENSG00000132383,RPA1,0.0557080217100709,-0.234687663039347
ENSG00000281357,ARRDC3-AS1,0.0719314095665451,0.123332986735474
ENSG00000038532,CLEC16A,0.0562832503299616,0.0948930757030782
ENSG00000115866,DARS1,0.0435441821300943,0.038329305760441
ENSG00000156990,RPUSD3,0.0426369033154324,0.0470645152106486
ENSG00000198837,DENND4B,0.0554631569294058,0.241543423354729
ENSG00000164162,ANAPC10,0.0354701751933431,-0.0161766519657661
ENSG00000185100,ADSS1,0.0636452518849956,0.339813189851224
ENSG00000111271,ACAD10,0.043736398450767,0.308144074312304
ENSG00000078319,PMS2P1,0.0574767652746886,-0.055190149686627
ENSG00000186272,ZNF17,0.0607557498897888,0.230029473027479
ENSG00000178150,ZNF114,0.0351214536915208,0.0603176156787945
ENSG00000241360,PDXP,0.0813328585254902,-0.0334327851178478
ENSG00000145220,LYAR,0.0593698925577268,-0.254454194518977
ENSG00000103995,CEP152,0.0584099531943818,-0.174647759084923
ENSG00000145014,TMEM44,0.0581037344701338,0.115995730905412
ENSG00000165025,SYK,0.0695666929177357,-0.118228012300597
ENSG00000175087,PDIK1L,0.0621690814150199,-0.128934155769341
ENSG00000021762,OSBPL5,0.0591475536270206,0.261310712818709
ENSG00000116183,PAPPA2,0.0669026417545678,-0.086925983172134
ENSG00000108506,INTS2,0.0443785133842308,0.0671544617251359
ENSG00000006715,VPS41,0.0439394967479883,0.186964132310235
ENSG00000212978,C2orf74-DT,0.0381340005457613,-0.0472031774465601
ENSG00000240087,RPSAP12,0.0284050342613826,-0.257815642375356
ENSG00000143322,ABL2,0.0546344710190441,0.280709383032284
ENSG00000080823,MOK,0.0380888723666718,0.105618834663308
ENSG00000062194,GPBP1,0.0546682604949506,0.0464157495799498
ENSG00000172262,ZNF131,0.0567923682242837,0.0705609427616522
ENSG00000173418,NAA20,0.0435029440453812,-0.152571483443538
ENSG00000143315,PIGM,0.0424861973481562,0.0824833951432066
ENSG00000176783,RUFY1,0.055956932354212,0.187544935449471
ENSG00000179454,KLHL28,0.057744784715894,0.0455332581532299
ENSG00000187713,TMEM203,0.0585876320873655,-0.132538221985855
ENSG00000010322,NISCH,0.055811186123461,0.190299200694089
ENSG00000101421,CHMP4B,0.0554126004028397,-0.0206050900229654
ENSG00000110048,OSBP,0.04531283833488,-0.0241575798858429
ENSG00000102879,CORO1A,0.0672030844058132,-0.366714058218942
ENSG00000156976,EIF4A2,0.0560633552105656,0.208649596195721
ENSG00000173757,STAT5B,0.0553911416834498,0.0909369507811
ENSG00000251441,RTEL1P1,0.029476997838846,0.226741629118831
ENSG00000183935,HTR7P1,0.0683068148783956,-0.091312403003737
ENSG00000169330,MINAR1,0.0331284713358625,0.149619403302001
ENSG00000179611,DGKZP1,0.06124129266768,-0.249959614952464
ENSG00000263528,IKBKE,0.0434634483127752,0.136602587338385
ENSG00000273559,CWC25,0.0570953517987429,0.0271488131907597
ENSG00000064703,DDX20,0.0431056125901154,-0.167048624584515
ENSG00000169410,PTPN9,0.0546542049890497,0.0143560760190031
ENSG00000151229,SLC2A13,0.0415850961524919,0.125723783756149
ENSG00000133863,TEX15,0.028707257570003,-0.323988688129223
ENSG00000226761,TAS2R46,0.0755456547264878,0.231284388976054
ENSG00000196646,ZNF136,0.0712487297812991,0.244173704876382
ENSG00000157542,KCNJ6,0.0429066753060551,0.160140446292449
ENSG00000139579,NABP2,0.0565071686060178,-0.200429923132501
ENSG00000180773,SLC36A4,0.0407956248049889,0.0602280127529223
ENSG00000173156,RHOD,0.0595751070152268,0.108017646230701
ENSG00000259024,TVP23C-CDRT4,0.146335782137148,0.585789865941146
ENSG00000169241,SLC50A1,0.0424518839858711,0.147220738226127
ENSG00000241127,YAE1,0.0599811974869286,-0.128762286401937
ENSG00000226784,PGAM4,0.0765783016998549,-0.84813132181144
ENSG00000186001,LRCH3,0.0447762728516539,0.157489577374034
ENSG00000113209,PCDHB5,0.0721752228297282,0.338019062853224
ENSG00000134574,DDB2,0.0430357297494773,0.330914543172518
ENSG00000143545,RAB13,0.0425075062470246,-0.105766920498327
ENSG00000237296,SMG1P1,0.0717311850020711,-0.0295575067123764
ENSG00000173705,SUSD5,0.0673078138455151,-0.33736688466856
ENSG00000136636,KCTD3,0.0550614562104294,-0.031808340290072
ENSG00000144815,NXPE3,0.0550003196222575,-0.074549739095179
ENSG00000196922,ZNF252P,0.0553133831237016,0.112365299073798
ENSG00000268006,PTOV1-AS1,0.0686431954614498,-0.396061472333914
ENSG00000188690,UROS,0.0555224616385907,0.134065137698781
ENSG00000162623,TYW3,0.0433444773176134,-0.0358333197630149
ENSG00000266472,MRPS21,0.0430089581419442,-0.091963902037994
ENSG00000131351,HAUS8,0.059376104628124,-0.240644943249998
ENSG00000071462,BUD23,0.0452909880148121,-0.0347745317816771
ENSG00000274615,NPEPPSP1,0.061297842227872,0.215169825184941
ENSG00000182712,CMC4,0.0674117406942976,-0.375173460153036
ENSG00000105173,CCNE1,0.0572007176414731,-0.250730705461512
ENSG00000006432,MAP3K9,0.0542859919442876,0.020827520573474
ENSG00000168505,GBX2,0.0240088588933938,-0.614634305143904
ENSG00000106689,LHX2,0.0299765377018145,-0.260216243935175
ENSG00000165923,AGBL2,0.0382439276204994,0.116637751458916
ENSG00000106665,CLIP2,0.0547355037328248,0.417388960150279
ENSG00000074621,SLC24A1,0.0586385921550712,0.0303237820211647
ENSG00000241472,PTPRG-AS1,0.0699498851647952,-0.560215897860719
ENSG00000215912,TTC34,0.0696081709948345,-0.107555756883171
ENSG00000121310,ECHDC2,0.0573084575287061,0.30945756888184
ENSG00000075292,ZNF638,0.0539070549549448,0.181689040528474
ENSG00000223345,H2BP1,0.0642827539185367,-0.37164441841284
ENSG00000104490,NCALD,0.0590525532725993,0.262981104836493
ENSG00000116273,PHF13,0.042374427039787,-0.116626116354399
ENSG00000143793,C1orf35,0.0402667276951433,-0.173088318815339
ENSG00000119431,HDHD3,0.057885916595013,0.0521817329917165
ENSG00000151893,CACUL1,0.0452424424053496,0.145396010728677
ENSG00000263412,NFE2L1-DT,0.0658113218959262,-0.071461437708677
ENSG00000198612,COPS8,0.0448975602311705,-0.104761674769212
ENSG00000215883,CYB5RL,0.0601970552319502,-0.058070115580621
ENSG00000079950,STX7,0.0578261785957825,0.147749074688996
ENSG00000166260,COX11,0.0561787537643966,0.0698047358288855
ENSG00000188234,AGAP4,0.0596242882618825,0.245668114342775
ENSG00000145002,FAM86B2,0.0257998285847957,-0.088312785641177
ENSG00000006712,PAF1,0.0449521380944895,-0.0390243835940124
ENSG00000260219,CD2BP2-DT,0.0693715938315604,-0.368655105952833
ENSG00000233593,LINC02609,0.0335616316207871,-0.102032413810284
ENSG00000103449,SALL1,0.0356983348308434,0.452070723070528
ENSG00000143412,ANXA9,0.0301865312072971,0.633314928394321
ENSG00000266094,RASSF5,0.0627670372169432,-0.0139615577421338
ENSG00000164949,GEM,0.0621063622811933,0.666260992859655
ENSG00000102897,LYRM1,0.0416020301227936,0.212090290030054
ENSG00000127445,PIN1,0.0438634749489246,-0.120609083318503
ENSG00000141026,MED9,0.0568967899156989,0.0829847827469518
ENSG00000135249,RINT1,0.0434408512015673,0.088540048279566
ENSG00000145736,GTF2H2,NA,NA
ENSG00000127419,TMEM175,0.0404146383203395,0.225848303854956
ENSG00000105617,LENG1,0.0623098769245835,-0.051610551428613
ENSG00000152359,POC5,0.0581121039697017,-0.029916411900657
ENSG00000107731,UNC5B,0.0648601860529792,0.30317439669298
ENSG00000172466,ZNF24,0.0548584018145909,0.235859300747837
ENSG00000109184,DCUN1D4,0.0429827768561996,0.147852513514869
ENSG00000147854,UHRF2,0.0451933633849469,0.0113334627507336
ENSG00000184497,TMEM255B,0.0717074381018628,0.0018196725206729
ENSG00000105976,MET,0.0530378883449455,0.0628489906208622
ENSG00000280798,LINC00294,0.0443747293836362,0.228589552301613
ENSG00000057663,ATG5,0.0428301067075645,0.210814713310228
ENSG00000008952,SEC62,0.0537722560544359,0.0530400891582414
ENSG00000186399,GOLGA8R,0.0670098147789242,0.255328416699834
ENSG00000168038,ULK4,0.0605374139613308,0.0377925716367125
ENSG00000151364,KCTD14,0.0320110283990432,-0.204821973836683
ENSG00000037637,FBXO42,0.0448647905811219,0.107147242711076
ENSG00000171222,SCAND1,0.0564365084891572,0.135466749468123
ENSG00000151148,UBE3B,0.0453179314272602,0.161104067594938
ENSG00000127481,UBR4,0.0531362106501213,0.121251726464776
ENSG00000111481,COPZ1,0.0461657943669934,-0.079889486604691
ENSG00000145687,SSBP2,0.0589601193973293,-0.092101943500749
ENSG00000188549,CCDC9B,0.0555121041192764,0.34757336492131
ENSG00000151327,FAM177A1,NA,NA
ENSG00000163811,WDR43,0.0545342988574206,0.0685091527251539
ENSG00000185880,TRIM69,0.0551926259609653,-0.110294391668484
ENSG00000267858,MZF1-AS1,0.041405876631512,0.409561193882146
ENSG00000149679,CABLES2,0.0565881346732358,-0.184788304015051
ENSG00000173083,HPSE,0.0289669342029704,-0.360674271717505
ENSG00000211460,TSN,0.0551425928737254,-0.101281206706835
ENSG00000271425,NBPF10,0.0409372089797797,0.072942609756359
ENSG00000171346,KRT15,0.0279055967390676,0.423951105264598
ENSG00000104129,DNAJC17,0.0588667409969134,0.225514151470452
ENSG00000142186,SCYL1,0.0542608332210534,0.0380933056913536
ENSG00000099282,TSPAN15,0.0552558275714517,-0.126629389825324
ENSG00000181449,SOX2,0.0325326898311473,0.257808677036508
ENSG00000143179,UCK2,0.0463755146926859,-0.13719656147631
ENSG00000166971,AKTIP,0.0563025246368004,0.0096185196170782
ENSG00000111726,CMAS,0.0561082146155824,-0.09449375253783
ENSG00000179406,LINC00174,0.0561656237713826,0.297637228259352
ENSG00000276256,LOC389831,0.0563982251370272,-0.092942153840304
ENSG00000172171,TEFM,0.0581293051285805,-0.198162716936823
ENSG00000109919,MTCH2,0.0447666624856499,0.097339906300207
ENSG00000187109,NAP1L1,0.0536288887290489,-0.179107124103332
ENSG00000258130,LOC613038,0.0678662888925464,0.0442136603724012
ENSG00000285410,GABPB1-IT1,0.0575631633982506,0.1048817411254
ENSG00000111252,SH2B3,0.0564062441028355,-0.088183315109269
ENSG00000034533,ASTE1,0.0626290686102717,-0.117105684582606
ENSG00000129007,CALML4,0.0755818455115118,0.231491539825385
ENSG00000112624,BICRAL,0.0557927896588022,0.0819446675421297
ENSG00000224020,MIR181A2HG,0.0284693536724585,-0.396334259389367
ENSG00000185436,IFNLR1,0.0389507645176739,-0.0363258487277639
ENSG00000117691,NENF,0.043982169279532,-0.262870237667887
ENSG00000143553,SNAPIN,0.0450124855997226,0.0680197482639499
ENSG00000090470,PDCD7,0.054760208746284,-0.144550046508961
ENSG00000186660,ZFP91,0.0534168209351568,0.0478498630814264
ENSG00000170471,RALGAPB,0.0536481138753365,0.155693676083746
ENSG00000096968,JAK2,0.0561381385482398,0.231946872165017
ENSG00000168477,TNXB,0.0632247671913824,0.787516285069427
ENSG00000160606,TLCD1,0.0558015773995755,-0.288532849885861
ENSG00000219712,LOC100421511,0.0269899183024473,0.0127553824376688
ENSG00000162396,PARS2,0.0603302440721943,0.075157592688633
ENSG00000134538,SLCO1B1,0.059568972203755,0.298498743082403
ENSG00000105968,H2AZ2,0.0464674377721075,-0.178881520189322
ENSG00000079459,FDFT1,0.0538203105601817,-0.565684070805268
ENSG00000086544,ITPKC,0.0444365029140376,-0.052202704329211
ENSG00000248698,LINC01085,0.031886013360851,0.431262476812652
ENSG00000169733,RFNG,0.0562034817248761,0.397247090352632
ENSG00000196267,ZNF836,0.0321263975641461,-0.652024196514885
ENSG00000142330,CAPN10,0.0555871443349938,0.0282058743226332
ENSG00000171649,ZIK1,0.063261799171182,-0.152116204317571
ENSG00000188660,LINC00319,0.071859577859699,0.276461724608595
ENSG00000100888,CHD8,0.0528056921745566,0.0586014972459499
ENSG00000084754,HADHA,0.0531563564974901,-0.0338990089953275
ENSG00000174586,ZNF497,0.225732217139704,1.11868749176582
ENSG00000179240,GVQW3,0.0571302605533122,-0.113865642961701
ENSG00000168079,SCARA5,0.0588663760631299,0.767253167727632
ENSG00000152192,POU4F1,0.0633059186577062,0.234805229453243
ENSG00000272610,MAGI1-IT1,0.0687644304858587,0.190439312394393
ENSG00000198646,NCOA6,0.0534723887554477,0.0134884330647934
ENSG00000214145,LINC00887,0.0403337354609245,-0.00395078483136699
ENSG00000247081,LOC105369147,0.0670243360145059,0.0756020722387469
ENSG00000198873,GRK5,0.0567426741487474,0.184171156275513
ENSG00000181523,SGSH,0.0548790268448105,0.16698170742936
ENSG00000176024,ZNF613,0.0624175098687547,0.157756011580622
ENSG00000197928,ZNF677,0.0630431018645868,-0.633843258460699
ENSG00000148334,PTGES2,0.0540301228644717,-0.0435099790828565
ENSG00000185619,PCGF3,0.0456490305961433,-0.0136937220536725
ENSG00000131503,ANKHD1,0.0359396908292785,-0.091198576689155
ENSG00000101605,MYOM1,0.0724420353238356,-0.136771440877907
ENSG00000140400,MAN2C1,0.0539499735439357,0.317694418441484
ENSG00000156966,B3GNT7,0.0389967492944272,-0.191502524890966
ENSG00000215269,GAGE4,NA,NA
ENSG00000178718,RPP25,0.0456777035689465,-0.163731339913313
ENSG00000104723,TUSC3,0.0548060749561814,0.0726517847753972
ENSG00000170035,UBE2E3,0.05514931843401,0.0238617056428201
ENSG00000123685,BATF3,0.0417857728370918,-0.135478317955261
ENSG00000263711,LINC02864,0.0546953484056286,0.16148074476852
ENSG00000214717,ZBED1,0.0460822907214304,0.226681608299268
ENSG00000171316,CHD7,0.0536830443922406,-0.215744421364142
ENSG00000083720,OXCT1,0.0623820299515496,-0.671058794939119
ENSG00000120725,SIL1,0.0452445894345168,0.0124843050461465
ENSG00000139178,C1RL,0.0458056711367931,0.194691389451917
ENSG00000169826,CSGALNACT2,0.044273868090692,0.321097753465877
ENSG00000138777,PPA2,0.0432184907071842,0.110323867420917
ENSG00000169894,MUC3A,0.0635283775099839,-0.491377776233858
ENSG00000196597,ZNF782,0.0568266345402148,0.16289121992798
ENSG00000055609,KMT2C,0.052757013979134,0.196963939313686
ENSG00000170088,TMEM192,0.0562833690603399,0.0313593773756677
ENSG00000196569,LAMA2,0.0304602149623676,-0.199780666200351
ENSG00000180917,CMTR2,0.0453246344141015,0.0698498991872551
ENSG00000162819,BROX,0.0539731379601935,0.282483854537562
ENSG00000235453,SMIM27,0.029076296441903,0.221827026226799
ENSG00000122140,MRPS2,0.0450726594762826,-0.132089629912867
ENSG00000213468,FIRRE,0.058314080168254,-0.194913894713723
ENSG00000169692,AGPAT2,0.0454572349338533,-0.256421553081055
ENSG00000188566,NDOR1,0.0540115796962338,0.018491377036519
ENSG00000087995,METTL2A,0.0443832496510268,-0.0041856503573393
ENSG00000168781,PPIP5K1,0.0548484353111504,0.138460275392418
ENSG00000213625,LEPROT,0.0460007396065796,-0.111220599406968
ENSG00000120306,CYSTM1,0.0548784015152432,-0.079042742416189
ENSG00000136279,DBNL,0.0534635840799635,0.181789192254177
ENSG00000183060,LYSMD4,0.0415799048927826,-0.167954305964092
ENSG00000154822,PLCL2,0.056975565407241,-0.058318167471049
ENSG00000170561,IRX2,0.0340778656471963,-0.457423486582106
ENSG00000233452,STXBP5-AS1,0.0658484022467755,-0.212774429856976
ENSG00000171448,ZBTB26,0.0589547590553097,-0.00863141489439639
ENSG00000259248,USP3-AS1,0.0310658776666024,0.136547474335907
ENSG00000272686,WASL-DT,0.0656425059471178,0.260894994035762
ENSG00000165512,ZNF22,0.0559686913444308,0.0376284189215504
ENSG00000187244,BCAM,0.046117134260225,0.292563719506376
ENSG00000213465,ARL2,0.0542559754007938,-0.05373160187981
ENSG00000232282,MTND1P32,0.0674442378546514,0.335354791809356
ENSG00000116954,RRAGC,0.0549912810715016,0.153611665425415
ENSG00000241494,RPL26P4,0.0564949810664271,-0.223596063378661
ENSG00000188921,HACD4,0.0577054784635374,0.0307693174356924
ENSG00000105221,AKT2,0.052481170025243,0.13883589603457
ENSG00000249115,HAUS5,0.0441449077967132,-0.149990604794216
ENSG00000127452,FBXL12,0.0556155569234615,-0.066972381949109
ENSG00000004975,DVL2,0.0458971229531452,-0.0324910745256158
ENSG00000185760,KCNQ5,0.0592317678020693,-0.226834978640155
ENSG00000140092,FBLN5,0.0426937705776984,0.332278046392142
ENSG00000204963,PCDHA7,0.0616250940678562,-0.0371710360529534
ENSG00000162222,TTC9C,0.0458820203305252,-0.0056011098645074
ENSG00000111667,USP5,0.0526868294145628,-0.082060112395167
ENSG00000100591,AHSA1,0.0530361183493051,-0.36363894125888
ENSG00000141699,RETREG3,0.0529392827394766,0.148459847211314
ENSG00000134253,TRIM45,0.0605683991400618,-0.197900601694349
ENSG00000123131,PRDX4,0.0466937403462204,-0.053656181659636
ENSG00000237310,LINC03011,0.0671287687936908,-0.07098623320222
ENSG00000278233,RNA5-8SN2,0.0552032444855875,-0.157849316796581
ENSG00000075420,FNDC3B,0.0475134294139988,0.410724400934269
ENSG00000072954,TMEM38A,0.0647423337309728,0.584017354912444
ENSG00000178026,LRRC75B,0.0394484218644944,0.114828151713383
ENSG00000129055,ANAPC13,0.0454814753354277,0.0743185715770733
ENSG00000124588,NQO2,0.0459367886094351,-0.232067139475148
ENSG00000060138,YBX3,0.0472215283460196,0.128865827703787
ENSG00000159214,CCDC24,0.0397467429605929,0.421234923525556
ENSG00000132423,COQ3,0.060322030343939,-0.327907575591213
ENSG00000087510,TFAP2C,0.0554789876633462,0.12854795795787
ENSG00000135966,TGFBRAP1,0.0464049580777566,0.114327080362631
ENSG00000114423,CBLB,0.0457750434696253,0.064557171395747
ENSG00000181274,FRAT2,0.058146461566743,-0.0185681194219365
ENSG00000165997,ARL5B,0.0460919432345229,0.087890346745313
ENSG00000054179,ENTPD2,0.0628442291198545,0.387401613821373
ENSG00000145920,CPLX2,0.052133586566735,-0.052395468154493
ENSG00000124795,DEK,0.0534404780486474,-0.283204270266402
ENSG00000049245,VAMP3,0.0467098294659726,-0.094632057761639
ENSG00000152766,ANKRD22,0.0414512788769764,0.188078481183366
ENSG00000167685,ZNF444,0.0534286846345305,0.272715633213658
ENSG00000022267,FHL1,0.0453035187320073,0.384265095397577
ENSG00000103194,USP10,0.0475931389099395,-0.011189419618991
ENSG00000203778,FAM229B,0.0392032025666457,0.173208198755583
ENSG00000181135,ZNF707,NA,NA
ENSG00000117899,MESD,0.0476316291426823,-0.114840480833623
ENSG00000254852,NPIPA2,0.0342253458779607,0.291740268992415
ENSG00000142684,ZNF593,0.0440437434085879,-0.083937127837549
ENSG00000129749,CHRNA10,0.0623542067297327,0.164519149809768
ENSG00000172007,RAB33B,0.0431503338552713,0.0241925048826722
ENSG00000164039,BDH2,0.0562289138400728,0.365990475573412
ENSG00000116977,LGALS8,0.0471143600246834,0.129030399532171
ENSG00000266967,AARSD1,0.0453790212524158,0.296878389968995
ENSG00000205571,SMN1,NA,NA
ENSG00000262209,PCDHGB3,0.0409817802250169,-0.318050185394902
ENSG00000104381,GDAP1,0.0540630063117459,-0.0357259309198004
ENSG00000165494,PCF11,0.0524799406427595,0.0045014267852914
ENSG00000228526,MIR34AHG,0.0681519726917205,0.691066384358051
ENSG00000140307,GTF2A2,0.0531349045296124,-0.17304433705951
ENSG00000168874,ATOH8,0.0435157870490382,0.341573076367752
ENSG00000120805,ARL1,0.0468384458928938,-0.0012813315318901
ENSG00000124571,XPO5,0.052779613899368,-0.098224635233771
ENSG00000100325,ASCC2,0.0534863914827072,-0.062123038023448
ENSG00000138629,UBL7,0.0462757578077743,-0.081777546648982
ENSG00000164305,CASP3,0.0539796766129858,-0.172896754255557
ENSG00000255717,SNHG1,0.0523828045896962,0.0266348457280467
ENSG00000069667,RORA,0.0617830985489137,0.37665738271373
ENSG00000148200,NR6A1,0.0549241632875472,0.401584454626006
ENSG00000183386,FHL3,0.0569916028460542,0.229723592639206
ENSG00000233892,PAIP1P1,0.0640169386351394,0.342975568875005
ENSG00000132432,SEC61G,0.0533054262777131,-0.252479308226874
ENSG00000164520,RAET1E,0.0440910794602126,0.197845121351409
ENSG00000155729,KCTD18,0.0452192489427014,0.343337192974072
ENSG00000100296,THOC5,0.0528799020626989,0.0802486879780823
ENSG00000182307,C8orf33,0.0467488223264852,-0.178706409959917
ENSG00000104361,NIPAL2,0.05416445445418,0.0014066486409238
ENSG00000138744,NAAA,0.0551096909318008,-0.132287903859109
ENSG00000171943,SRGAP2C,0.0532158768131091,-0.0402390903153078
ENSG00000073578,SDHA,0.0477835960637203,0.0806993726990357
ENSG00000155252,PI4K2A,0.0471926308552031,0.0875407123253618
ENSG00000127337,YEATS4,0.0552188101127699,-0.172796138995956
ENSG00000164715,LMTK2,0.0522394074363014,0.0780918238228941
ENSG00000083799,CYLD,0.0531274947866892,0.175064716233634
ENSG00000119979,DENND10,0.0462873545262496,0.0700329226137278
ENSG00000178127,NDUFV2,0.0528177485583061,0.0866572331307187
ENSG00000143194,MAEL,0.0548404305327542,-0.577272170467171
ENSG00000091947,TMEM101,0.0465768623188071,-0.0310608287411353
ENSG00000196453,ZNF777,0.053584074712924,0.0213195230646479
ENSG00000100599,RIN3,0.0474586897788806,0.133788984778908
ENSG00000214293,APTR,0.0567523025399312,-0.126474798449876
ENSG00000220842,RPL21P16,0.0535160708071902,-0.13465534533393
ENSG00000251381,LINC00958,0.0412396769224951,-0.086962689460592
ENSG00000130349,MTRES1,0.0430448108573075,0.0443712855981626
ENSG00000235145,RPSAP16,0.0368654143431703,0.133842354035293
ENSG00000171208,NETO2,0.0524478248802075,-0.19893047437415
ENSG00000124459,ZNF45,0.0465416869396814,0.120296915290164
ENSG00000133884,DPF2,0.0477728713212047,-0.0162985351785798
ENSG00000176945,MUC20,0.0419536814165639,0.625794190801903
ENSG00000196632,WNK3,0.0582850707612172,-0.402070931229178
ENSG00000177432,NAP1L5,0.040472251213084,0.0300289855920439
ENSG00000064270,ATP2C2,0.0584748569997371,0.255588483343161
ENSG00000173674,EIF1AX,0.0471013436097745,-0.109855524068756
ENSG00000128739,SNRPN,0.0525175078495418,0.118191891382495
ENSG00000124659,TBCC,0.0452857936843183,-0.112157306744609
ENSG00000137393,RNF144B,0.0564284584840073,0.159562857723673
ENSG00000167112,TRUB2,0.0531668005187091,0.009813832403289
ENSG00000105229,PIAS4,0.0467550407942687,-0.088485399385547
ENSG00000112343,TRIM38,0.0521227868105709,0.092787319507495
ENSG00000249867,LINC02742,0.0592492314955369,0.312845946677871
ENSG00000135953,MFSD9,0.0461865788280603,0.208331834893737
ENSG00000120008,WDR11,0.0478280044493409,0.1666172724213
ENSG00000124171,PARD6B,0.0531038461190081,-0.054867126993916
ENSG00000100852,ARHGAP5,0.0481735615000584,0.0537618801949395
ENSG00000115685,PPP1R7,0.0465365275009633,-0.070705813770815
ENSG00000109103,UNC119,0.0451276866636669,-0.083864742655687
ENSG00000174705,SH3PXD2B,0.0480608049399506,0.0346469236587002
ENSG00000172345,STARD5,0.0560125503558573,-0.087895094585338
ENSG00000163531,NFASC,0.039897932277329,-0.0055114710847625
ENSG00000170684,ZNF296,0.0445407721667286,-0.118934883771357
ENSG00000254531,FLJ20021,0.0591231158716944,0.0420415781706846
ENSG00000160087,UBE2J2,0.0527380956331067,0.0372805145894544
ENSG00000183317,EPHA10,0.0579372036640561,-0.113271164348477
ENSG00000122550,KLHL7,0.0464868802031296,0.0731950212176606
ENSG00000052850,ALX4,0.0539283549918157,0.153539420782531
ENSG00000241468,ATP5MF,0.0531442642229809,-0.134001534099716
ENSG00000131002,TXLNGY,0.0526568718591041,0.173240968823922
ENSG00000139174,PRICKLE1,0.0435443764687098,0.359820693511008
ENSG00000167720,SRR,0.0451670547080771,0.0978296776235604
ENSG00000168116,KIAA1586,0.0453344482569746,0.0100384895860716
ENSG00000154319,FAM167A,0.0529745975769682,0.152177610917126
ENSG00000136869,TLR4,0.0437735883554055,0.204277368364673
ENSG00000131507,NDFIP1,0.0476257786505026,-0.068825016588973
ENSG00000163626,COX18,0.0545434096173484,0.121991435132547
ENSG00000136143,SUCLA2,0.0469774234714657,0.306335402263789
ENSG00000134287,ARF3,0.0515290385805067,0.0149508275538536
ENSG00000196466,ZNF799,0.0570633024999727,-0.210825479227423
ENSG00000158023,CFAP251,0.0545432253495619,0.135264419926646
ENSG00000206149,HERC2P9,0.0521849314807574,0.253058032506141
ENSG00000135829,DHX9,0.0516444967798188,-0.1523232897598
ENSG00000162928,PEX13,0.0524967849100956,0.194046995619332
ENSG00000166086,JAM3,0.0427056028921421,-0.127054704360896
ENSG00000058799,YIPF1,0.0467471412542754,-0.0234703295360811
ENSG00000111647,UHRF1BP1L,0.0472145449905304,0.150300618151957
ENSG00000177082,WDR73,0.0474019862791919,0.0596692984541219
ENSG00000198648,STK39,0.0527427801519822,-0.0337616999073894
ENSG00000184205,TSPYL2,0.0535771648088837,-0.150565804011519
ENSG00000247796,MOCS2-DT,0.0558743764293612,-0.441323343568939
ENSG00000152076,CCDC74B,0.0376578633638501,-0.370422244324714
ENSG00000257167,TMPO-AS1,0.0455224292223252,-0.403000855127042
ENSG00000120915,EPHX2,0.0538686895218948,0.071760652939203
ENSG00000136940,PDCL,0.0465178617570319,-0.059050958086631
ENSG00000141380,SS18,0.0481446685012632,-0.124102924747681
ENSG00000150756,ATPSCKMT,0.0460248867526475,0.0233744918214938
ENSG00000142273,CBLC,0.0414366685047366,-0.102615268494699
ENSG00000196678,ERI2,0.0469760619086002,0.0752355445310568
ENSG00000138138,ATAD1,0.0480341566093662,0.0817183090021751
ENSG00000132953,XPO4,0.05187004149081,0.0208974380215769
ENSG00000113391,FAM172A,0.0461118940907309,0.0709345953114848
ENSG00000148814,LRRC27,0.0557876907501061,0.330939775012683
ENSG00000117114,ADGRL2,0.0479372971812673,0.185412485568219
ENSG00000063322,MED29,0.0515333449521054,-0.094935950965895
ENSG00000110492,MDK,0.0473937187009679,-0.176699209514158
ENSG00000103496,STX4,0.0523635413672901,0.22554465747109
ENSG00000204427,ABHD16A,0.0470199014863945,-0.095019039973656
ENSG00000225855,RUSC1-AS1,0.0264553431365896,0.996459944996917
ENSG00000005700,IBTK,0.0517287767411826,0.165369875390064
ENSG00000166341,DCHS1,0.0590878113681846,0.276485083817624
ENSG00000189266,PNRC2,0.051679530485007,-0.0404991964333425
ENSG00000226318,RPS3AP38,0.0436313833395759,0.381233281638967
ENSG00000088205,DDX18,0.0516403053053102,-0.078042237318639
ENSG00000092931,MFSD11,0.0523376818869026,0.23360398858254
ENSG00000167641,PPP1R14A,0.046851066887223,-0.392003350160318
ENSG00000133597,ADCK2,0.0531772418671188,-0.0220482334441985
ENSG00000140057,AK7,0.0555827011550073,0.282994239942904
ENSG00000178980,SELENOW,0.048256514029821,-0.171629064710572
ENSG00000090376,IRAK3,0.0557102537418166,-0.222830213904086
ENSG00000250303,LINC02762,0.0440461451993975,0.209930635224989
ENSG00000255561,FDXACB1,0.0426902718766957,-0.083527349223326
ENSG00000182552,RWDD4,0.0530736943286659,0.0391798282097439
ENSG00000175756,AURKAIP1,0.0523644560869706,-0.159703937824999
ENSG00000256223,ZNF10,0.0557151995109015,0.0598421385010401
ENSG00000244754,N4BP2L2,0.0514785120640737,0.33621983315317
ENSG00000234857,HNRNPUL2-BSCL2,-0.0324120035873896,0.94490575729776
ENSG00000136327,NKX2-8,0.0430026214937857,0.0051344170693262
ENSG00000213639,PPP1CB,0.0486477253423339,0.100818100072063
ENSG00000122033,MTIF3,0.0531002519977495,-0.066928732003454
ENSG00000144867,SRPRB,0.0481689175666521,-0.090530568578169
ENSG00000163993,S100P,0.047405011880287,0.666119010718679
ENSG00000164683,HEY1,0.0430105071309766,-0.246164614929051
ENSG00000228929,RPS13P2,0.0577383722020446,-0.0060923244143037
ENSG00000085871,MGST2,0.0521044876618654,-0.201961413639256
ENSG00000203880,PCMTD2,0.0522682649269045,0.308053989175364
ENSG00000126945,HNRNPH2,0.0485466214157776,0.00314631960504221
ENSG00000286724,LOC101928415,0.0568279850756106,0.394087703578379
ENSG00000065029,ZNF76,0.0476043993174019,0.0633215572269799
ENSG00000164758,MED30,0.0553308548488141,0.0521622354644458
ENSG00000107938,EDRF1,0.0484022156139321,0.0757201056848464
ENSG00000243207,PPAN-P2RY11,0.11595754813553,0.115950729151038
ENSG00000068489,PRR11,0.0481830821192497,-0.526912435831324
ENSG00000183340,JRKL,0.0531693566954715,0.0584076444720095
ENSG00000062650,WAPL,0.0513937699674662,0.0369091180915895
ENSG00000171224,FAM241B,0.0531099701811372,-0.119691367865
ENSG00000270049,ATP6V0D1-DT,0.0450120084743945,0.045867153864447
ENSG00000132155,RAF1,0.0511459520368666,0.0652867524648432
ENSG00000128272,ATF4,0.0489498357348276,0.126238967456536
ENSG00000111554,MDM1,0.0472439265058706,-0.070380887398128
ENSG00000137171,KLC4,0.0525738702838339,0.385112038200738
ENSG00000083544,TDRD3,0.0525029449278894,-0.071569138311004
ENSG00000165672,PRDX3,0.0514750361201121,0.0136648427205309
ENSG00000272916,NDST2,0.0551379349758407,0.066536197897573
ENSG00000062282,DGAT2,0.0453232465899686,0.21835553841294
ENSG00000254505,CHMP4A,0.052378584183304,0.0791952059741658
ENSG00000005812,FBXL3,0.0520925420587477,0.0762975659620892
ENSG00000068366,ACSL4,0.0487183537515137,0.449194299071956
ENSG00000107341,UBE2R2,0.0488443740116898,0.036550544869256
ENSG00000266402,SNHG25,0.0543409899429146,0.00692810603567
ENSG00000215908,CROCCP2,0.0481605376761322,0.122181199406827
ENSG00000146833,TRIM4,0.0515542720033348,0.0053680377453966
ENSG00000138449,SLC40A1,0.0519569590601262,-0.063393487022242
ENSG00000130203,APOE,0.0542336839505147,0.358268835760104
ENSG00000135720,DYNC1LI2,0.0490683296609389,0.0439194534701887
ENSG00000100246,DNAL4,0.0473856975840968,0.18111578300242
ENSG00000128595,CALU,0.0491511826081993,-0.090088745614306
ENSG00000187626,ZKSCAN4,0.0471926946740513,0.0801509010427367
ENSG00000177311,ZBTB38,0.0507619106018307,0.309018584472508
ENSG00000102218,RP2,0.0482764708585223,0.251062174950049
ENSG00000160460,SPTBN4,0.0454338126788509,0.219832297304103
ENSG00000237523,LINC00857,0.052355074255194,0.0175238458155386
ENSG00000171634,BPTF,0.0510096033716974,0.123536945442882
ENSG00000231889,TRAF3IP2-AS1,0.0539097303865311,-0.068839128811762
ENSG00000159588,CCDC17,0.0454115642811692,0.744395402992152
ENSG00000173660,UQCRH,0.0514312251360848,-0.00560097481603149
ENSG00000185049,NELFA,0.0515477633256107,-0.097802069004948
ENSG00000128274,A4GALT,0.0484363694419609,0.210315756960375
ENSG00000006015,REX1BD,0.0519204245888288,0.0922295409693778
ENSG00000152348,ATG10,0.0477309168793618,0.160418758113836
ENSG00000141448,GATA6,0.0474868403773433,0.180254835682399
ENSG00000158006,PAFAH2,0.0483233810607628,0.0117999732655251
ENSG00000196549,MME,0.0532429537460988,-0.601911488936592
ENSG00000186625,KATNA1,0.0476154343690928,-0.100208467173892
ENSG00000213023,SYT3,0.0445066247892097,0.600013095829009
ENSG00000083807,SLC27A5,0.0523420927289771,0.214042949096321
ENSG00000284753,EEF1AKMT4,0.0522023971581486,-0.057350912479899
ENSG00000116473,RAP1A,0.0481831242534896,0.0798439021528347
ENSG00000167384,ZNF180,0.0516384973559209,0.0526253739040507
ENSG00000133488,SEC14L4,0.0478719393977795,0.268219172076584
ENSG00000137876,RSL24D1,0.048898448082746,0.057016536005634
ENSG00000132819,RBM38,0.0516321914656852,-0.18023752984158
ENSG00000076864,RAP1GAP,0.0515759530188738,-0.183478196667729
ENSG00000147684,NDUFB9,0.0490152758587713,-0.074602863772368
ENSG00000196993,NPIPB9,NA,NA
ENSG00000257433,RPAP3-DT,0.0459831695446509,-0.00338854733283209
ENSG00000066735,KIF26A,0.0528707656172097,-0.524025790740051
ENSG00000136628,EPRS1,0.0509744178624397,0.0747685895815279
ENSG00000112425,EPM2A,0.0471610547735406,0.316514821071286
ENSG00000175602,CCDC85B,0.0479949588300438,-0.157970203486659
ENSG00000182612,TSPAN10,0.0469730989426044,0.301218779679957
ENSG00000154451,GBP5,0.051766393151434,-0.142068090036929
ENSG00000257594,GALNT4,0.0575501627336449,-0.0059945119233124
ENSG00000153130,SCOC,0.0486340489721849,0.038630562122385
ENSG00000160229,ZNF66,0.0531690570995974,-0.607153358380661
ENSG00000186416,NKRF,0.0510200686048131,-0.108474301059772
ENSG00000109775,UFSP2,0.0483351228941659,0.049243036867061
ENSG00000138696,BMPR1B,0.0509365710034973,0.109051642941143
ENSG00000273513,TBC1D3K,NA,NA
ENSG00000188732,FAM221A,0.046047878545102,-0.325385146500167
ENSG00000228544,CCDC183-AS1,0.0529381101861367,0.455592199630175
ENSG00000120533,ENY2,0.0509809833182079,0.0563942783469911
ENSG00000119777,TMEM214,0.0493320352762761,-0.0164560858946562
ENSG00000136997,MYC,0.0505979185420529,0.0201187891604191
ENSG00000274419,TBC1D3D,0.0514439940040494,0.203695332699526
ENSG00000139910,NOVA1,0.0488344442939744,0.156925565190151
ENSG00000100036,SLC35E4,0.052164371802322,-0.060316331797157
ENSG00000243317,STMP1,0.0508314281083192,-0.075595277867379
ENSG00000125812,GZF1,0.0491814323403901,0.113034744748762
ENSG00000167862,MRPL58,0.0508992120949182,-0.053389572906159
ENSG00000164087,POC1A,0.0510800894553595,-0.292065713574341
ENSG00000113583,C5orf15,0.0492304758180713,-0.0230056196985412
ENSG00000180104,EXOC3,0.0493062985569982,0.162798984910187
ENSG00000134086,VHL,0.0493559679222312,0.0472920650080492
ENSG00000241764,CBLL1-AS1,0.0532875999171425,-0.412028507673144
ENSG00000259431,THTPA,0.0489257623006272,-0.0343869599477446
ENSG00000147003,CLTRN,0.0474657606903851,-0.0474903896059613
ENSG00000143498,TAF1A,0.048759562966445,0.0889357078280376
ENSG00000251595,ABCA11P,0.0483199098147273,-0.093920445449622
ENSG00000163602,RYBP,0.0507362711849396,0.218422505918698
ENSG00000222009,BTBD19,0.0452748942209714,0.528771959434719
ENSG00000127054,INTS11,0.0494146484201868,0.194266462245969
ENSG00000137944,KYAT3,0.048965537328372,0.127067161934328
ENSG00000095383,TBC1D2,0.0491349323999041,0.367936334316277
ENSG00000088448,ANKRD10,0.0493288294791933,0.0765158249942418
ENSG00000088876,ZNF343,0.0492229142603704,-0.201138353521326
ENSG00000254612,DNAJB6P1,0.04785579933481,-0.196964503774307
ENSG00000104998,IL27RA,0.0485757172838095,-0.065335707400829
ENSG00000134186,PRPF38B,0.0493648977577173,-0.0137896643325099
ENSG00000232995,RGS5,0.0517211599326755,-0.109567066060729
ENSG00000154188,ANGPT1,0.051789723902694,0.516607301563973
ENSG00000130821,SLC6A8,0.0489472291569156,0.0098726520043102
ENSG00000138071,ACTR2,0.0503865640450848,0.0689291679566545
ENSG00000242299,RPS18P5,0.0513648686455442,-0.0499352721226306
ENSG00000152193,OBI1,0.050649126915173,-0.236430598280313
ENSG00000166949,SMAD3,0.0503430426485991,0.148969945741975
ENSG00000136925,TSTD2,0.0505186927176054,0.096427317723404
ENSG00000204520,MICA,0.0505630386860135,-0.322852534905801
ENSG00000123130,ACOT9,0.0504438297026122,0.124971346292671
ENSG00000165521,EML5,0.0510479416340181,0.270402406441232
ENSG00000172493,AFF1,0.0503234604158242,0.15868586875067
ENSG00000145882,PCYOX1L,0.051203415642934,0.156795016460151
ENSG00000164494,PDSS2,0.0491733847068349,0.0543448530672209
ENSG00000174567,GOLT1A,0.0485594454004136,0.882729327386695
ENSG00000261360,OTULIN-DT,0.0522029688420936,-0.153425682818743
ENSG00000023734,STRAP,0.0504239405357285,-0.089676300737385
ENSG00000126214,KLC1,0.0496925921828776,0.024627382529255
ENSG00000198824,CHAMP1,0.0495941694890608,-0.068636092898414
ENSG00000156299,TIAM1,0.050954035657784,-0.541228007237341
ENSG00000167264,DUS2,0.0505055411999323,0.020432511547723
ENSG00000154174,TOMM70,0.04969726706975,-0.18454446822648
ENSG00000051620,HEBP2,0.0503775927725934,0.0969229486763176
ENSG00000154548,SRSF12,0.0484334970207369,-0.083418757133688
ENSG00000060762,MPC1,0.0510488897192319,-0.064468203871263
ENSG00000010539,ZNF200,0.0505139192413739,0.0100940747730868
ENSG00000231500,RPS18,0.0497078238434094,-0.205488571079193
ENSG00000069849,ATP1B3,0.0497203603568567,0.0099722931919664
ENSG00000060749,QSER1,0.0497904617897479,-0.082312186713502
ENSG00000123737,EXOSC9,0.0503679112461585,-0.319420716107472
ENSG00000257671,KRT7-AS,0.0385573665815023,-0.647103806946356
ENSG00000151500,THYN1,0.0493646616953064,0.0798506578564025
ENSG00000181929,PRKAG1,0.0496655866545737,0.0580498423771489
ENSG00000230071,RPL4P6,0.0508891437272356,0.403538878308826
ENSG00000124193,SRSF6,0.0502226090585173,0.290092501007288
ENSG00000131094,C1QL1,0.0494234731149505,-0.239466532876049
ENSG00000105357,MYH14,0.0496512867831289,0.150156777868187
ENSG00000117523,PRRC2C,0.0502129208509529,0.0407258639187838
ENSG00000266145,RHOT1P1,0.0491113042536597,0.668473336380305
ENSG00000284948,LOC254896,0.0492771073447937,-0.086077150941481
ENSG00000136935,GOLGA1,0.05026166485371,0.104209153466025
ENSG00000177463,NR2C2,0.0501726842248275,0.0680201112671573
ENSG00000160445,ZER1,0.0497863274581832,0.183655722649387
ENSG00000221823,PPP3R1,0.050200308151633,0.0105686220223205
ENSG00000213145,CRIP1,0.0501504962222118,-0.303412352126433
ENSG00000232677,LINC00665,0.0497171733329763,-0.245555774886807
ENSG00000109390,NDUFC1,0.0496975247474946,-0.0186894753848027
ENSG00000176293,ZNF135,0.0494260997580181,-0.738712394236644
ENSG00000127720,METTL25,0.0503153671531077,0.141077896362111
ENSG00000064225,ST3GAL6,0.0504329807589015,-0.100527965721119
ENSG00000134014,ELP3,0.0499104951840546,0.118445610250829
ENSG00000176928,GCNT4,0.0497521244245145,0.159258818050275
ENSG00000080819,CPOX,0.0498866504933146,-0.131550105039478
ENSG00000141428,C18orf21,0.0501933355579633,0.119353149391259
ENSG00000114670,NEK11,0.0501892378089674,0.0911571004091562
ENSG00000107902,LHPP,0.0499128689561668,0.58281415123688
ENSG00000187726,DNAJB13,0.0499257976927916,0.158906230708708
ENSG00000229644,NAMPTP1,0.0499844936499979,0.0243133431046677
ENSG00000108582,CPD,0.0500098693642629,0.162318262010236
ENSG00000168061,SAC3D1,0.0500205881522973,-0.246010192089369
ENSG00000124198,ARFGEF2,0.0499916342604592,0.147838414141373
ENSG00000160685,ZBTB7B,0.0500021595667555,0.0446629889584342
